Project ID,Project Name,Owner,City/State,Unit,Tenant,Tenant SF,Tenant Category,Original Category,Main Mix Group,Size Bucket,Is Grocery,Is Available,Is Anchor by SF,Explicit Anchor,0-10K Store,Manual Check Notes,TJ Address,PDF File,PDF Path,Site Plan Image Path,Canonical Tenant,Original Tenant Category,Exclude From Category Summary
117210,Memorial Plaza,Kimco,,2,Micro Center,41724.0,Hard Goods / Specialty Retail,,Other,10k+,FALSE,FALSE,TRUE,,,,,117210-memorial-plaza-marketing-package.pdf,,,Micro Center,Other,False
117210,Memorial Plaza,Kimco,,3,Massage Envy,3391.0,Beauty / Personal Care,,Service,3k-10k,FALSE,FALSE,FALSE,,,,,117210-memorial-plaza-marketing-package.pdf,,,Massage Envy,Personal Service,False
125240,Highland Lakes Plaza,Kimco,,1,Perspire Sauna Studio,1750.0,Fitness / Recreation,,Other,0-3k,FALSE,FALSE,FALSE,,,,,125240-highland-lakes-plaza-marketing-package.pdf,,,Perspire Sauna Studio,Other,False
125240,Highland Lakes Plaza,Kimco,,2,IVX Health,2000.0,Medical / Health,,Service,0-3k,FALSE,FALSE,FALSE,,,,,125240-highland-lakes-plaza-marketing-package.pdf,,,IVX Health,Medical,False
125240,Highland Lakes Plaza,Kimco,,3,Code Ninjas,1250.0,General / Specialty Retail,,Other,0-3k,FALSE,FALSE,FALSE,,,,,125240-highland-lakes-plaza-marketing-package.pdf,,,Code Ninjas,Other,False
125240,Highland Lakes Plaza,Kimco,,4,Anna's Massage Therapy,1895.0,Beauty / Personal Care,,Service,0-3k,FALSE,FALSE,FALSE,,,,,125240-highland-lakes-plaza-marketing-package.pdf,,,Anna's Massage Therapy,Medical,False
125240,Highland Lakes Plaza,Kimco,,5,Orangetheory Fitness,3105.0,Fitness / Recreation,,Service,3k-10k,FALSE,FALSE,FALSE,,,,,125240-highland-lakes-plaza-marketing-package.pdf,,,Orangetheory Fitness,Fitness,False
125240,Highland Lakes Plaza,Kimco,,8,J.Crew Factory,6300.0,Apparel / Soft Goods,,Other,3k-10k,FALSE,FALSE,FALSE,,,,,125240-highland-lakes-plaza-marketing-package.pdf,,,J.Crew Factory,Other,False
125240,Highland Lakes Plaza,Kimco,,10,Michaels,18780.0,Hard Goods / Specialty Retail,,Hard Goods,10k+,FALSE,FALSE,TRUE,,,,,125240-highland-lakes-plaza-marketing-package.pdf,,,Michaels,Crafts,False
125240,Highland Lakes Plaza,Kimco,,11,Famous Footwear,4750.0,Apparel / Soft Goods,,Soft Goods,3k-10k,FALSE,FALSE,FALSE,,,,,125240-highland-lakes-plaza-marketing-package.pdf,,,Famous Footwear,Footwear,False
125240,Highland Lakes Plaza,Kimco,,14,Costa Vida,1960.0,Food & Beverage,,Other,0-3k,FALSE,FALSE,FALSE,,,,,125240-highland-lakes-plaza-marketing-package.pdf,,,Costa Vida,Other,False
125240,Highland Lakes Plaza,Kimco,,16,Barnes & Noble,21943.0,Books / Media,,Hard Goods,10k+,FALSE,FALSE,TRUE,,,,,125240-highland-lakes-plaza-marketing-package.pdf,,,Barnes & Noble,Books & Media,False
116710,Brennan Station,Kimco,,2,Five Guys Burgers and Fries,2481.0,Food & Beverage,,Food,0-3k,FALSE,FALSE,FALSE,,,,,116710-brennan-station-marketing-package.pdf,,,Five Guys Burgers and Fries,Restaurant,False
116710,Brennan Station,Kimco,,3,Moe's Southwest Grill,3355.0,Food & Beverage,,Food,3k-10k,FALSE,FALSE,FALSE,,,,,116710-brennan-station-marketing-package.pdf,,,Moe's Southwest Grill,Restaurant,False
116710,Brennan Station,Kimco,,5,Jersey Mike's Subs,1700.0,Food & Beverage,,Food,0-3k,FALSE,FALSE,FALSE,,,,,116710-brennan-station-marketing-package.pdf,,,Jersey Mike's Subs,Restaurant,False
116710,Brennan Station,Kimco,,6,Hummus Republic,2120.0,Food & Beverage,,Other,0-3k,FALSE,FALSE,FALSE,,,,,116710-brennan-station-marketing-package.pdf,,,Hummus Republic,Other,False
116710,Brennan Station,Kimco,,7,Margaux's Restaurant,6204.0,Food & Beverage,,Food,3k-10k,FALSE,FALSE,FALSE,,,,,116710-brennan-station-marketing-package.pdf,,,Margaux's Restaurant,Restaurant,False
116710,Brennan Station,Kimco,,8,Huntington Learning Center,2462.0,Medical / Health,,Service,0-3k,FALSE,FALSE,FALSE,,,,,116710-brennan-station-marketing-package.pdf,,,Huntington Learning Center,Education,False
116710,Brennan Station,Kimco,,9,SunTan City,2600.0,Beauty / Personal Care,,Other,0-3k,FALSE,FALSE,FALSE,,,,,116710-brennan-station-marketing-package.pdf,,,SunTan City,Other,False
116710,Brennan Station,Kimco,,10,Bodybar Pilates,3019.0,Fitness / Recreation,,Service,3k-10k,FALSE,FALSE,FALSE,,,,,116710-brennan-station-marketing-package.pdf,,,Bodybar Pilates,Fitness,False
116710,Brennan Station,Kimco,,11,Conte's Bike Shop,7050.0,Hard Goods / Specialty Retail,,Other,3k-10k,FALSE,FALSE,FALSE,,,,,116710-brennan-station-marketing-package.pdf,,,Conte's Bike Shop,Other,False
116710,Brennan Station,Kimco,,12,Lux Nails & Spa,1782.0,Beauty / Personal Care,,Soft Goods,0-3k,FALSE,FALSE,FALSE,,,,,116710-brennan-station-marketing-package.pdf,,,Lux Nails & Spa,Beauty,False
116710,Brennan Station,Kimco,,13,Office Depot,22391.0,Service / Bank / Telecom,,Hard Goods,10k+,FALSE,FALSE,TRUE,,,,,116710-brennan-station-marketing-package.pdf,,,Office Depot,Office Supply,False
116710,Brennan Station,Kimco,,14,Dollar Tree,10500.0,Discount Retail,,Hard Goods,10k+,FALSE,FALSE,TRUE,,,,,116710-brennan-station-marketing-package.pdf,,,Dollar Tree,Discount Retail,False
116710,Brennan Station,Kimco,,15,Woof Gang Bakery & Grooming,1300.0,Food & Beverage,,Food,0-3k,FALSE,FALSE,FALSE,,,,,116710-brennan-station-marketing-package.pdf,,,Woof Gang Bakery & Grooming,Coffee / Dessert,False
116710,Brennan Station,Kimco,,18,Nancy's Pizza,4260.0,Food & Beverage,,Food,3k-10k,FALSE,FALSE,FALSE,,,,,116710-brennan-station-marketing-package.pdf,,,Nancy's Pizza,Restaurant,False
116710,Brennan Station,Kimco,,19,Town and Country Hardware,12000.0,Hard Goods / Specialty Retail,,Hard Goods,10k+,FALSE,FALSE,TRUE,,,,,116710-brennan-station-marketing-package.pdf,,,Town and Country Hardware,Hardware,False
116710,Brennan Station,Kimco,,20,Relax Foot Massage,2000.0,Beauty / Personal Care,,Service,0-3k,FALSE,FALSE,FALSE,,,,,116710-brennan-station-marketing-package.pdf,,,Relax Foot Massage,Personal Service,False
116710,Brennan Station,Kimco,,21,Sola Salon Studios,4890.0,Beauty / Personal Care,,Soft Goods,3k-10k,FALSE,FALSE,FALSE,,,,,116710-brennan-station-marketing-package.pdf,,,Sola Salon Studios,Beauty,False
116710,Brennan Station,Kimco,,22,Melt Well Sauna and [...],1408.0,Fitness / Recreation,,Other,0-3k,FALSE,FALSE,FALSE,,,,,116710-brennan-station-marketing-package.pdf,,,Melt Well Sauna and [...],Other,False
116710,Brennan Station,Kimco,,23,Kazu Hibachi,1350.0,Food & Beverage,,Other,0-3k,FALSE,FALSE,FALSE,,,,,116710-brennan-station-marketing-package.pdf,,,Kazu Hibachi,Other,False
116710,Brennan Station,Kimco,,24,Beow's Books and Brews Café,2650.0,Books / Media,,Hard Goods,0-3k,FALSE,FALSE,FALSE,,,,,116710-brennan-station-marketing-package.pdf,,,Beow's Books and Brews Café,Books & Media,False
116710,Brennan Station,Kimco,,25,Expedia Travel,1300.0,Service / Bank / Telecom,,Other,0-3k,FALSE,FALSE,FALSE,,,,,116710-brennan-station-marketing-package.pdf,,,Expedia Travel,Other,False
116710,Brennan Station,Kimco,,26,Tropical Smoothie Cafe,1625.0,Food & Beverage,,Food,0-3k,FALSE,FALSE,FALSE,,,,,116710-brennan-station-marketing-package.pdf,,,Tropical Smoothie Cafe,Restaurant,False
116710,Brennan Station,Kimco,,27,Options Medical Weight Loss,1550.0,Medical / Health,,Service,0-3k,FALSE,FALSE,FALSE,,,,,116710-brennan-station-marketing-package.pdf,,,Options Medical Weight Loss,Medical,False
116710,Brennan Station,Kimco,,28,El Dorado Mexican Restaurant,3478.0,Food & Beverage,,Food,3k-10k,FALSE,FALSE,FALSE,,,,,116710-brennan-station-marketing-package.pdf,,,El Dorado Mexican Restaurant,Restaurant,False
116710,Brennan Station,Kimco,,29,Topsail Steamer,1300.0,Food & Beverage,,Food,0-3k,FALSE,FALSE,FALSE,,,,,116710-brennan-station-marketing-package.pdf,,,Topsail Steamer,Coffee / Dessert,False
116710,Brennan Station,Kimco,,30,Brigs Great Beginninings,2926.0,General / Specialty Retail,,Other,0-3k,FALSE,FALSE,FALSE,,,,,116710-brennan-station-marketing-package.pdf,,,Brigs Great Beginninings,Other,False
116710,Brennan Station,Kimco,,31,Dunkin' Donuts,1560.0,Food & Beverage,,Food,0-3k,FALSE,FALSE,FALSE,,,,,116710-brennan-station-marketing-package.pdf,,,Dunkin' Donuts,Coffee / Dessert,False
116710,Brennan Station,Kimco,,32,Jiffy Lube,2652.0,Auto Service,,Service,0-3k,FALSE,FALSE,FALSE,,,,,116710-brennan-station-marketing-package.pdf,,,Jiffy Lube,Auto Service,False
BRX040,Village Square Shopping Center,Brixmor,,7,Everythings Hair Limited,900.0,Beauty / Personal Care,,Soft Goods,0-3k,FALSE,FALSE,FALSE,,,,,Village Square Shopping Center - Property Brochure.pdf,,,Everythings Hair Limited,Beauty,False
BRX040,Village Square Shopping Center,Brixmor,,8,Nail House,862.0,Beauty / Personal Care,,Soft Goods,0-3k,FALSE,FALSE,FALSE,,,,,Village Square Shopping Center - Property Brochure.pdf,,,Nail House,Beauty,False
BRX040,Village Square Shopping Center,Brixmor,,10,Espresso Cafeto,872.0,Food & Beverage,,Food,0-3k,FALSE,FALSE,FALSE,,,,,Village Square Shopping Center - Property Brochure.pdf,,,Espresso Cafeto,Restaurant,False
TJ_BURLINGTON,Petco / Trader Joe’s center,Unknow,"Burlington, MA",1,Bob Discount Furniture,46605.0,Furniture / Home,Furnishings,Hard Goods,10k+,FALSE,FALSE,TRUE,0,0,Furnishings,51 Middlesex Turnpike,,,,Bob Discount Furniture,Home Furnishing,False
TJ_BURLINGTON,Petco / Trader Joe’s center,Unknow,"Burlington, MA",2,Petco,12034.0,Pet,Pet Stores + Supplies,Hard Goods,10k+,FALSE,FALSE,TRUE,0,0,Pet Stores + Supplies,51 Middlesex Turnpike,,,,Petco,Pet Supply,False
TJ_ACTON,Brookside Shops,Crosspoint Associates,"Acton, MA",2,Talbots,,Apparel / Soft Goods,Apparel,Soft Goods,,FALSE,FALSE,FALSE,0,0,,"145 Great Road, Acton, MA 01720",,,site_plan_images/TJ_Acton.png,Talbots,Apparel,False
TJ_ACTON,Brookside Shops,Crosspoint Associates,"Acton, MA",3,Staples,,Service / Bank / Telecom,Office & Tech,Hard Goods,,FALSE,FALSE,FALSE,0,0,Office & Tech,"145 Great Road, Acton, MA 01720",,,site_plan_images/TJ_Acton.png,Staples,Office Supply,False
TJ_ACTON,Brookside Shops,Crosspoint Associates,"Acton, MA",4,X-Golf,,Fitness / Recreation,Entertainment,Hard Goods,,FALSE,FALSE,FALSE,0,0,Entertainment,"145 Great Road, Acton, MA 01720",,,site_plan_images/TJ_Acton.png,X-Golf,Entertainment Retail,False
TJ_ACTON,Brookside Shops,Crosspoint Associates,"Acton, MA",5,J.Crew Factory,,Apparel / Soft Goods,Apparel,Soft Goods,,FALSE,FALSE,FALSE,0,0,,"145 Great Road, Acton, MA 01720",,,site_plan_images/TJ_Acton.png,J.Crew Factory,Apparel,False
TJ_ACTON,Brookside Shops,Crosspoint Associates,"Acton, MA",6,Wonder,,Food & Beverage,QSR,Food,,FALSE,FALSE,FALSE,0,0,QSR,"145 Great Road, Acton, MA 01720",,,site_plan_images/TJ_Acton.png,Wonder,Restaurant,False
TJ_ACTON,Brookside Shops,Crosspoint Associates,"Acton, MA",7,NY Bagel Factory,,Food & Beverage,QSR,Food,,FALSE,FALSE,FALSE,0,0,QSR,"145 Great Road, Acton, MA 01720",,,site_plan_images/TJ_Acton.png,NY Bagel Factory,Restaurant,False
TJ_NEWTON,Newton Nexus,Crosspoint Associates,"Newton, MA",2,Marshalls,,Apparel / Soft Goods,Soft Goods / Discount Retail,Hard Goods,,FALSE,FALSE,FALSE,0,0,Soft Goods / Discount Retail,"165 Needham St, Newton, MA 02464 US",,,site_plan_images/TJ_Newton.png,Marshalls,Discount Retail,False
TJ_NEWTON,Newton Nexus,Crosspoint Associates,"Newton, MA",3,CVS Pharmacy,,Medical / Health,Pharmacy,Service,,FALSE,FALSE,FALSE,0,0,Pharmacy,"165 Needham St, Newton, MA 02464 US",,,site_plan_images/TJ_Newton.png,CVS Pharmacy,Medical,False
TJ_NEWTON,Newton Nexus,Crosspoint Associates,"Newton, MA",4,Chase Bank,,Service / Bank / Telecom,Financial Services,Service,,FALSE,FALSE,FALSE,0,0,Financial Services,"165 Needham St, Newton, MA 02464 US",,,site_plan_images/TJ_Newton.png,Chase Bank,Financial,False
TJ_NEWTON,Newton Nexus,Crosspoint Associates,"Newton, MA",5,Pure Barre,,Fitness / Recreation,Fitness,Service,,FALSE,FALSE,FALSE,0,0,,"165 Needham St, Newton, MA 02464 US",,,site_plan_images/TJ_Newton.png,Pure Barre,Fitness,False
TJ_NEWTON,Newton Nexus,Crosspoint Associates,"Newton, MA",6,Club Pilates,,Fitness / Recreation,Fitness,Service,,FALSE,FALSE,FALSE,0,0,,"165 Needham St, Newton, MA 02464 US",,,site_plan_images/TJ_Newton.png,Club Pilates,Fitness,False
TJ_NEWTON,Newton Nexus,Crosspoint Associates,"Newton, MA",7,Five Guys,,Food & Beverage,QSR,Food,,FALSE,FALSE,FALSE,0,0,QSR,"165 Needham St, Newton, MA 02464 US",,,site_plan_images/TJ_Newton.png,Five Guys Burgers and Fries,Restaurant,False
TJ_NEWTON,Newton Nexus,Crosspoint Associates,"Newton, MA",8,Sweetgreen,,Food & Beverage,Fast Casual Restaurant,Food,,FALSE,FALSE,FALSE,0,0,Fast Casual Restaurant,"165 Needham St, Newton, MA 02464 US",,,site_plan_images/TJ_Newton.png,Sweetgreen,Restaurant,False
TJ_NEWTON,Newton Nexus,Crosspoint Associates,"Newton, MA",9,Pressed Café,,Food & Beverage,Café,Food,,FALSE,FALSE,FALSE,0,0,Café,"165 Needham St, Newton, MA 02464 US",,,site_plan_images/TJ_Newton.png,Pressed Café,Restaurant,False
TJ_NEWTON,Newton Nexus,Crosspoint Associates,"Newton, MA",10,European Wax Center,,Beauty / Personal Care,Personal Services,Service,,FALSE,FALSE,FALSE,0,0,Personal Services,"165 Needham St, Newton, MA 02464 US",,,site_plan_images/TJ_Newton.png,European Wax Center,Personal Service,False
TJ_NEWTON,Newton Nexus,Crosspoint Associates,"Newton, MA",11,Lux Bond & Green,,Apparel / Soft Goods,Jewelry,Soft Goods,,FALSE,FALSE,FALSE,0,0,Jewelry,"165 Needham St, Newton, MA 02464 US",,,site_plan_images/TJ_Newton.png,Lux Bond & Green,Apparel,False
TJ_NEWTON,Newton Nexus,Crosspoint Associates,"Newton, MA",12,Restore Hyper Wellness,,Service / Bank / Telecom,Wellness,Service,,FALSE,FALSE,FALSE,0,0,Wellness,"165 Needham St, Newton, MA 02464 US",,,site_plan_images/TJ_Newton.png,Restore Hyper Wellness,Personal Service,False
TJ_NEWTON,Newton Nexus,Crosspoint Associates,"Newton, MA",13,AT&T,,Service / Bank / Telecom,Telecommunications,Service,,FALSE,FALSE,FALSE,0,0,Telecommunications,"165 Needham St, Newton, MA 02464 US",,,site_plan_images/TJ_Newton.png,AT&T,Telecom,False
TJ_NEWTON,Newton Nexus,Crosspoint Associates,"Newton, MA",14,Hollywood Nails & Spa,,Beauty / Personal Care,Personal Services,Service,,FALSE,FALSE,FALSE,0,0,Personal Services,"165 Needham St, Newton, MA 02464 US",,,site_plan_images/TJ_Newton.png,Hollywood Nails & Spa,Personal Service,False
TJ_NEWTON,Newton Nexus,Crosspoint Associates,"Newton, MA",15,Newton Centre Chiropractic,,Medical / Health,Medical,Service,,FALSE,FALSE,FALSE,0,0,,"165 Needham St, Newton, MA 02464 US",,,site_plan_images/TJ_Newton.png,Newton Centre Chiropractic,Medical,False
TJ_NEWTON,Newton Nexus,Crosspoint Associates,"Newton, MA",16,Cambridge Savings Bank ATM,,Service / Bank / Telecom,Financial Services,Service,,FALSE,FALSE,FALSE,0,0,Financial Services,"165 Needham St, Newton, MA 02464 US",,,site_plan_images/TJ_Newton.png,Cambridge Savings Bank ATM,Financial,False
TJ_CAMBRIDGE_FRESH_POND,Alewife Brook Parkway Shopping Center,Linear Retail Properties,"Cambridge, MA",2,CVS Pharmacy,,Medical / Health,Pharmacy,Service,,FALSE,FALSE,TRUE,1,0,Pharmacy,"211 Alewife Brook Pkwy, Cambridge, MA 02138",,,site_plan_images/TJ_Cambridge_Fresh_Pond.png,CVS Pharmacy,Medical,False
TJ_CAMBRIDGE_FRESH_POND,Alewife Brook Parkway Shopping Center,Linear Retail Properties,"Cambridge, MA",3,Chipotle,,Food & Beverage,QSR,Food,,FALSE,FALSE,FALSE,0,1,QSR,"211 Alewife Brook Pkwy, Cambridge, MA 02138",,,site_plan_images/TJ_Cambridge_Fresh_Pond.png,Chipotle,Restaurant,False
TJ_CAMBRIDGE_FRESH_POND,Alewife Brook Parkway Shopping Center,Linear Retail Properties,"Cambridge, MA",4,T-Mobile,,Service / Bank / Telecom,Telecommunications,Service,,FALSE,FALSE,FALSE,0,1,Telecommunications,"211 Alewife Brook Pkwy, Cambridge, MA 02138",,,site_plan_images/TJ_Cambridge_Fresh_Pond.png,T-Mobile,Telecom,False
TJ_CAMBRIDGE_FRESH_POND,Alewife Brook Parkway Shopping Center,Linear Retail Properties,"Cambridge, MA",5,Sav-Mor Spirits,,Food & Beverage,Liquor / Beverage Retail,Food,,FALSE,FALSE,FALSE,0,1,Liquor / Beverage Retail,"211 Alewife Brook Pkwy, Cambridge, MA 02138",,,site_plan_images/TJ_Cambridge_Fresh_Pond.png,Sav-Mor Spirits,Wine / Liquor,False
TJ_CAMBRIDGE_FRESH_POND,Alewife Brook Parkway Shopping Center,Linear Retail Properties,"Cambridge, MA",6,Sleepy’s,,Furniture / Home,Furnishings / Mattress,Hard Goods,,FALSE,FALSE,FALSE,0,1,Furnishings / Mattress,"211 Alewife Brook Pkwy, Cambridge, MA 02138",,,site_plan_images/TJ_Cambridge_Fresh_Pond.png,Sleepy's,Home Furnishing,False
TJ_FRAMINGHAM,Staples Plaza,The Hamilton Company,"Framingham, MA",2,Studio Optics,1000.0,Medical / Health,Medical / Optical,Service,0-3k,FALSE,FALSE,FALSE,0,1,Medical / Optical,"659 Worcester Rd, Framingham, MA 01701",,,site_plan_images/TJ_Framingham.png,Studio Optics,Medical,False
TJ_FRAMINGHAM,Staples Plaza,The Hamilton Company,"Framingham, MA",3,99 Restaurant,4419.0,Food & Beverage,Restaurant,Food,3k-10k,FALSE,FALSE,FALSE,0,1,,"659 Worcester Rd, Framingham, MA 01701",,,site_plan_images/TJ_Framingham.png,99 Restaurant,Restaurant,False
TJ_HYANNIS,Christmas Tree Promenade / 655 Iyannough Rd Plaza,CTS FIDUCIARY LLC TR (c/o Turtle Rock LLC),"Hyannis, MA",2,Starbucks,1356.0,Food & Beverage,Café,Food,0-3k,FALSE,FALSE,FALSE,0,1,Café,"655 Iyannough Road Rt 132, Unit 4-A, Hyannis, MA 02601",,,site_plan_images/TJ_Hyannis.png,Starbucks,Restaurant,False
TJ_HYANNIS,Christmas Tree Promenade / 655 Iyannough Rd Plaza,CTS FIDUCIARY LLC TR (c/o Turtle Rock LLC),"Hyannis, MA",3,Cardi’s Furniture,1946.0,Furniture / Home,Furnishings,Hard Goods,0-3k,FALSE,FALSE,TRUE,1,0,Furnishings,"655 Iyannough Road Rt 132, Unit 4-A, Hyannis, MA 02601",,,site_plan_images/TJ_Hyannis.png,Cardi's Furniture,Home Furnishing,False
TJ_HYANNIS,Christmas Tree Promenade / 655 Iyannough Rd Plaza,CTS FIDUCIARY LLC TR (c/o Turtle Rock LLC),"Hyannis, MA",4,Best Buy,38688.0,Hard Goods / Specialty Retail,Electronics,Hard Goods,10k+,FALSE,FALSE,TRUE,1,0,,"655 Iyannough Road Rt 132, Unit 4-A, Hyannis, MA 02601",,,site_plan_images/TJ_Hyannis.png,Best Buy,Electronics,False
TJ_MILFORD,Granite Heights Marketplace,Unknown,"Milford, MA",2,Burlington,28000.0,Apparel / Soft Goods,Discount Retail / Apparel,Hard Goods,10k+,FALSE,FALSE,TRUE,1,0,Discount Retail / Apparel,"230 Fortune Blvd, Milford, MA 01757",,,site_plan_images/TJ_Milford.png,Burlington,Discount Retail,False
TJ_SOMERVILLE,Assembly Square,federalrealty,"Somerville, MA",1,Ashley Furniture HomeStore,20586.0,Furniture / Home,Furnishings,Hard Goods,10k+,FALSE,FALSE,TRUE,1,0,Furnishings,"145 Middlesex Ave, Somerville, MA 02145 US",,,site_plan_images/TJ_Somerville.png,Ashley Furniture HomeStore,Home Furnishing,False
TJ_SOMERVILLE,Assembly Square,federalrealty,"Somerville, MA",2,World Market,18361.0,Furniture / Home,Home Goods / Specialty Retail,Hard Goods,10k+,FALSE,FALSE,TRUE,1,0,Home Goods / Specialty Retail,"145 Middlesex Ave, Somerville, MA 02145 US",,,site_plan_images/TJ_Somerville.png,World Market,Home Furnishing,False
TJ_SOMERVILLE,Assembly Square,federalrealty,"Somerville, MA",3,TJ Maxx,54480.0,Apparel / Soft Goods,Discount Retail / Apparel,Hard Goods,10k+,FALSE,FALSE,TRUE,1,0,Discount Retail / Apparel,"145 Middlesex Ave, Somerville, MA 02145 US",,,site_plan_images/TJ_Somerville.png,TJ Maxx,Discount Retail,False
TJ_SOMERVILLE,Assembly Square,federalrealty,"Somerville, MA",4,Bob's Discount Furniture,38163.0,Furniture / Home,Furnishings,Hard Goods,10k+,FALSE,FALSE,TRUE,1,0,Furnishings,"145 Middlesex Ave, Somerville, MA 02145 US",,,site_plan_images/TJ_Somerville.png,Bob's Discount Furniture,Home Furnishing,False
TJ_SOMERVILLE,Assembly Square,federalrealty,"Somerville, MA",5,Burlington,45706.0,Apparel / Soft Goods,Discount Retail / Apparel,Hard Goods,10k+,FALSE,FALSE,TRUE,1,0,Discount Retail / Apparel,"145 Middlesex Ave, Somerville, MA 02145 US",,,site_plan_images/TJ_Somerville.png,Burlington,Discount Retail,False
TJ_SOMERVILLE,Assembly Square,federalrealty,"Somerville, MA",7,Studio Xfinity,6214.0,Service / Bank / Telecom,Telecommunications,Service,3k-10k,FALSE,FALSE,FALSE,0,1,Telecommunications,"145 Middlesex Ave, Somerville, MA 02145 US",,,site_plan_images/TJ_Somerville.png,Studio Xfinity,Telecom,False
TJ_SOMERVILLE,Assembly Square,federalrealty,"Somerville, MA",8,Raymour & Flanigan Furniture,51834.0,Furniture / Home,Furnishings,Hard Goods,10k+,FALSE,FALSE,TRUE,1,0,Furnishings,"145 Middlesex Ave, Somerville, MA 02145 US",,,site_plan_images/TJ_Somerville.png,Raymour & Flanigan Furniture,Home Furnishing,False
TJ_SOMERVILLE,Assembly Square,federalrealty,"Somerville, MA",9,Staples,21800.0,Service / Bank / Telecom,Office & Tech,Hard Goods,10k+,FALSE,FALSE,TRUE,1,0,Office & Tech,"145 Middlesex Ave, Somerville, MA 02145 US",,,site_plan_images/TJ_Somerville.png,Staples,Office Supply,False
TJ_SOMERVILLE,Assembly Square,federalrealty,"Somerville, MA",10,JPMorgan Chase Bank,2300.0,Service / Bank / Telecom,Financial Services,Service,0-3k,FALSE,FALSE,FALSE,0,1,Financial Services,"145 Middlesex Ave, Somerville, MA 02145 US",,,site_plan_images/TJ_Somerville.png,JPMorgan Chase Bank,Financial,False
TJ_SOMERVILLE,Assembly Square,federalrealty,"Somerville, MA",11,Starbucks,2133.0,Food & Beverage,Café,Food,0-3k,FALSE,FALSE,FALSE,0,1,Café,"145 Middlesex Ave, Somerville, MA 02145 US",,,site_plan_images/TJ_Somerville.png,Starbucks,Restaurant,False
TJ_SOMERVILLE,Assembly Square,federalrealty,"Somerville, MA",12,Tulip Interfaces,30312.0,Service / Bank / Telecom,Office,Hard Goods,10k+,FALSE,FALSE,TRUE,0,0,Office,"145 Middlesex Ave, Somerville, MA 02145 US",,,site_plan_images/TJ_Somerville.png,Tulip Interfaces,Office Supply,False
TJ_SOMERVILLE,Assembly Square,federalrealty,"Somerville, MA",13,DMG MORI USA,9523.0,Service / Bank / Telecom,Office / Industrial Services,Hard Goods,3k-10k,FALSE,FALSE,FALSE,0,1,Office / Industrial Services,"145 Middlesex Ave, Somerville, MA 02145 US",,,site_plan_images/TJ_Somerville.png,DMG MORI USA,Office Supply,False
TJ_PEABODY,Peabody Place,Chase Properties,"Peabody, MA",1,TJ Maxx,25020.0,Apparel / Soft Goods,Discount Retail / Apparel,Hard Goods,10k+,FALSE,FALSE,TRUE,1,0,Discount Retail / Apparel,"300 Andover St, Peabody, MA 01960",30-LeasingKit.pdf,pdfs/30-LeasingKit.pdf,site_plan_images/TJ_Peabody.png,TJ Maxx,Discount Retail,False
TJ_PEABODY,Peabody Place,Chase Properties,"Peabody, MA",2,GameStop,2086.0,Hard Goods / Specialty Retail,Electronics / Video Games,Hard Goods,0-3k,FALSE,FALSE,FALSE,0,1,Electronics / Video Games,"300 Andover St, Peabody, MA 01960",30-LeasingKit.pdf,pdfs/30-LeasingKit.pdf,site_plan_images/TJ_Peabody.png,GameStop,Electronics,False
TJ_PEABODY,Peabody Place,Chase Properties,"Peabody, MA",3,Pinspits,1989.0,Entertainment,Entertainment,Hard Goods,0-3k,FALSE,FALSE,FALSE,0,1,Entertainment,"300 Andover St, Peabody, MA 01960",30-LeasingKit.pdf,pdfs/30-LeasingKit.pdf,site_plan_images/TJ_Peabody.png,Pinspits,Entertainment Retail,False
TJ_PEABODY,Peabody Place,Chase Properties,"Peabody, MA",4,Carter’s,4466.0,Apparel / Soft Goods,Apparel,Soft Goods,3k-10k,FALSE,FALSE,FALSE,0,1,,"300 Andover St, Peabody, MA 01960",30-LeasingKit.pdf,pdfs/30-LeasingKit.pdf,site_plan_images/TJ_Peabody.png,Carter's,Apparel,False
TJ_PEABODY,Peabody Place,Chase Properties,"Peabody, MA",5,J.Crew Factory,5600.0,Apparel / Soft Goods,Apparel,Soft Goods,3k-10k,FALSE,FALSE,FALSE,0,1,,"300 Andover St, Peabody, MA 01960",30-LeasingKit.pdf,pdfs/30-LeasingKit.pdf,site_plan_images/TJ_Peabody.png,J.Crew Factory,Apparel,False
TJ_PEABODY,Peabody Place,Chase Properties,"Peabody, MA",6,Miel Dental Aesthetics,2080.0,Beauty / Personal Care,Medical,Service,0-3k,FALSE,FALSE,FALSE,0,1,,"300 Andover St, Peabody, MA 01960",30-LeasingKit.pdf,pdfs/30-LeasingKit.pdf,site_plan_images/TJ_Peabody.png,Miel Dental Aesthetics,Medical,False
TJ_PEABODY,Peabody Place,Chase Properties,"Peabody, MA",7,Tokyo Steakhouse,5746.0,Food & Beverage,Restaurant,Food,3k-10k,FALSE,FALSE,FALSE,0,1,,"300 Andover St, Peabody, MA 01960",30-LeasingKit.pdf,pdfs/30-LeasingKit.pdf,site_plan_images/TJ_Peabody.png,Tokyo Steakhouse,Restaurant,False
TJ_PEABODY,Peabody Place,Chase Properties,"Peabody, MA",8,AAA Southern New England,2719.0,Service / Bank / Telecom,Services,Service,0-3k,FALSE,FALSE,FALSE,0,1,Services,"300 Andover St, Peabody, MA 01960",30-LeasingKit.pdf,pdfs/30-LeasingKit.pdf,site_plan_images/TJ_Peabody.png,AAA Southern New England,Personal Service,False
TJ_PEABODY,Peabody Place,Chase Properties,"Peabody, MA",9,Music and Arts Centers,3000.0,Medical / Health,Education / Specialty Retail,Service,3k-10k,FALSE,FALSE,FALSE,0,1,Education / Specialty Retail,"300 Andover St, Peabody, MA 01960",30-LeasingKit.pdf,pdfs/30-LeasingKit.pdf,site_plan_images/TJ_Peabody.png,Music and Arts Centers,Education,False
TJ_PEABODY,Peabody Place,Chase Properties,"Peabody, MA",11,Five Below,14315.0,Discount Retail,Discount Retail,Hard Goods,10k+,FALSE,FALSE,TRUE,1,0,,"300 Andover St, Peabody, MA 01960",30-LeasingKit.pdf,pdfs/30-LeasingKit.pdf,site_plan_images/TJ_Peabody.png,Five Below,Discount Retail,False
TJ_PEABODY,Peabody Place,Chase Properties,"Peabody, MA",12,Burlington,38931.0,Apparel / Soft Goods,Discount Retail / Apparel,Hard Goods,10k+,FALSE,FALSE,TRUE,1,0,Discount Retail / Apparel,"300 Andover St, Peabody, MA 01960",30-LeasingKit.pdf,pdfs/30-LeasingKit.pdf,site_plan_images/TJ_Peabody.png,Burlington,Discount Retail,False
TJ_PEABODY,Peabody Place,Chase Properties,"Peabody, MA",13,Santander Bank,4855.0,Beauty / Personal Care,Financial Services,Service,3k-10k,FALSE,FALSE,FALSE,0,1,Financial Services,"300 Andover St, Peabody, MA 01960",30-LeasingKit.pdf,pdfs/30-LeasingKit.pdf,site_plan_images/TJ_Peabody.png,Santander Bank,Financial,False
TJ_PEABODY,Peabody Place,Chase Properties,"Peabody, MA",14,Vitamin Shoppe,2740.0,Service / Bank / Telecom,Health & Wellness Retail,Service,0-3k,FALSE,FALSE,FALSE,0,1,Health & Wellness Retail,"300 Andover St, Peabody, MA 01960",30-LeasingKit.pdf,pdfs/30-LeasingKit.pdf,site_plan_images/TJ_Peabody.png,Vitamin Shoppe,Personal Service,False
TJ_PEABODY,Peabody Place,Chase Properties,"Peabody, MA",15,Outback Steakhouse,8600.0,Food & Beverage,Restaurant,Food,3k-10k,FALSE,FALSE,FALSE,0,1,,"300 Andover St, Peabody, MA 01960",30-LeasingKit.pdf,pdfs/30-LeasingKit.pdf,site_plan_images/TJ_Peabody.png,Outback Steakhouse,Restaurant,False
TJ_PEABODY,Peabody Place,Chase Properties,"Peabody, MA",16,Car Wash,3240.0,Auto Service,Automotive Services,Service,3k-10k,FALSE,FALSE,FALSE,0,1,Automotive Services,"300 Andover St, Peabody, MA 01960",30-LeasingKit.pdf,pdfs/30-LeasingKit.pdf,site_plan_images/TJ_Peabody.png,Car Wash,Auto Service,False
TJ_PEABODY,Peabody Place,Chase Properties,"Peabody, MA",17,At Home (Shadow Anchor),105000.0,Furniture / Home,Home Goods / Furnishings,Hard Goods,10k+,FALSE,FALSE,TRUE,1,0,Home Goods / Furnishings,"300 Andover St, Peabody, MA 01960",30-LeasingKit.pdf,pdfs/30-LeasingKit.pdf,site_plan_images/TJ_Peabody.png,At Home (Shadow Anchor),Home Furnishing,False
TJ_SAUGUS,Shops at Saugus,Regency Centers,"Saugus, MA",2,LA-Z-Boy,17767.0,Furniture / Home,Furnishings,Hard Goods,10k+,FALSE,FALSE,TRUE,1,0,Furnishings,"334 Broadway / Route 1, Saugus, MA 01906",Property-Brochure-Shops-at-Saugus.pdf,pdfs/Property-Brochure-Shops-at-Saugus.pdf,site_plan_images/TJ_Saugus.png,LA-Z-Boy,Home Furnishing,False
TJ_SAUGUS,Shops at Saugus,Regency Centers,"Saugus, MA",4,PetSmart,24192.0,Pet,Pet Stores + Supplies,Hard Goods,10k+,FALSE,FALSE,TRUE,1,0,Pet Stores + Supplies,"334 Broadway / Route 1, Saugus, MA 01906",Property-Brochure-Shops-at-Saugus.pdf,pdfs/Property-Brochure-Shops-at-Saugus.pdf,site_plan_images/TJ_Saugus.png,PetSmart,Pet Supply,False
TJ_SAUGUS,Shops at Saugus,Regency Centers,"Saugus, MA",5,5.11 Tactical,5053.0,Apparel / Soft Goods,Apparel / Specialty Retail,Soft Goods,3k-10k,FALSE,FALSE,FALSE,0,1,Apparel / Specialty Retail,"334 Broadway / Route 1, Saugus, MA 01906",Property-Brochure-Shops-at-Saugus.pdf,pdfs/Property-Brochure-Shops-at-Saugus.pdf,site_plan_images/TJ_Saugus.png,5.11 Tactical,Apparel,False
TJ_SAUGUS,Shops at Saugus,Regency Centers,"Saugus, MA",6,The Joint,1248.0,Medical / Health,Medical / Wellness,Service,0-3k,FALSE,FALSE,FALSE,0,1,Medical / Wellness,"334 Broadway / Route 1, Saugus, MA 01906",Property-Brochure-Shops-at-Saugus.pdf,pdfs/Property-Brochure-Shops-at-Saugus.pdf,site_plan_images/TJ_Saugus.png,The Joint,Medical,False
TJ_SAUGUS,Shops at Saugus,Regency Centers,"Saugus, MA",7,Supercuts,1200.0,Beauty / Personal Care,Personal Services,Service,0-3k,FALSE,FALSE,FALSE,0,1,Personal Services,"334 Broadway / Route 1, Saugus, MA 01906",Property-Brochure-Shops-at-Saugus.pdf,pdfs/Property-Brochure-Shops-at-Saugus.pdf,site_plan_images/TJ_Saugus.png,Supercuts,Personal Service,False
TJ_SAUGUS,Shops at Saugus,Regency Centers,"Saugus, MA",8,Sen Nails,1600.0,Beauty / Personal Care,Personal Services,Service,0-3k,FALSE,FALSE,FALSE,0,1,Personal Services,"334 Broadway / Route 1, Saugus, MA 01906",Property-Brochure-Shops-at-Saugus.pdf,pdfs/Property-Brochure-Shops-at-Saugus.pdf,site_plan_images/TJ_Saugus.png,Sen Nails,Personal Service,False
TJ_SAUGUS,Shops at Saugus,Regency Centers,"Saugus, MA",9,Uniq Laser,1200.0,Beauty / Personal Care,Personal Services / Wellness,Service,0-3k,FALSE,FALSE,FALSE,0,1,Personal Services / Wellness,"334 Broadway / Route 1, Saugus, MA 01906",Property-Brochure-Shops-at-Saugus.pdf,pdfs/Property-Brochure-Shops-at-Saugus.pdf,site_plan_images/TJ_Saugus.png,Uniq Laser,Personal Service,False
TJ_SAUGUS,Shops at Saugus,Regency Centers,"Saugus, MA",10,European Wax Center,1199.0,Beauty / Personal Care,Personal Services,Service,0-3k,FALSE,FALSE,FALSE,0,1,Personal Services,"334 Broadway / Route 1, Saugus, MA 01906",Property-Brochure-Shops-at-Saugus.pdf,pdfs/Property-Brochure-Shops-at-Saugus.pdf,site_plan_images/TJ_Saugus.png,European Wax Center,Personal Service,False
TJ_SAUGUS,Shops at Saugus,Regency Centers,"Saugus, MA",11,Massage Envy,3201.0,Beauty / Personal Care,Personal Services / Wellness,Service,3k-10k,FALSE,FALSE,FALSE,0,1,Personal Services / Wellness,"334 Broadway / Route 1, Saugus, MA 01906",Property-Brochure-Shops-at-Saugus.pdf,pdfs/Property-Brochure-Shops-at-Saugus.pdf,site_plan_images/TJ_Saugus.png,Massage Envy,Personal Service,False
TJ_SAUGUS,Shops at Saugus,Regency Centers,"Saugus, MA",12,Crumbl Cookies,2000.0,Food & Beverage,QSR / Dessert,Food,0-3k,FALSE,FALSE,FALSE,0,1,QSR / Dessert,"334 Broadway / Route 1, Saugus, MA 01906",Property-Brochure-Shops-at-Saugus.pdf,pdfs/Property-Brochure-Shops-at-Saugus.pdf,site_plan_images/TJ_Saugus.png,Crumbl Cookies,Restaurant,False
TJ_SAUGUS,Shops at Saugus,Regency Centers,"Saugus, MA",13,Starbucks,1788.0,Food & Beverage,Café,Food,0-3k,FALSE,FALSE,FALSE,0,1,Café,"334 Broadway / Route 1, Saugus, MA 01906",Property-Brochure-Shops-at-Saugus.pdf,pdfs/Property-Brochure-Shops-at-Saugus.pdf,site_plan_images/TJ_Saugus.png,Starbucks,Restaurant,False
TJ_SAUGUS,Shops at Saugus,Regency Centers,"Saugus, MA",14,Comcast,2200.0,Service / Bank / Telecom,Telecommunications,Service,0-3k,FALSE,FALSE,FALSE,0,1,Telecommunications,"334 Broadway / Route 1, Saugus, MA 01906",Property-Brochure-Shops-at-Saugus.pdf,pdfs/Property-Brochure-Shops-at-Saugus.pdf,site_plan_images/TJ_Saugus.png,Comcast,Telecom,False
TJ_SAUGUS,Shops at Saugus,Regency Centers,"Saugus, MA",15,Lakeshore Learning Store,7352.0,Medical / Health,Education / Specialty Retail,Service,3k-10k,FALSE,FALSE,FALSE,0,1,Education / Specialty Retail,"334 Broadway / Route 1, Saugus, MA 01906",Property-Brochure-Shops-at-Saugus.pdf,pdfs/Property-Brochure-Shops-at-Saugus.pdf,site_plan_images/TJ_Saugus.png,Lakeshore Learning Store,Education,False
TJ_SAUGUS,Shops at Saugus,Regency Centers,"Saugus, MA",16,Wingstop,1430.0,Food & Beverage,QSR,Food,0-3k,FALSE,FALSE,FALSE,0,1,QSR,"334 Broadway / Route 1, Saugus, MA 01906",Property-Brochure-Shops-at-Saugus.pdf,pdfs/Property-Brochure-Shops-at-Saugus.pdf,site_plan_images/TJ_Saugus.png,Wingstop,Restaurant,False
TJ_SAUGUS,Shops at Saugus,Regency Centers,"Saugus, MA",17,Harrow’s Chicken Pies,1210.0,Food & Beverage,QSR,Food,0-3k,FALSE,FALSE,FALSE,0,1,QSR,"334 Broadway / Route 1, Saugus, MA 01906",Property-Brochure-Shops-at-Saugus.pdf,pdfs/Property-Brochure-Shops-at-Saugus.pdf,site_plan_images/TJ_Saugus.png,Harrow's Chicken Pies,Restaurant,False
TJ_SAUGUS,Shops at Saugus,Regency Centers,"Saugus, MA",18,Tropical Smoothie Cafe,1210.0,Food & Beverage,QSR / Café,Food,0-3k,FALSE,FALSE,FALSE,0,1,QSR / Café,"334 Broadway / Route 1, Saugus, MA 01906",Property-Brochure-Shops-at-Saugus.pdf,pdfs/Property-Brochure-Shops-at-Saugus.pdf,site_plan_images/TJ_Saugus.png,Tropical Smoothie Cafe,Restaurant,False
TJ_SAUGUS,Shops at Saugus,Regency Centers,"Saugus, MA",19,Border Cafe,7350.0,Food & Beverage,Restaurant,Food,3k-10k,FALSE,FALSE,FALSE,0,1,,"334 Broadway / Route 1, Saugus, MA 01906",Property-Brochure-Shops-at-Saugus.pdf,pdfs/Property-Brochure-Shops-at-Saugus.pdf,site_plan_images/TJ_Saugus.png,Border Cafe,Restaurant,False
TJ_SHREWSBURY,77 Boston Turnpike Retail / Medical Space,Eastern Retail Properties,"Shrewsbury, MA",2,Total Wine & More,24700.0,Food & Beverage,Liquor / Beverage Retail,Food,10k+,FALSE,FALSE,TRUE,1,0,Liquor / Beverage Retail,"77 Boston Turnpike, Shrewsbury, MA 01545",Shrewsbury_MA_77_Boston_Tpke_3.pdf,pdfs/Shrewsbury_MA_77_Boston_Tpke_3.pdf,site_plan_images/TJ_Shrewsbury.png,Total Wine & More,Wine / Liquor,False
TJ_SHREWSBURY,77 Boston Turnpike Retail / Medical Space,Eastern Retail Properties,"Shrewsbury, MA",5,FedEx Office,2360.0,Service / Bank / Telecom,Office & Tech / Business Services,Hard Goods,0-3k,FALSE,FALSE,FALSE,0,1,Office & Tech / Business Services,"77 Boston Turnpike, Shrewsbury, MA 01545",Shrewsbury_MA_77_Boston_Tpke_3.pdf,pdfs/Shrewsbury_MA_77_Boston_Tpke_3.pdf,site_plan_images/TJ_Shrewsbury.png,FedEx Office,Office Supply,False
TJ_SHREWSBURY,77 Boston Turnpike Retail / Medical Space,Eastern Retail Properties,"Shrewsbury, MA",6,The Vitamin Shoppe,2400.0,Service / Bank / Telecom,Health & Wellness Retail,Service,0-3k,FALSE,FALSE,FALSE,0,1,Health & Wellness Retail,"77 Boston Turnpike, Shrewsbury, MA 01545",Shrewsbury_MA_77_Boston_Tpke_3.pdf,pdfs/Shrewsbury_MA_77_Boston_Tpke_3.pdf,site_plan_images/TJ_Shrewsbury.png,The Vitamin Shoppe,Personal Service,False
TJ_SHREWSBURY,77 Boston Turnpike Retail / Medical Space,Eastern Retail Properties,"Shrewsbury, MA",7,Lakeside,2407.0,General / Specialty Retail,Specialty Retail / Services,Other,0-3k,FALSE,FALSE,FALSE,0,1,Specialty Retail / Services,"77 Boston Turnpike, Shrewsbury, MA 01545",Shrewsbury_MA_77_Boston_Tpke_3.pdf,pdfs/Shrewsbury_MA_77_Boston_Tpke_3.pdf,site_plan_images/TJ_Shrewsbury.png,Lakeside,Other,False
TJ_SHREWSBURY,77 Boston Turnpike Retail / Medical Space,Eastern Retail Properties,"Shrewsbury, MA",8,Supercuts,1525.0,Beauty / Personal Care,Personal Services,Service,0-3k,FALSE,FALSE,FALSE,0,1,Personal Services,"77 Boston Turnpike, Shrewsbury, MA 01545",Shrewsbury_MA_77_Boston_Tpke_3.pdf,pdfs/Shrewsbury_MA_77_Boston_Tpke_3.pdf,site_plan_images/TJ_Shrewsbury.png,Supercuts,Personal Service,False
TJ_SHREWSBURY,77 Boston Turnpike Retail / Medical Space,Eastern Retail Properties,"Shrewsbury, MA",9,Leslie’s Pool Supplies,4100.0,Hard Goods / Specialty Retail,Pool Supplies / Specialty Retail,Other,3k-10k,FALSE,FALSE,FALSE,0,1,Pool Supplies / Specialty Retail,"77 Boston Turnpike, Shrewsbury, MA 01545",Shrewsbury_MA_77_Boston_Tpke_3.pdf,pdfs/Shrewsbury_MA_77_Boston_Tpke_3.pdf,site_plan_images/TJ_Shrewsbury.png,Leslie's Pool Supplies,Other,False
TJ_SHREWSBURY,77 Boston Turnpike Retail / Medical Space,Eastern Retail Properties,"Shrewsbury, MA",10,Bollywood Grill,2440.0,Food & Beverage,Restaurant,Food,0-3k,FALSE,FALSE,FALSE,0,1,,"77 Boston Turnpike, Shrewsbury, MA 01545",Shrewsbury_MA_77_Boston_Tpke_3.pdf,pdfs/Shrewsbury_MA_77_Boston_Tpke_3.pdf,site_plan_images/TJ_Shrewsbury.png,Bollywood Grill,Restaurant,False
TJ_SHREWSBURY,77 Boston Turnpike Retail / Medical Space,Eastern Retail Properties,"Shrewsbury, MA",12,Chipotle,2400.0,Food & Beverage,QSR,Food,0-3k,FALSE,FALSE,FALSE,0,1,QSR,"77 Boston Turnpike, Shrewsbury, MA 01545",Shrewsbury_MA_77_Boston_Tpke_3.pdf,pdfs/Shrewsbury_MA_77_Boston_Tpke_3.pdf,site_plan_images/TJ_Shrewsbury.png,Chipotle,Restaurant,False
TJ_MA_001,Continuum Allston,Samuels & Associates,"Allston, MA",2,Sloane’s Restaurant,2800.0,Food & Beverage,Food,Food,0-3k,No,No,No,No,Yes,,199 N Harvard St,Allston-MA-Continuum.pdf,pdfs/Allston-MA-Continuum.pdf,site_plan_images/TJ_Allston.png,Sloane's Restaurant,Food,False
TJ_MA_001,Continuum Allston,Samuels & Associates,"Allston, MA",3,Starbucks,3785.0,Food & Beverage,Food,Food,3k-10k,No,No,No,No,Yes,,199 N Harvard St,Allston-MA-Continuum.pdf,pdfs/Allston-MA-Continuum.pdf,site_plan_images/TJ_Allston.png,Starbucks,Food,False
TJ_MA_001,Continuum Allston,Samuels & Associates,"Allston, MA",4,Chase Bank,8324.0,Service / Bank / Telecom,Service,Service,3k-10k,No,No,No,No,Yes,,199 N Harvard St,Allston-MA-Continuum.pdf,pdfs/Allston-MA-Continuum.pdf,site_plan_images/TJ_Allston.png,Chase Bank,Service,False
TJ_MA_001,Continuum Allston,Samuels & Associates,"Allston, MA",5,BKBX fitness,2700.0,Fitness / Recreation,Service,Service,0-3k,No,No,No,No,Yes,,199 N Harvard St,Allston-MA-Continuum.pdf,pdfs/Allston-MA-Continuum.pdf,site_plan_images/TJ_Allston.png,BKBX fitness,Service,False
TJ_MA_002,Trader Joe’s Arlington Heights,NWCA ARLINGTON LLC,"Arlington, MA",2,Walgreens,15876.0,Medical / Health,Soft Goods,Soft Goods,10k+,No,No,Yes,Yes,No,,1427 Massachusetts Ave,,,site_plan_images/TJ_Arlington.png,Walgreens,Soft Goods,False
TJ_MA_002,Trader Joe’s Arlington Heights,NWCA ARLINGTON LLC,"Arlington, MA",3,Starbucks,660.0,Food & Beverage,Food,Food,0-3k,No,No,No,No,Yes,,1427 Massachusetts Ave,,,site_plan_images/TJ_Arlington.png,Starbucks,Food,False
TJ_MA_005,Trader Joe’s Boston - West Roxbury,CENTRE STREET HOLDINGS LLC MASS LLC,"Boston, MA",2,Citizens,2500.0,Service / Bank / Telecom,Service,Service,0-3k,No,No,No,No,Yes,,1999 Centre St,,,site_plan_images/TJ_WestRoxbury.png,Citizens,Service,False
TJ_MA_006,Trader Joe’s Boylston St,Oxford Properties,"Boston, MA",2,SoulCycle,,Fitness / Recreation,Service,Service,,No,No,No,No,,,500 Boylston St,,,site_plan_images/TJ_Boylston.png,SoulCycle,Service,False
TJ_MA_006,Trader Joe’s Boylston St,Oxford Properties,"Boston, MA",3,Juice Press,,Food & Beverage,Food,Food,,No,No,No,No,,,500 Boylston St,,,site_plan_images/TJ_Boylston.png,Juice Press,Food,False
TJ_MA_008,Patriot Place,The Kraft Group,"Foxborough, MA",2,Mass General Brigham,203000.0,Medical / Health,Service,Service,10k+,No,No,Yes,Yes,No,,350 Patriot Place,Foxborough-MA-Patriot-Place-Deck.pdf,pdfs/Foxborough-MA-Patriot-Place-Deck.pdf,site_plan_images/TJ_Foxborough.png,Mass General Brigham,Service,False
TJ_MA_008,Patriot Place,The Kraft Group,"Foxborough, MA",3,DANA FARBER,34000.0,Medical / Health,Service,Service,10k+,No,No,Yes,Yes,No,,350 Patriot Place,Foxborough-MA-Patriot-Place-Deck.pdf,pdfs/Foxborough-MA-Patriot-Place-Deck.pdf,site_plan_images/TJ_Foxborough.png,DANA FARBER,Service,False
TJ_MA_008,Patriot Place,The Kraft Group,"Foxborough, MA",4,MassGeneral for Children,9000.0,Service / Bank / Telecom,Service,Service,3k-10k,No,No,No,No,Yes,,350 Patriot Place,Foxborough-MA-Patriot-Place-Deck.pdf,pdfs/Foxborough-MA-Patriot-Place-Deck.pdf,site_plan_images/TJ_Foxborough.png,MassGeneral for Children,Service,False
TJ_MA_009,Hampshire Mall,Deutsche Bank Trust Co. Americas / Wells Fargo CMBS,"Hadley, MA",2,Target,133506.0,Discount Retail,Hard Goods,Hard Goods,10k+,No,No,Yes,Yes,No,,375 Russell St,,,site_plan_images/TJ_Hadley.png,Target,Hard Goods,False
TJ_MA_009,Hampshire Mall,Deutsche Bank Trust Co. Americas / Wells Fargo CMBS,"Hadley, MA",3,PetSmart,45931.0,Pet,Service,Service,10k+,No,No,Yes,Yes,No,,375 Russell St,,,site_plan_images/TJ_Hadley.png,PetSmart,Service,False
TJ_MA_009,Hampshire Mall,Deutsche Bank Trust Co. Americas / Wells Fargo CMBS,"Hadley, MA",4,DICK’S SPORTING GOODS,80163.0,Apparel / Soft Goods,Soft Goods,Soft Goods,10k+,No,No,Yes,Yes,No,,375 Russell St,,,site_plan_images/TJ_Hadley.png,DICK'S Sporting Goods,Soft Goods,False
TJ_MA_009,Hampshire Mall,Deutsche Bank Trust Co. Americas / Wells Fargo CMBS,"Hadley, MA",5,JCPenney,54874.0,Apparel / Soft Goods,Soft Goods,Soft Goods,10k+,No,No,Yes,Yes,No,,375 Russell St,,,site_plan_images/TJ_Hadley.png,JCPenney,Soft Goods,False
TJ_MA_009,Hampshire Mall,Deutsche Bank Trust Co. Americas / Wells Fargo CMBS,"Hadley, MA",6,Chase Bank,4807.0,Service / Bank / Telecom,Service,Service,3k-10k,No,No,No,No,Yes,,375 Russell St,,,site_plan_images/TJ_Hadley.png,Chase Bank,Service,False
TJ_MA_009,Hampshire Mall,Deutsche Bank Trust Co. Americas / Wells Fargo CMBS,"Hadley, MA",7,Hampshire Mall,165374.0,Apparel / Soft Goods,Soft Goods,Soft Goods,10k+,No,No,Yes,Yes,No,,375 Russell St,,,site_plan_images/TJ_Hadley.png,Hampshire Mall,Soft Goods,False
TJ_MA_009,Hampshire Mall,Deutsche Bank Trust Co. Americas / Wells Fargo CMBS,"Hadley, MA",8,Cinemark,62356.0,Entertainment,Service,Service,10k+,No,No,Yes,Yes,No,,375 Russell St,,,site_plan_images/TJ_Hadley.png,Cinemark,Service,False
TJ_MA_010,Hanover Crossing,PREP Property Group,"Hanover, MA",2,Market Basket,80000.0,Food & Beverage,Grocery,Grocery,10k+,Yes,No,Yes,Yes,No,,1775 Washington St,Hanover-MA-Hanover-Crossing.pdf,pdfs/Hanover-MA-Hanover-Crossing.pdf,site_plan_images/TJ_Hanover.png,Market Basket,Grocery,False
TJ_MA_010,Hanover Crossing,PREP Property Group,"Hanover, MA",3,Macy’s,,Apparel / Soft Goods,Soft Goods,Soft Goods,,No,No,No,No,,,1775 Washington St,Hanover-MA-Hanover-Crossing.pdf,pdfs/Hanover-MA-Hanover-Crossing.pdf,site_plan_images/TJ_Hanover.png,Macy's,Soft Goods,False
TJ_MA_010,Hanover Crossing,PREP Property Group,"Hanover, MA",4,Dick’s Sporting Goods,,Hard Goods / Specialty Retail,Hard Goods,Hard Goods,,No,No,No,No,,,1775 Washington St,Hanover-MA-Hanover-Crossing.pdf,pdfs/Hanover-MA-Hanover-Crossing.pdf,site_plan_images/TJ_Hanover.png,DICK'S Sporting Goods,Hard Goods,False
TJ_MA_010,Hanover Crossing,PREP Property Group,"Hanover, MA",5,Petco,,Pet,Hard Goods,Hard Goods,,No,No,No,No,,,1775 Washington St,Hanover-MA-Hanover-Crossing.pdf,pdfs/Hanover-MA-Hanover-Crossing.pdf,site_plan_images/TJ_Hanover.png,Petco,Hard Goods,False
TJ_MA_010,Hanover Crossing,PREP Property Group,"Hanover, MA",6,Panera Bread,,Food & Beverage,Food,Food,,No,No,No,No,,,1775 Washington St,Hanover-MA-Hanover-Crossing.pdf,pdfs/Hanover-MA-Hanover-Crossing.pdf,site_plan_images/TJ_Hanover.png,Panera Bread,Food,False
TJ_MA_010,Hanover Crossing,PREP Property Group,"Hanover, MA",7,L.L.Bean,,Apparel / Soft Goods,Soft Goods,Soft Goods,,No,No,No,No,,,1775 Washington St,Hanover-MA-Hanover-Crossing.pdf,pdfs/Hanover-MA-Hanover-Crossing.pdf,site_plan_images/TJ_Hanover.png,L.L.Bean,Soft Goods,False
TJ_MA_010,Hanover Crossing,PREP Property Group,"Hanover, MA",8,Old Navy,,Apparel / Soft Goods,Soft Goods,Soft Goods,,No,No,No,No,,,1775 Washington St,Hanover-MA-Hanover-Crossing.pdf,pdfs/Hanover-MA-Hanover-Crossing.pdf,site_plan_images/TJ_Hanover.png,Old Navy,Soft Goods,False
TJ_MA_010,Hanover Crossing,PREP Property Group,"Hanover, MA",9,Showcase Cinema,,Entertainment,Other,Other,,No,No,No,No,,,1775 Washington St,Hanover-MA-Hanover-Crossing.pdf,pdfs/Hanover-MA-Hanover-Crossing.pdf,site_plan_images/TJ_Hanover.png,Showcase Cinema,Other,False
TJ_MA_010,Hanover Crossing,PREP Property Group,"Hanover, MA",10,110 Grill,,Food & Beverage,Food,Food,,No,No,No,No,,,1775 Washington St,Hanover-MA-Hanover-Crossing.pdf,pdfs/Hanover-MA-Hanover-Crossing.pdf,site_plan_images/TJ_Hanover.png,110 Grill,Food,False
TJ_MA_010,Hanover Crossing,PREP Property Group,"Hanover, MA",11,Evviva Trattoria,,Food & Beverage,Food,Food,,No,No,No,No,,,1775 Washington St,Hanover-MA-Hanover-Crossing.pdf,pdfs/Hanover-MA-Hanover-Crossing.pdf,site_plan_images/TJ_Hanover.png,Evviva Trattoria,Food,False
TJ_MA_011,Trader Joe’s Hingham,HINGHAM LAUNCH PROPERTY LLC,"Hingham, MA",2,Talbots Outlet,18000.0,Apparel / Soft Goods,Soft Goods,Soft Goods,10k+,No,No,Yes,Yes,No,,5 Essington Drive,,,site_plan_images/TJ_Hingham.png,Talbots Outlet,Soft Goods,False
TJ_MA_012,Trader Joe’s Needham Heights,"HIGHLAND MONTROSE, LLC","Needham, MA",2,Carewell Urgent Care,,Medical / Health,Service,Service,,No,No,No,No,,,958 Highland Ave,,,site_plan_images/TJ_Needham.png,Carewell Urgent Care,Service,False
TJ_MA_012,Trader Joe’s Needham Heights,"HIGHLAND MONTROSE, LLC","Needham, MA",3,Harmony Heating & Air Conditioning,,Service / Bank / Telecom,Service,Service,,No,No,No,No,,,958 Highland Ave,,,site_plan_images/TJ_Needham.png,Harmony Heating & Air Conditioning,Service,False
TJ_MA_013,Quincy Center Mixed-Use Development,Atlantic Development,"Quincy, MA",2,Chipotle,2510.0,Food & Beverage,Food,Food,0-3k,No,No,No,No,Yes,,111 General McConville Way,Quincy-MA-McConville-Way.pdf,pdfs/Quincy-MA-McConville-Way.pdf,site_plan_images/TJ_Quincy.png,Chipotle,Food,False
TJ_MA_013,Quincy Center Mixed-Use Development,Atlantic Development,"Quincy, MA",3,Needham Bank,3020.0,Service / Bank / Telecom,Service,Service,3k-10k,No,No,No,No,Yes,,111 General McConville Way,Quincy-MA-McConville-Way.pdf,pdfs/Quincy-MA-McConville-Way.pdf,site_plan_images/TJ_Quincy.png,Needham Bank,Service,False
TJ_MA_014,The Crossing at Walkers Brook,Wilder,"Reading, MA",2,Jordan’s Furniture,,Furniture / Home,Hard Goods,Hard Goods,,No,No,No,No,,,34 Walkers Brook Drive,Reading-MA-Walkers-Brook.pdf,pdfs/Reading-MA-Walkers-Brook.pdf,site_plan_images/TJ_Reading.png,Jordan's Furniture,Hard Goods,False
TJ_MA_014,The Crossing at Walkers Brook,Wilder,"Reading, MA",3,The Home Depot,,Hard Goods / Specialty Retail,Hard Goods,Hard Goods,,No,No,No,No,,,34 Walkers Brook Drive,Reading-MA-Walkers-Brook.pdf,pdfs/Reading-MA-Walkers-Brook.pdf,site_plan_images/TJ_Reading.png,The Home Depot,Hard Goods,False
TJ_MA_014,The Crossing at Walkers Brook,Wilder,"Reading, MA",4,Golf Galaxy,,Fitness / Recreation,Hard Goods,Hard Goods,,No,No,No,No,,,34 Walkers Brook Drive,Reading-MA-Walkers-Brook.pdf,pdfs/Reading-MA-Walkers-Brook.pdf,site_plan_images/TJ_Reading.png,Golf Galaxy,Hard Goods,False
TJ_MA_014,The Crossing at Walkers Brook,Wilder,"Reading, MA",5,The Paper Store,,Apparel / Soft Goods,Soft Goods,Soft Goods,,No,No,No,No,,,34 Walkers Brook Drive,Reading-MA-Walkers-Brook.pdf,pdfs/Reading-MA-Walkers-Brook.pdf,site_plan_images/TJ_Reading.png,The Paper Store,Soft Goods,False
TJ_MA_014,The Crossing at Walkers Brook,Wilder,"Reading, MA",6,Anthony’s Coal Fired Pizza,,Food & Beverage,Food,Food,,No,No,No,No,,,34 Walkers Brook Drive,Reading-MA-Walkers-Brook.pdf,pdfs/Reading-MA-Walkers-Brook.pdf,site_plan_images/TJ_Reading.png,Anthony's Coal Fired Pizza,Food,False
TJ_MA_014,The Crossing at Walkers Brook,Wilder,"Reading, MA",7,Starbucks,,Food & Beverage,Food,Food,,No,No,No,No,,,34 Walkers Brook Drive,Reading-MA-Walkers-Brook.pdf,pdfs/Reading-MA-Walkers-Brook.pdf,site_plan_images/TJ_Reading.png,Starbucks,Food,False
TJ_MA_014,The Crossing at Walkers Brook,Wilder,"Reading, MA",8,Chipotle,,Food & Beverage,Food,Food,,No,No,No,No,,,34 Walkers Brook Drive,Reading-MA-Walkers-Brook.pdf,pdfs/Reading-MA-Walkers-Brook.pdf,site_plan_images/TJ_Reading.png,Chipotle,Food,False
TJ_MA_014,The Crossing at Walkers Brook,Wilder,"Reading, MA",9,Supercuts,,Beauty / Personal Care,Service,Service,,No,No,No,No,,,34 Walkers Brook Drive,Reading-MA-Walkers-Brook.pdf,pdfs/Reading-MA-Walkers-Brook.pdf,site_plan_images/TJ_Reading.png,Supercuts,Service,False
TJ_MA_015,Trader Joe’s West Newton / 1121 Washington Street,JACKSON NEWTON LP,"West Newton, MA",2,Loft Office Suites,6000.0,Service / Bank / Telecom,Service,Service,3k-10k,No,No,No,No,Yes,,1121 Washington St,,,site_plan_images/TJ_West_Newton.png,Loft Office Suites,Service,False
PE_APACHE_SHOPPES,Apache Shoppes,Phillips Edison & Company,"Rochester, MN",11,Lasker Jewelers,3000.0,Apparel / Soft Goods,Jewelry,Hard Goods,0-3k,No,No,No,No,Yes,,,Apache Shoppes - Flyer.pdf,pdfs/Apache Shoppes - Flyer.pdf,,Lasker Jewelers,Jewelry,False
PE_APACHE_SHOPPES,Apache Shoppes,Phillips Edison & Company,"Rochester, MN",150,TerraLoco Running & Yoga,3775.0,Fitness / Recreation,Sporting Goods,Hard Goods,3k-10k,No,No,No,No,Yes,,,Apache Shoppes - Flyer.pdf,pdfs/Apache Shoppes - Flyer.pdf,,TerraLoco Running & Yoga,Sporting Goods,False
PE_APACHE_SHOPPES,Apache Shoppes,Phillips Edison & Company,"Rochester, MN",200,Verizon,2890.0,Service / Bank / Telecom,Office/Tech,Service,0-3k,No,No,No,No,Yes,,,Apache Shoppes - Flyer.pdf,pdfs/Apache Shoppes - Flyer.pdf,,Verizon,Office/Tech,False
PE_APACHE_SHOPPES,Apache Shoppes,Phillips Edison & Company,"Rochester, MN",400,UC Nails,1232.0,Beauty / Personal Care,Beauty,Service,0-3k,No,No,No,No,Yes,,,Apache Shoppes - Flyer.pdf,pdfs/Apache Shoppes - Flyer.pdf,,UC Nails,Beauty,False
PE_APACHE_SHOPPES,Apache Shoppes,Phillips Edison & Company,"Rochester, MN",400A,Hot Chip Burger Bar (Storage),142.0,Food & Beverage,Restaurant Storage,Food,0-3k,No,No,No,No,Yes,,,Apache Shoppes - Flyer.pdf,pdfs/Apache Shoppes - Flyer.pdf,,Hot Chip Burger Bar (Storage),Restaurant Storage,False
PE_APACHE_SHOPPES,Apache Shoppes,Phillips Edison & Company,"Rochester, MN",600,Hot Chip Burger Bar,4002.0,Food & Beverage,Restaurant,Food,3k-10k,No,No,No,No,Yes,,,Apache Shoppes - Flyer.pdf,pdfs/Apache Shoppes - Flyer.pdf,,Hot Chip Burger Bar,Restaurant,False
PE_APACHE_SHOPPES,Apache Shoppes,Phillips Edison & Company,"Rochester, MN",1220,Erik's Bike Shop,7950.0,Hard Goods / Specialty Retail,Sporting Goods,Hard Goods,3k-10k,No,No,No,No,Yes,,,Apache Shoppes - Flyer.pdf,pdfs/Apache Shoppes - Flyer.pdf,,Erik's Bike Shop,Sporting Goods,False
PE_APACHE_SHOPPES,Apache Shoppes,Phillips Edison & Company,"Rochester, MN",1250,Sierra,18540.0,Apparel / Soft Goods,Apparel,Soft Goods,10k+,No,No,Yes,No,No,,,Apache Shoppes - Flyer.pdf,pdfs/Apache Shoppes - Flyer.pdf,,Sierra,Apparel,False
PE_CORONADO_CENTER,Coronado Center,Phillips Edison & Company,"Santa Fe, NM",504,New Mexico Bike N Sport,14200.0,Hard Goods / Specialty Retail,Sporting Goods,Hard Goods,10k+,No,No,Yes,No,No,,,Coronado Center - Flyer.pdf,pdfs/Coronado Center - Flyer.pdf,,New Mexico Bike N Sport,Sporting Goods,False
PE_CORONADO_CENTER,Coronado Center,Phillips Edison & Company,"Santa Fe, NM",510,Sleep & Dream,3860.0,Furniture / Home,Furnishings,Hard Goods,3k-10k,No,No,No,No,Yes,,,Coronado Center - Flyer.pdf,pdfs/Coronado Center - Flyer.pdf,,Sleep & Dream,Furnishings,False
PE_CORONADO_CENTER,Coronado Center,Phillips Edison & Company,"Santa Fe, NM",518-B,Wild Birds Unlimited,3000.0,Pet,Pet Stores,Hard Goods,0-3k,No,No,No,No,Yes,,,Coronado Center - Flyer.pdf,pdfs/Coronado Center - Flyer.pdf,,Wild Birds Unlimited,Pet Stores,False
PE_CORONADO_CENTER,Coronado Center,Phillips Edison & Company,"Santa Fe, NM",524-C,Linda's Nails,1600.0,Beauty / Personal Care,Beauty,Service,0-3k,No,No,No,No,Yes,,,Coronado Center - Flyer.pdf,pdfs/Coronado Center - Flyer.pdf,,Linda's Nails,Beauty,False
PE_CORONADO_CENTER,Coronado Center,Phillips Edison & Company,"Santa Fe, NM",540-B,The Joint,1000.0,Medical / Health,Medical,Service,0-3k,No,No,No,No,Yes,,,Coronado Center - Flyer.pdf,pdfs/Coronado Center - Flyer.pdf,,The Joint,Medical,False
PE_CORONADO_CENTER,Coronado Center,Phillips Edison & Company,"Santa Fe, NM",504A,The New Baking Company,4500.0,Food & Beverage,Coffee/Dessert,Food,3k-10k,No,No,No,No,Yes,,,Coronado Center - Flyer.pdf,pdfs/Coronado Center - Flyer.pdf,,The New Baking Company,Coffee/Dessert,False
PE_CORONADO_CENTER,Coronado Center,Phillips Edison & Company,"Santa Fe, NM",514,Fun Noodle Bar,2640.0,Food & Beverage,Restaurant,Food,0-3k,No,No,No,No,Yes,,,Coronado Center - Flyer.pdf,pdfs/Coronado Center - Flyer.pdf,,Fun Noodle Bar,Restaurant,False
PE_CORONADO_CENTER,Coronado Center,Phillips Edison & Company,"Santa Fe, NM",522,Empire Sushi Buffet,10770.0,Food & Beverage,Restaurant,Food,10k+,No,No,Yes,No,No,,,Coronado Center - Flyer.pdf,pdfs/Coronado Center - Flyer.pdf,,Empire Sushi Buffet,Restaurant,False
PE_CORONADO_CENTER,Coronado Center,Phillips Edison & Company,"Santa Fe, NM",524-D,O'Reilly Auto Parts,6071.0,Hard Goods / Specialty Retail,Auto Parts,Hard Goods,3k-10k,No,No,No,No,Yes,,,Coronado Center - Flyer.pdf,pdfs/Coronado Center - Flyer.pdf,,O'Reilly Auto Parts,Auto Parts,False
PE_CORONADO_CENTER,Coronado Center,Phillips Edison & Company,"Santa Fe, NM",530-2,J. Crew Factory,4183.0,Apparel / Soft Goods,Apparel,Soft Goods,3k-10k,No,No,No,No,Yes,,,Coronado Center - Flyer.pdf,pdfs/Coronado Center - Flyer.pdf,,J.Crew Factory,Apparel,False
PE_CORONADO_CENTER,Coronado Center,Phillips Edison & Company,"Santa Fe, NM",540-C,Subway,1250.0,Food & Beverage,Restaurant,Food,0-3k,No,No,No,No,Yes,,,Coronado Center - Flyer.pdf,pdfs/Coronado Center - Flyer.pdf,,Subway,Restaurant,False
PE_CORONADO_CENTER,Coronado Center,Phillips Edison & Company,"Santa Fe, NM",506,Marty's Meals,7771.0,Food & Beverage,Restaurant,Food,3k-10k,No,No,No,No,Yes,,,Coronado Center - Flyer.pdf,pdfs/Coronado Center - Flyer.pdf,,Marty's Meals,Restaurant,False
PE_CORONADO_CENTER,Coronado Center,Phillips Edison & Company,"Santa Fe, NM",516,Orangetheory Fitness,2640.0,Fitness / Recreation,Fitness,Service,0-3k,No,No,No,No,Yes,,,Coronado Center - Flyer.pdf,pdfs/Coronado Center - Flyer.pdf,,Orangetheory Fitness,Fitness,False
PE_CORONADO_CENTER,Coronado Center,Phillips Edison & Company,"Santa Fe, NM",524-A,Nothing Bundt Cakes,3000.0,Food & Beverage,Coffee/Dessert,Food,0-3k,No,No,No,No,Yes,,,Coronado Center - Flyer.pdf,pdfs/Coronado Center - Flyer.pdf,,Nothing Bundt Cakes,Coffee/Dessert,False
PE_CORONADO_CENTER,Coronado Center,Phillips Edison & Company,"Santa Fe, NM",530-3,Great Clips,900.0,Beauty / Personal Care,Beauty,Service,0-3k,No,No,No,No,Yes,,,Coronado Center - Flyer.pdf,pdfs/Coronado Center - Flyer.pdf,,Great Clips,Beauty,False
PE_CORONADO_CENTER,Coronado Center,Phillips Edison & Company,"Santa Fe, NM",518-A,Dollar Tree,10300.0,Discount Retail,Discount Retail,Hard Goods,10k+,No,No,Yes,No,No,,,Coronado Center - Flyer.pdf,pdfs/Coronado Center - Flyer.pdf,,Dollar Tree,Discount Retail,False
PE_CORONADO_CENTER,Coronado Center,Phillips Edison & Company,"Santa Fe, NM",524-B,Trove Beauty - Alpha Bar,3220.0,Beauty / Personal Care,Beauty,Service,3k-10k,No,No,No,No,Yes,,,Coronado Center - Flyer.pdf,pdfs/Coronado Center - Flyer.pdf,,Trove Beauty - Alpha Bar,Beauty,False
PE_CORONADO_CENTER,Coronado Center,Phillips Edison & Company,"Santa Fe, NM",528B,AT&T,5423.0,Service / Bank / Telecom,Office/Tech,Service,3k-10k,No,No,No,No,Yes,,,Coronado Center - Flyer.pdf,pdfs/Coronado Center - Flyer.pdf,,AT&T,Office/Tech,False
PE_CORONADO_CENTER,Coronado Center,Phillips Edison & Company,"Santa Fe, NM",540-A,First National Bank of Santa Fe,2750.0,Service / Bank / Telecom,Bank,Service,0-3k,No,No,No,No,Yes,,,Coronado Center - Flyer.pdf,pdfs/Coronado Center - Flyer.pdf,,First National Bank of Santa Fe,Bank,False
PE_TRADER_JOES_CENTER,Trader Joe's Center,Phillips Edison & Company,"Dublin, OH",6301,Comfort Dental,3400.0,Medical / Health,Medical,Service,3k-10k,No,No,No,No,Yes,,,Trader Joe's Center - Flyer.pdf,pdfs/Trader Joe's Center - Flyer.pdf,,Comfort Dental,Medical,False
PE_TRADER_JOES_CENTER,Trader Joe's Center,Phillips Edison & Company,"Dublin, OH",6305,Funky Scissors,1440.0,Beauty / Personal Care,Beauty,Service,0-3k,No,No,No,No,Yes,,,Trader Joe's Center - Flyer.pdf,pdfs/Trader Joe's Center - Flyer.pdf,,Funky Scissors,Beauty,False
PE_TRADER_JOES_CENTER,Trader Joe's Center,Phillips Edison & Company,"Dublin, OH",6307,H&B Nail Spa,3360.0,Beauty / Personal Care,Beauty,Service,3k-10k,No,No,No,No,Yes,,,Trader Joe's Center - Flyer.pdf,pdfs/Trader Joe's Center - Flyer.pdf,,H&B Nail Spa,Beauty,False
PE_TRADER_JOES_CENTER,Trader Joe's Center,Phillips Edison & Company,"Dublin, OH",6313,Melt 'n Dip,2560.0,Food & Beverage,Coffee/Dessert,Food,0-3k,No,No,No,No,Yes,,,Trader Joe's Center - Flyer.pdf,pdfs/Trader Joe's Center - Flyer.pdf,,Melt 'n Dip,Coffee/Dessert,False
PE_TRADER_JOES_CENTER,Trader Joe's Center,Phillips Edison & Company,"Dublin, OH",6315,Sola Salon Studios,5042.0,Beauty / Personal Care,Beauty,Service,3k-10k,No,No,No,No,Yes,,,Trader Joe's Center - Flyer.pdf,pdfs/Trader Joe's Center - Flyer.pdf,,Sola Salon Studios,Beauty,False
PE_TRADER_JOES_CENTER,Trader Joe's Center,Phillips Edison & Company,"Dublin, OH",6321,Rettig Music,2800.0,Books / Media,Music Store,Hard Goods,0-3k,No,No,No,No,Yes,,,Trader Joe's Center - Flyer.pdf,pdfs/Trader Joe's Center - Flyer.pdf,,Rettig Music,Music Store,False
PE_TRADER_JOES_CENTER,Trader Joe's Center,Phillips Edison & Company,"Dublin, OH",6325,Yummy Bakery,1400.0,Food & Beverage,Coffee/Dessert,Food,0-3k,No,No,No,No,Yes,,,Trader Joe's Center - Flyer.pdf,pdfs/Trader Joe's Center - Flyer.pdf,,Yummy Bakery,Coffee/Dessert,False
PE_TRADER_JOES_CENTER,Trader Joe's Center,Phillips Edison & Company,"Dublin, OH",6327,Little Diggers,3000.0,Entertainment,Entertainment,Service,0-3k,No,No,No,No,Yes,,,Trader Joe's Center - Flyer.pdf,pdfs/Trader Joe's Center - Flyer.pdf,,Little Diggers,Entertainment,False
PE_TRADER_JOES_CENTER,Trader Joe's Center,Phillips Edison & Company,"Dublin, OH",6331,Nissin Travel,5380.0,Service / Bank / Telecom,Travel Service,Service,3k-10k,No,No,No,No,Yes,,,Trader Joe's Center - Flyer.pdf,pdfs/Trader Joe's Center - Flyer.pdf,,Nissin Travel,Travel Service,False
PE_TRADER_JOES_CENTER,Trader Joe's Center,Phillips Edison & Company,"Dublin, OH",6339,Wendy's Bridal Shoppes,6705.0,Apparel / Soft Goods,Apparel,Soft Goods,3k-10k,No,No,No,No,Yes,,,Trader Joe's Center - Flyer.pdf,pdfs/Trader Joe's Center - Flyer.pdf,,Wendy's Bridal Shoppes,Apparel,False
PE_TRADER_JOES_CENTER,Trader Joe's Center,Phillips Edison & Company,"Dublin, OH",6347,Ideal Image,3200.0,Beauty / Personal Care,Beauty,Service,3k-10k,No,No,No,No,Yes,,,Trader Joe's Center - Flyer.pdf,pdfs/Trader Joe's Center - Flyer.pdf,,Ideal Image,Beauty,False
PE_TRADER_JOES_CENTER,Trader Joe's Center,Phillips Edison & Company,"Dublin, OH",6351,Parry Custom Homes,2400.0,Service / Bank / Telecom,Home Services,Service,0-3k,No,No,No,No,Yes,,,Trader Joe's Center - Flyer.pdf,pdfs/Trader Joe's Center - Flyer.pdf,,Parry Custom Homes,Home Services,False
PE_TRADER_JOES_CENTER,Trader Joe's Center,Phillips Edison & Company,"Dublin, OH",6367A,Hippie Hut,2876.0,General / Specialty Retail,Other Retail,Other,0-3k,No,No,No,No,Yes,,,Trader Joe's Center - Flyer.pdf,pdfs/Trader Joe's Center - Flyer.pdf,,Hippie Hut,Other Retail,False
PE_TRADER_JOES_CENTER,Trader Joe's Center,Phillips Edison & Company,"Dublin, OH",6367B,Vivi Bubble Tea,1600.0,Food & Beverage,Coffee/Dessert,Food,0-3k,No,No,No,No,Yes,,,Trader Joe's Center - Flyer.pdf,pdfs/Trader Joe's Center - Flyer.pdf,,Vivi Bubble Tea,Coffee/Dessert,False
PE_TRADER_JOES_CENTER,Trader Joe's Center,Phillips Edison & Company,"Dublin, OH",6377,Bikanervala,2800.0,Food & Beverage,Restaurant,Food,0-3k,No,No,No,No,Yes,,,Trader Joe's Center - Flyer.pdf,pdfs/Trader Joe's Center - Flyer.pdf,,Bikanervala,Restaurant,False
PE_TRADER_JOES_CENTER,Trader Joe's Center,Phillips Edison & Company,"Dublin, OH",6381,Pinot's Palette,2845.0,Entertainment,Entertainment,Service,0-3k,No,No,No,No,Yes,,,Trader Joe's Center - Flyer.pdf,pdfs/Trader Joe's Center - Flyer.pdf,,Pinot's Palette,Entertainment,False
PE_TRADER_JOES_CENTER,Trader Joe's Center,Phillips Edison & Company,"Dublin, OH",6385,CosmoProf,3000.0,Beauty / Personal Care,Beauty Supply,Hard Goods,0-3k,No,No,No,No,Yes,,,Trader Joe's Center - Flyer.pdf,pdfs/Trader Joe's Center - Flyer.pdf,,CosmoProf,Beauty Supply,False
PE_TRADER_JOES_CENTER,Trader Joe's Center,Phillips Edison & Company,"Dublin, OH",6389,H&R Block,1600.0,Service / Bank / Telecom,Financial/Tax Service,Service,0-3k,No,No,No,No,Yes,,,Trader Joe's Center - Flyer.pdf,pdfs/Trader Joe's Center - Flyer.pdf,,H&R Block,Financial/Tax Service,False
PE_TRADER_JOES_CENTER,Trader Joe's Center,Phillips Edison & Company,"Dublin, OH",6391,Romanoff's Classic Tuxedo,1600.0,Apparel / Soft Goods,Apparel,Soft Goods,0-3k,No,No,No,No,Yes,,,Trader Joe's Center - Flyer.pdf,pdfs/Trader Joe's Center - Flyer.pdf,,Romanoff's Classic Tuxedo,Apparel,False
PE_TRADER_JOES_CENTER,Trader Joe's Center,Phillips Edison & Company,"Dublin, OH",6393,Vincenzo's,2000.0,Food & Beverage,Restaurant,Food,0-3k,No,No,No,No,Yes,,,Trader Joe's Center - Flyer.pdf,pdfs/Trader Joe's Center - Flyer.pdf,,Vincenzo's,Restaurant,False
PE_VINEYARD_CENTER,Vineyard Center,Phillips Edison & Company,"Templeton, CA",1121A,Sinton & Sons - Local Meat and Provisions,1338.0,Food & Beverage,Specialty Food,Food,0-3k,No,No,No,No,Yes,,,Vineyard Center - Flyer.pdf,pdfs/Vineyard Center - Flyer.pdf,,Sinton & Sons - Local Meat and Provisions,Specialty Food,False
PE_VINEYARD_CENTER,Vineyard Center,Phillips Edison & Company,"Templeton, CA",1121D,Cedar and Oak Salon,1212.0,Beauty / Personal Care,Beauty,Service,0-3k,No,No,No,No,Yes,,,Vineyard Center - Flyer.pdf,pdfs/Vineyard Center - Flyer.pdf,,Cedar and Oak Salon,Beauty,False
PE_VINEYARD_CENTER,Vineyard Center,Phillips Edison & Company,"Templeton, CA",1121E,Maddie Mae's Pet Pantry,1117.0,Pet,Pet Stores,Hard Goods,0-3k,No,No,No,No,Yes,,,Vineyard Center - Flyer.pdf,pdfs/Vineyard Center - Flyer.pdf,,Maddie Mae's Pet Pantry,Pet Stores,False
PE_VINEYARD_CENTER,Vineyard Center,Phillips Edison & Company,"Templeton, CA",1131A,Pier 46 Seafood,1300.0,Food & Beverage,Specialty Food,Food,0-3k,No,No,No,No,Yes,,,Vineyard Center - Flyer.pdf,pdfs/Vineyard Center - Flyer.pdf,,Pier 46 Seafood,Specialty Food,False
PE_VINEYARD_CENTER,Vineyard Center,Phillips Edison & Company,"Templeton, CA",1131B,Templeton Nails,1049.0,Beauty / Personal Care,Beauty,Service,0-3k,No,No,No,No,Yes,,,Vineyard Center - Flyer.pdf,pdfs/Vineyard Center - Flyer.pdf,,Templeton Nails,Beauty,False
FRT_TYSONS_STATION_VA,Tysons Station,Federal Realty Investment Trust,"Falls Church, VA",1,Tyson's Barber,405.0,Beauty / Personal Care,Federal Realty Tenant Roster,Service,0-3k,No,No,No,No,Yes,Tenant SF from Federal Realty tenant roster; site plan provided by user.,"7514 Leesburg Turnpike, Falls Church, VA 22043",Tysons Station - Site Plan.pdf,https://properties.federalrealty.com/property/Tysons-Station/3314036,,Tyson's Barber,Beauty / Personal Service,False
FRT_TYSONS_STATION_VA,Tysons Station,Federal Realty Investment Trust,"Falls Church, VA",2A,Tysons Dentist,1811.0,Medical / Health,Federal Realty Tenant Roster,Service,0-3k,No,No,No,No,Yes,Tenant SF from Federal Realty tenant roster; site plan provided by user.,"7514 Leesburg Turnpike, Falls Church, VA 22043",Tysons Station - Site Plan.pdf,https://properties.federalrealty.com/property/Tysons-Station/3314036,,Tysons Dentist,Medical / Health / Education,False
FRT_TYSONS_STATION_VA,Tysons Station,Federal Realty Investment Trust,"Falls Church, VA",2B,Olivia Massage Spa,854.0,Beauty / Personal Care,Federal Realty Tenant Roster,Service,0-3k,No,No,No,No,Yes,Tenant SF from Federal Realty tenant roster; site plan provided by user.,"7514 Leesburg Turnpike, Falls Church, VA 22043",Tysons Station - Site Plan.pdf,https://properties.federalrealty.com/property/Tysons-Station/3314036,,Olivia Massage Spa,Beauty / Personal Service,False
FRT_TYSONS_STATION_VA,Tysons Station,Federal Realty Investment Trust,"Falls Church, VA",3,Crisp & Juicy,1273.0,Food & Beverage,Federal Realty Tenant Roster,Food,0-3k,No,No,No,No,Yes,Tenant SF from Federal Realty tenant roster; site plan provided by user.,"7514 Leesburg Turnpike, Falls Church, VA 22043",Tysons Station - Site Plan.pdf,https://properties.federalrealty.com/property/Tysons-Station/3314036,,Crisp & Juicy,Restaurant / Food & Beverage,False
FRT_TYSONS_STATION_VA,Tysons Station,Federal Realty Investment Trust,"Falls Church, VA",4A,Java Loco,1385.0,General / Specialty Retail,Federal Realty Tenant Roster,Other,0-3k,No,No,No,No,Yes,Tenant SF from Federal Realty tenant roster; site plan provided by user.,"7514 Leesburg Turnpike, Falls Church, VA 22043",Tysons Station - Site Plan.pdf,https://properties.federalrealty.com/property/Tysons-Station/3314036,,Java Loco,Other,False
FRT_TYSONS_STATION_VA,Tysons Station,Federal Realty Investment Trust,"Falls Church, VA",6,Ledo Pizza,2911.0,Food & Beverage,Federal Realty Tenant Roster,Food,0-3k,No,No,No,No,Yes,Tenant SF from Federal Realty tenant roster; site plan provided by user.,"7514 Leesburg Turnpike, Falls Church, VA 22043",Tysons Station - Site Plan.pdf,https://properties.federalrealty.com/property/Tysons-Station/3314036,,Ledo Pizza,Restaurant / Food & Beverage,False
FRT_TYSONS_STATION_VA,Tysons Station,Federal Realty Investment Trust,"Falls Church, VA",7,European Wax Center,1187.0,Beauty / Personal Care,Federal Realty Tenant Roster,Service,0-3k,No,No,No,No,Yes,Tenant SF from Federal Realty tenant roster; site plan provided by user.,"7514 Leesburg Turnpike, Falls Church, VA 22043",Tysons Station - Site Plan.pdf,https://properties.federalrealty.com/property/Tysons-Station/3314036,,European Wax Center,Beauty / Personal Service,False
FRT_TYSONS_STATION_VA,Tysons Station,Federal Realty Investment Trust,"Falls Church, VA",8,Juice Time and Papa Kanafa,1418.0,Food & Beverage,Federal Realty Tenant Roster,Food,0-3k,No,No,No,No,Yes,Tenant SF from Federal Realty tenant roster; site plan provided by user.,"7514 Leesburg Turnpike, Falls Church, VA 22043",Tysons Station - Site Plan.pdf,https://properties.federalrealty.com/property/Tysons-Station/3314036,,Juice Time and Papa Kanafa,Restaurant / Food & Beverage,False
FRT_TYSONS_STATION_VA,Tysons Station,Federal Realty Investment Trust,"Falls Church, VA",9A,Woof Gang Bakery & Grooming,1518.0,Food & Beverage,Federal Realty Tenant Roster,Hard Goods,0-3k,No,No,No,No,Yes,Tenant SF from Federal Realty tenant roster; site plan provided by user.,"7514 Leesburg Turnpike, Falls Church, VA 22043",Tysons Station - Site Plan.pdf,https://properties.federalrealty.com/property/Tysons-Station/3314036,,Woof Gang Bakery & Grooming,Pet Stores,False
FRT_TYSONS_STATION_VA,Tysons Station,Federal Realty Investment Trust,"Falls Church, VA",9B,Nash & Smashed,2130.0,General / Specialty Retail,Federal Realty Tenant Roster,Other,0-3k,No,No,No,No,Yes,Tenant SF from Federal Realty tenant roster; site plan provided by user.,"7514 Leesburg Turnpike, Falls Church, VA 22043",Tysons Station - Site Plan.pdf,https://properties.federalrealty.com/property/Tysons-Station/3314036,,Nash & Smashed,Other,False
FRT_TYSONS_STATION_VA,Tysons Station,Federal Realty Investment Trust,"Falls Church, VA",9C,Blazin,1849.0,Food & Beverage,Federal Realty Tenant Roster,Food,0-3k,No,No,No,No,Yes,Tenant SF from Federal Realty tenant roster; site plan provided by user.,"7514 Leesburg Turnpike, Falls Church, VA 22043",Tysons Station - Site Plan.pdf,https://properties.federalrealty.com/property/Tysons-Station/3314036,,Blazin,Restaurant / Food & Beverage,False
FRT_TYSONS_STATION_VA,Tysons Station,Federal Realty Investment Trust,"Falls Church, VA",10,China King,2281.0,Food & Beverage,Federal Realty Tenant Roster,Food,0-3k,No,No,No,No,Yes,Tenant SF from Federal Realty tenant roster; site plan provided by user.,"7514 Leesburg Turnpike, Falls Church, VA 22043",Tysons Station - Site Plan.pdf,https://properties.federalrealty.com/property/Tysons-Station/3314036,,China King,Restaurant / Food & Beverage,False
FRT_TYSONS_STATION_VA,Tysons Station,Federal Realty Investment Trust,"Falls Church, VA",11,VEG ER for Pets,5054.0,Medical / Health,Federal Realty Tenant Roster,Service,3k-10k,No,No,No,No,Yes,Tenant SF from Federal Realty tenant roster; site plan provided by user.,"7514 Leesburg Turnpike, Falls Church, VA 22043",Tysons Station - Site Plan.pdf,https://properties.federalrealty.com/property/Tysons-Station/3314036,,VEG ER for Pets,Medical / Health / Education,False
FRT_TYSONS_STATION_VA,Tysons Station,Federal Realty Investment Trust,"Falls Church, VA",12A,PJ's Sports,2255.0,Fitness / Recreation,Federal Realty Tenant Roster,Service,0-3k,No,No,No,No,Yes,Tenant SF from Federal Realty tenant roster; site plan provided by user.,"7514 Leesburg Turnpike, Falls Church, VA 22043",Tysons Station - Site Plan.pdf,https://properties.federalrealty.com/property/Tysons-Station/3314036,,PJ's Sports,Fitness / Recreation,False
FRT_TYSONS_STATION_VA,Tysons Station,Federal Realty Investment Trust,"Falls Church, VA",12B,Koncept Nails Bar,2130.0,Beauty / Personal Care,Federal Realty Tenant Roster,Service,0-3k,No,No,No,No,Yes,Tenant SF from Federal Realty tenant roster; site plan provided by user.,"7514 Leesburg Turnpike, Falls Church, VA 22043",Tysons Station - Site Plan.pdf,https://properties.federalrealty.com/property/Tysons-Station/3314036,,Koncept Nails Bar,Beauty / Personal Service,False
FRT_TYSONS_STATION_VA,Tysons Station,Federal Realty Investment Trust,"Falls Church, VA",13,7-Eleven,2400.0,Service / Bank / Telecom,Federal Realty Tenant Roster,Service,0-3k,No,No,No,No,Yes,Tenant SF from Federal Realty tenant roster; site plan provided by user.,"7514 Leesburg Turnpike, Falls Church, VA 22043",Tysons Station - Site Plan.pdf,https://properties.federalrealty.com/property/Tysons-Station/3314036,,7-Eleven,Convenience / Bank / Telecom,False
FRT_TYSONS_STATION_VA,Tysons Station,Federal Realty Investment Trust,"Falls Church, VA",14,Sunoco,1624.0,Service / Bank / Telecom,Federal Realty Tenant Roster,Service,0-3k,No,No,No,No,Yes,Tenant SF from Federal Realty tenant roster; site plan provided by user.,"7514 Leesburg Turnpike, Falls Church, VA 22043",Tysons Station - Site Plan.pdf,https://properties.federalrealty.com/property/Tysons-Station/3314036,,Sunoco,Convenience / Bank / Telecom,False
FRT_BRICK_PLAZA_NJ,Brick Plaza,Federal Realty Investment Trust,"Brick, NJ",6,LA Fitness,34028.0,Fitness / Recreation,Federal Realty Tenant Roster,Service,10k+,No,No,Yes,Yes,No,Tenant SF from Federal Realty tenant roster; site plan provided by user.,"110 Brick Plaza, Brick, NJ 08723",Brick Plaza - Site Plan.pdf,https://properties.federalrealty.com/property/Brick-Plaza/3313951,,LA Fitness,Fitness / Recreation,False
FRT_BRICK_PLAZA_NJ,Brick Plaza,Federal Realty Investment Trust,"Brick, NJ",7,PetSmart,25678.0,Pet,Federal Realty Tenant Roster,Hard Goods,10k+,No,No,Yes,Yes,No,Tenant SF from Federal Realty tenant roster; site plan provided by user.,"110 Brick Plaza, Brick, NJ 08723",Brick Plaza - Site Plan.pdf,https://properties.federalrealty.com/property/Brick-Plaza/3313951,,PetSmart,Pet Stores,False
FRT_BRICK_PLAZA_NJ,Brick Plaza,Federal Realty Investment Trust,"Brick, NJ",8,Immediate Care Medical Walk-In,8033.0,Medical / Health,Federal Realty Tenant Roster,Service,3k-10k,No,No,No,No,Yes,Tenant SF from Federal Realty tenant roster; site plan provided by user.,"110 Brick Plaza, Brick, NJ 08723",Brick Plaza - Site Plan.pdf,https://properties.federalrealty.com/property/Brick-Plaza/3313951,,Immediate Care Medical Walk-In,Medical / Health / Education,False
FRT_BRICK_PLAZA_NJ,Brick Plaza,Federal Realty Investment Trust,"Brick, NJ",9,Amara Dental,2859.0,Medical / Health,Federal Realty Tenant Roster,Service,0-3k,No,No,No,No,Yes,Tenant SF from Federal Realty tenant roster; site plan provided by user.,"110 Brick Plaza, Brick, NJ 08723",Brick Plaza - Site Plan.pdf,https://properties.federalrealty.com/property/Brick-Plaza/3313951,,Amara Dental,Medical / Health / Education,False
FRT_BRICK_PLAZA_NJ,Brick Plaza,Federal Realty Investment Trust,"Brick, NJ",10,Jersey Mike's Subs,1608.0,Food & Beverage,Federal Realty Tenant Roster,Food,0-3k,No,No,No,No,Yes,Tenant SF from Federal Realty tenant roster; site plan provided by user.,"110 Brick Plaza, Brick, NJ 08723",Brick Plaza - Site Plan.pdf,https://properties.federalrealty.com/property/Brick-Plaza/3313951,,Jersey Mike's Subs,Restaurant / Food & Beverage,False
FRT_BRICK_PLAZA_NJ,Brick Plaza,Federal Realty Investment Trust,"Brick, NJ",11B,GameStop,1206.0,Hard Goods / Specialty Retail,Federal Realty Tenant Roster,Hard Goods,0-3k,No,No,No,No,Yes,Tenant SF from Federal Realty tenant roster; site plan provided by user.,"110 Brick Plaza, Brick, NJ 08723",Brick Plaza - Site Plan.pdf,https://properties.federalrealty.com/property/Brick-Plaza/3313951,,GameStop,Hard Goods / Home / Specialty Retail,False
FRT_BRICK_PLAZA_NJ,Brick Plaza,Federal Realty Investment Trust,"Brick, NJ",12,Brick Nails,1145.0,Beauty / Personal Care,Federal Realty Tenant Roster,Service,0-3k,No,No,No,No,Yes,Tenant SF from Federal Realty tenant roster; site plan provided by user.,"110 Brick Plaza, Brick, NJ 08723",Brick Plaza - Site Plan.pdf,https://properties.federalrealty.com/property/Brick-Plaza/3313951,,Brick Nails,Beauty / Personal Service,False
FRT_BRICK_PLAZA_NJ,Brick Plaza,Federal Realty Investment Trust,"Brick, NJ",13,Supercuts,1200.0,Beauty / Personal Care,Federal Realty Tenant Roster,Service,0-3k,No,No,No,No,Yes,Tenant SF from Federal Realty tenant roster; site plan provided by user.,"110 Brick Plaza, Brick, NJ 08723",Brick Plaza - Site Plan.pdf,https://properties.federalrealty.com/property/Brick-Plaza/3313951,,Supercuts,Beauty / Personal Service,False
FRT_BRICK_PLAZA_NJ,Brick Plaza,Federal Realty Investment Trust,"Brick, NJ",14,DAE GEE,1587.0,Food & Beverage,Federal Realty Tenant Roster,Food,0-3k,No,No,No,No,Yes,Tenant SF from Federal Realty tenant roster; site plan provided by user.,"110 Brick Plaza, Brick, NJ 08723",Brick Plaza - Site Plan.pdf,https://properties.federalrealty.com/property/Brick-Plaza/3313951,,DAE GEE,Restaurant / Food & Beverage,False
FRT_BRICK_PLAZA_NJ,Brick Plaza,Federal Realty Investment Trust,"Brick, NJ",16,Wonder,2788.0,Food & Beverage,Federal Realty Tenant Roster,Food,0-3k,No,No,No,No,Yes,Tenant SF from Federal Realty tenant roster; site plan provided by user.,"110 Brick Plaza, Brick, NJ 08723",Brick Plaza - Site Plan.pdf,https://properties.federalrealty.com/property/Brick-Plaza/3313951,,Wonder,Restaurant / Food & Beverage,False
FRT_BRICK_PLAZA_NJ,Brick Plaza,Federal Realty Investment Trust,"Brick, NJ",17,Chuck E. Cheese,9325.0,Entertainment,Federal Realty Tenant Roster,Other,3k-10k,No,No,No,No,Yes,Tenant SF from Federal Realty tenant roster; site plan provided by user.,"110 Brick Plaza, Brick, NJ 08723",Brick Plaza - Site Plan.pdf,https://properties.federalrealty.com/property/Brick-Plaza/3313951,,Chuck E. Cheese,Entertainment,False
FRT_BRICK_PLAZA_NJ,Brick Plaza,Federal Realty Investment Trust,"Brick, NJ",19,Hand & Stone Massage & Facial,4159.0,Beauty / Personal Care,Federal Realty Tenant Roster,Service,3k-10k,No,No,No,No,Yes,Tenant SF from Federal Realty tenant roster; site plan provided by user.,"110 Brick Plaza, Brick, NJ 08723",Brick Plaza - Site Plan.pdf,https://properties.federalrealty.com/property/Brick-Plaza/3313951,,Hand & Stone Massage & Facial,Beauty / Personal Service,False
FRT_BRICK_PLAZA_NJ,Brick Plaza,Federal Realty Investment Trust,"Brick, NJ",20,European Wax Center,1538.0,Beauty / Personal Care,Federal Realty Tenant Roster,Service,0-3k,No,No,No,No,Yes,Tenant SF from Federal Realty tenant roster; site plan provided by user.,"110 Brick Plaza, Brick, NJ 08723",Brick Plaza - Site Plan.pdf,https://properties.federalrealty.com/property/Brick-Plaza/3313951,,European Wax Center,Beauty / Personal Service,False
FRT_BRICK_PLAZA_NJ,Brick Plaza,Federal Realty Investment Trust,"Brick, NJ",20A,xfinity,1905.0,Service / Bank / Telecom,Federal Realty Tenant Roster,Service,0-3k,No,No,No,No,Yes,Tenant SF from Federal Realty tenant roster; site plan provided by user.,"110 Brick Plaza, Brick, NJ 08723",Brick Plaza - Site Plan.pdf,https://properties.federalrealty.com/property/Brick-Plaza/3313951,,xfinity,Convenience / Bank / Telecom,False
FRT_BRICK_PLAZA_NJ,Brick Plaza,Federal Realty Investment Trust,"Brick, NJ",21,Crumbl Cookies,2500.0,Food & Beverage,Federal Realty Tenant Roster,Food,0-3k,No,No,No,No,Yes,Tenant SF from Federal Realty tenant roster; site plan provided by user.,"110 Brick Plaza, Brick, NJ 08723",Brick Plaza - Site Plan.pdf,https://properties.federalrealty.com/property/Brick-Plaza/3313951,,Crumbl Cookies,Restaurant / Food & Beverage,False
FRT_BRICK_PLAZA_NJ,Brick Plaza,Federal Realty Investment Trust,"Brick, NJ",22,Gap Factory Store,8341.0,Apparel / Soft Goods,Federal Realty Tenant Roster,Soft Goods,3k-10k,No,No,No,No,Yes,Tenant SF from Federal Realty tenant roster; site plan provided by user.,"110 Brick Plaza, Brick, NJ 08723",Brick Plaza - Site Plan.pdf,https://properties.federalrealty.com/property/Brick-Plaza/3313951,,Gap Factory Store,Apparel / Soft Goods,False
FRT_BRICK_PLAZA_NJ,Brick Plaza,Federal Realty Investment Trust,"Brick, NJ",23,Barnes & Noble,22800.0,Books / Media,Federal Realty Tenant Roster,Hard Goods,10k+,No,No,Yes,Yes,No,Tenant SF from Federal Realty tenant roster; site plan provided by user.,"110 Brick Plaza, Brick, NJ 08723",Brick Plaza - Site Plan.pdf,https://properties.federalrealty.com/property/Brick-Plaza/3313951,,Barnes & Noble,Hard Goods / Home / Specialty Retail,False
FRT_BRICK_PLAZA_NJ,Brick Plaza,Federal Realty Investment Trust,"Brick, NJ",23A,The Good Feet Store,2924.0,Hard Goods / Specialty Retail,Federal Realty Tenant Roster,Hard Goods,0-3k,No,No,No,No,Yes,Tenant SF from Federal Realty tenant roster; site plan provided by user.,"110 Brick Plaza, Brick, NJ 08723",Brick Plaza - Site Plan.pdf,https://properties.federalrealty.com/property/Brick-Plaza/3313951,,The Good Feet Store,Hard Goods / Home / Specialty Retail,False
FRT_BRICK_PLAZA_NJ,Brick Plaza,Federal Realty Investment Trust,"Brick, NJ",24,Applebee's Neighborhood Grill,6000.0,Food & Beverage,Federal Realty Tenant Roster,Food,3k-10k,No,No,No,No,Yes,Tenant SF from Federal Realty tenant roster; site plan provided by user.,"110 Brick Plaza, Brick, NJ 08723",Brick Plaza - Site Plan.pdf,https://properties.federalrealty.com/property/Brick-Plaza/3313951,,Applebee's Neighborhood Grill,Restaurant / Food & Beverage,False
FRT_BRICK_PLAZA_NJ,Brick Plaza,Federal Realty Investment Trust,"Brick, NJ",25,Jersey Juice Co.,989.0,Food & Beverage,Federal Realty Tenant Roster,Food,0-3k,No,No,No,No,Yes,Tenant SF from Federal Realty tenant roster; site plan provided by user.,"110 Brick Plaza, Brick, NJ 08723",Brick Plaza - Site Plan.pdf,https://properties.federalrealty.com/property/Brick-Plaza/3313951,,Jersey Juice Co.,Restaurant / Food & Beverage,False
FRT_BRICK_PLAZA_NJ,Brick Plaza,Federal Realty Investment Trust,"Brick, NJ",26,Burlington,43290.0,Apparel / Soft Goods,Federal Realty Tenant Roster,Soft Goods,10k+,No,No,Yes,Yes,No,Tenant SF from Federal Realty tenant roster; site plan provided by user.,"110 Brick Plaza, Brick, NJ 08723",Brick Plaza - Site Plan.pdf,https://properties.federalrealty.com/property/Brick-Plaza/3313951,,Burlington,Apparel / Soft Goods,False
FRT_BRICK_PLAZA_NJ,Brick Plaza,Federal Realty Investment Trust,"Brick, NJ",26B,Golf Kings,10492.0,Fitness / Recreation,Federal Realty Tenant Roster,Service,10k+,No,No,Yes,Yes,No,Tenant SF from Federal Realty tenant roster; site plan provided by user.,"110 Brick Plaza, Brick, NJ 08723",Brick Plaza - Site Plan.pdf,https://properties.federalrealty.com/property/Brick-Plaza/3313951,,Golf Kings,Fitness / Recreation,False
FRT_BRICK_PLAZA_NJ,Brick Plaza,Federal Realty Investment Trust,"Brick, NJ",27A,MeeMoms,2520.0,Food & Beverage,Federal Realty Tenant Roster,Food,0-3k,No,No,No,No,Yes,Tenant SF from Federal Realty tenant roster; site plan provided by user.,"110 Brick Plaza, Brick, NJ 08723",Brick Plaza - Site Plan.pdf,https://properties.federalrealty.com/property/Brick-Plaza/3313951,,MeeMoms,Restaurant / Food & Beverage,False
FRT_BRICK_PLAZA_NJ,Brick Plaza,Federal Realty Investment Trust,"Brick, NJ",27B,HomeGoods,22257.0,Furniture / Home,Federal Realty Tenant Roster,Hard Goods,10k+,No,No,Yes,Yes,No,Tenant SF from Federal Realty tenant roster; site plan provided by user.,"110 Brick Plaza, Brick, NJ 08723",Brick Plaza - Site Plan.pdf,https://properties.federalrealty.com/property/Brick-Plaza/3313951,,HomeGoods,Hard Goods / Home / Specialty Retail,False
FRT_BRICK_PLAZA_NJ,Brick Plaza,Federal Realty Investment Trust,"Brick, NJ",27C,Michaels,22840.0,Hard Goods / Specialty Retail,Federal Realty Tenant Roster,Hard Goods,10k+,No,No,Yes,Yes,No,Tenant SF from Federal Realty tenant roster; site plan provided by user.,"110 Brick Plaza, Brick, NJ 08723",Brick Plaza - Site Plan.pdf,https://properties.federalrealty.com/property/Brick-Plaza/3313951,,Michaels,Hard Goods / Home / Specialty Retail,False
FRT_BRICK_PLAZA_NJ,Brick Plaza,Federal Realty Investment Trust,"Brick, NJ",28,ULTA Beauty,10457.0,Beauty / Personal Care,Federal Realty Tenant Roster,Service,10k+,No,No,Yes,Yes,No,Tenant SF from Federal Realty tenant roster; site plan provided by user.,"110 Brick Plaza, Brick, NJ 08723",Brick Plaza - Site Plan.pdf,https://properties.federalrealty.com/property/Brick-Plaza/3313951,,ULTA Beauty,Beauty / Personal Service,False
FRT_BRICK_PLAZA_NJ,Brick Plaza,Federal Realty Investment Trust,"Brick, NJ",29,DSW,13968.0,Apparel / Soft Goods,Federal Realty Tenant Roster,Soft Goods,10k+,No,No,Yes,Yes,No,Tenant SF from Federal Realty tenant roster; site plan provided by user.,"110 Brick Plaza, Brick, NJ 08723",Brick Plaza - Site Plan.pdf,https://properties.federalrealty.com/property/Brick-Plaza/3313951,,DSW,Apparel / Soft Goods,False
FRT_BRICK_PLAZA_NJ,Brick Plaza,Federal Realty Investment Trust,"Brick, NJ",30,Chipotle Mexican Grill,2717.0,Food & Beverage,Federal Realty Tenant Roster,Food,0-3k,No,No,No,No,Yes,Tenant SF from Federal Realty tenant roster; site plan provided by user.,"110 Brick Plaza, Brick, NJ 08723",Brick Plaza - Site Plan.pdf,https://properties.federalrealty.com/property/Brick-Plaza/3313951,,Chipotle,Restaurant / Food & Beverage,False
FRT_BRICK_PLAZA_NJ,Brick Plaza,Federal Realty Investment Trust,"Brick, NJ",31,J.Crew Factory,5451.0,Apparel / Soft Goods,Federal Realty Tenant Roster,Soft Goods,3k-10k,No,No,No,No,Yes,Tenant SF from Federal Realty tenant roster; site plan provided by user.,"110 Brick Plaza, Brick, NJ 08723",Brick Plaza - Site Plan.pdf,https://properties.federalrealty.com/property/Brick-Plaza/3313951,,J.Crew Factory,Apparel / Soft Goods,False
FRT_BRICK_PLAZA_NJ,Brick Plaza,Federal Realty Investment Trust,"Brick, NJ",32,PNC Bank,3398.0,Service / Bank / Telecom,Federal Realty Tenant Roster,Service,3k-10k,No,No,No,No,Yes,Tenant SF from Federal Realty tenant roster; site plan provided by user.,"110 Brick Plaza, Brick, NJ 08723",Brick Plaza - Site Plan.pdf,https://properties.federalrealty.com/property/Brick-Plaza/3313951,,PNC Bank,Convenience / Bank / Telecom,False
FRT_BRICK_PLAZA_NJ,Brick Plaza,Federal Realty Investment Trust,"Brick, NJ",33,AutoZone,6786.0,Hard Goods / Specialty Retail,Federal Realty Tenant Roster,Hard Goods,3k-10k,No,No,No,No,Yes,Tenant SF from Federal Realty tenant roster; site plan provided by user.,"110 Brick Plaza, Brick, NJ 08723",Brick Plaza - Site Plan.pdf,https://properties.federalrealty.com/property/Brick-Plaza/3313951,,AutoZone,Hard Goods / Home / Specialty Retail,False
FRT_BRICK_PLAZA_NJ,Brick Plaza,Federal Realty Investment Trust,"Brick, NJ",38,Bubbles07,1056.0,Food & Beverage,Federal Realty Tenant Roster,Service,0-3k,No,No,No,No,Yes,Tenant SF from Federal Realty tenant roster; site plan provided by user.,"110 Brick Plaza, Brick, NJ 08723",Brick Plaza - Site Plan.pdf,https://properties.federalrealty.com/property/Brick-Plaza/3313951,,Bubbles07,Beauty / Personal Service,False
FRT_BRICK_PLAZA_NJ,Brick Plaza,Federal Realty Investment Trust,"Brick, NJ",40,Ikko Hibachi Steak House,4690.0,Food & Beverage,Federal Realty Tenant Roster,Food,3k-10k,No,No,No,No,Yes,Tenant SF from Federal Realty tenant roster; site plan provided by user.,"110 Brick Plaza, Brick, NJ 08723",Brick Plaza - Site Plan.pdf,https://properties.federalrealty.com/property/Brick-Plaza/3313951,,Ikko Hibachi Steak House,Restaurant / Food & Beverage,False
FRT_BRICK_PLAZA_NJ,Brick Plaza,Federal Realty Investment Trust,"Brick, NJ",41,Gravity Vault Brick,13524.0,Fitness / Recreation,Federal Realty Tenant Roster,Service,10k+,No,No,Yes,Yes,No,Tenant SF from Federal Realty tenant roster; site plan provided by user.,"110 Brick Plaza, Brick, NJ 08723",Brick Plaza - Site Plan.pdf,https://properties.federalrealty.com/property/Brick-Plaza/3313951,,Gravity Vault Brick,Fitness / Recreation,False
FRT_BRICK_PLAZA_NJ,Brick Plaza,Federal Realty Investment Trust,"Brick, NJ",42,Wine Outlet,5474.0,Food & Beverage,Federal Realty Tenant Roster,Other,3k-10k,No,No,No,No,Yes,Tenant SF from Federal Realty tenant roster; site plan provided by user.,"110 Brick Plaza, Brick, NJ 08723",Brick Plaza - Site Plan.pdf,https://properties.federalrealty.com/property/Brick-Plaza/3313951,,Wine Outlet,Wine / Liquor,False
FRT_BRICK_PLAZA_NJ,Brick Plaza,Federal Realty Investment Trust,"Brick, NJ",50,AMC,44962.0,Entertainment,Federal Realty Tenant Roster,Other,10k+,No,No,Yes,Yes,No,Tenant SF from Federal Realty tenant roster; site plan provided by user.,"110 Brick Plaza, Brick, NJ 08723",Brick Plaza - Site Plan.pdf,https://properties.federalrealty.com/property/Brick-Plaza/3313951,,AMC,Entertainment,False
FRT_BRICK_PLAZA_NJ,Brick Plaza,Federal Realty Investment Trust,"Brick, NJ",52A,Raising Cane's,2818.0,Food & Beverage,Federal Realty Tenant Roster,Food,0-3k,No,No,No,No,Yes,Tenant SF from Federal Realty tenant roster; site plan provided by user.,"110 Brick Plaza, Brick, NJ 08723",Brick Plaza - Site Plan.pdf,https://properties.federalrealty.com/property/Brick-Plaza/3313951,,Raising Cane's,Restaurant / Food & Beverage,False
FRT_BRICK_PLAZA_NJ,Brick Plaza,Federal Realty Investment Trust,"Brick, NJ",53A,Cava Grill,2161.0,Food & Beverage,Federal Realty Tenant Roster,Food,0-3k,No,No,No,No,Yes,Tenant SF from Federal Realty tenant roster; site plan provided by user.,"110 Brick Plaza, Brick, NJ 08723",Brick Plaza - Site Plan.pdf,https://properties.federalrealty.com/property/Brick-Plaza/3313951,,Cava Grill,Restaurant / Food & Beverage,False
FRT_BRICK_PLAZA_NJ,Brick Plaza,Federal Realty Investment Trust,"Brick, NJ",53B,Gregorys Coffee,1827.0,Food & Beverage,Federal Realty Tenant Roster,Food,0-3k,No,No,No,No,Yes,Tenant SF from Federal Realty tenant roster; site plan provided by user.,"110 Brick Plaza, Brick, NJ 08723",Brick Plaza - Site Plan.pdf,https://properties.federalrealty.com/property/Brick-Plaza/3313951,,Gregorys Coffee,Restaurant / Food & Beverage,False
FRT_BRICK_PLAZA_NJ,Brick Plaza,Federal Realty Investment Trust,"Brick, NJ",54,Cuzin's Seafood & Steak House,10102.0,Food & Beverage,Federal Realty Tenant Roster,Food,10k+,No,No,Yes,Yes,No,Tenant SF from Federal Realty tenant roster; site plan provided by user.,"110 Brick Plaza, Brick, NJ 08723",Brick Plaza - Site Plan.pdf,https://properties.federalrealty.com/property/Brick-Plaza/3313951,,Cuzin's Seafood & Steak House,Restaurant / Food & Beverage,False
FRT_BRICK_PLAZA_NJ,Brick Plaza,Federal Realty Investment Trust,"Brick, NJ",55,Red Robin Gourmet Burgers & Brews,6000.0,Food & Beverage,Federal Realty Tenant Roster,Food,3k-10k,No,No,No,No,Yes,Tenant SF from Federal Realty tenant roster; site plan provided by user.,"110 Brick Plaza, Brick, NJ 08723",Brick Plaza - Site Plan.pdf,https://properties.federalrealty.com/property/Brick-Plaza/3313951,,Red Robin Gourmet Burgers & Brews,Restaurant / Food & Beverage,False
FRT_BRICK_PLAZA_NJ,Brick Plaza,Federal Realty Investment Trust,"Brick, NJ",56A,AT&T,3000.0,Service / Bank / Telecom,Federal Realty Tenant Roster,Service,0-3k,No,No,No,No,Yes,Tenant SF from Federal Realty tenant roster; site plan provided by user.,"110 Brick Plaza, Brick, NJ 08723",Brick Plaza - Site Plan.pdf,https://properties.federalrealty.com/property/Brick-Plaza/3313951,,AT&T,Convenience / Bank / Telecom,False
FRT_BRICK_PLAZA_NJ,Brick Plaza,Federal Realty Investment Trust,"Brick, NJ",56B,Smashburger,3000.0,Food & Beverage,Federal Realty Tenant Roster,Food,0-3k,No,No,No,No,Yes,Tenant SF from Federal Realty tenant roster; site plan provided by user.,"110 Brick Plaza, Brick, NJ 08723",Brick Plaza - Site Plan.pdf,https://properties.federalrealty.com/property/Brick-Plaza/3313951,,Smashburger,Restaurant / Food & Beverage,False
FRT_SAN_ANTONIO_CENTER_CA,San Antonio Center,Federal Realty Investment Trust,"Mountain View, CA",AA01,Sourdough & Co.,1200.0,Food & Beverage,Federal Realty Tenant Roster,Food,0-3k,No,No,No,No,Yes,Tenant SF from Federal Realty tenant roster; site plan provided by user.,"590 Showers Drive, Mountain View, CA 94040",San Antonio Center - Site Plan.pdf,https://properties.federalrealty.com/property/San-Antonio-Center/3314023,,Sourdough & Co.,Restaurant / Food & Beverage,False
FRT_SAN_ANTONIO_CENTER_CA,San Antonio Center,Federal Realty Investment Trust,"Mountain View, CA",AA02,xfinity,2400.0,Service / Bank / Telecom,Federal Realty Tenant Roster,Service,0-3k,No,No,No,No,Yes,Tenant SF from Federal Realty tenant roster; site plan provided by user.,"590 Showers Drive, Mountain View, CA 94040",San Antonio Center - Site Plan.pdf,https://properties.federalrealty.com/property/San-Antonio-Center/3314023,,xfinity,Convenience / Bank / Telecom,False
FRT_SAN_ANTONIO_CENTER_CA,San Antonio Center,Federal Realty Investment Trust,"Mountain View, CA",AA03,San Antonio Dental,1055.0,Medical / Health,Federal Realty Tenant Roster,Service,0-3k,No,No,No,No,Yes,Tenant SF from Federal Realty tenant roster; site plan provided by user.,"590 Showers Drive, Mountain View, CA 94040",San Antonio Center - Site Plan.pdf,https://properties.federalrealty.com/property/San-Antonio-Center/3314023,,San Antonio Dental,Medical / Health / Education,False
FRT_SAN_ANTONIO_CENTER_CA,San Antonio Center,Federal Realty Investment Trust,"Mountain View, CA",AA04,Eighty-Eight Sushi & Ramen,2759.0,Food & Beverage,Federal Realty Tenant Roster,Food,0-3k,No,No,No,No,Yes,Tenant SF from Federal Realty tenant roster; site plan provided by user.,"590 Showers Drive, Mountain View, CA 94040",San Antonio Center - Site Plan.pdf,https://properties.federalrealty.com/property/San-Antonio-Center/3314023,,Eighty-Eight Sushi & Ramen,Restaurant / Food & Beverage,False
FRT_SAN_ANTONIO_CENTER_CA,San Antonio Center,Federal Realty Investment Trust,"Mountain View, CA",AA05,Grateful Head,1060.0,General / Specialty Retail,Federal Realty Tenant Roster,Other,0-3k,No,No,No,No,Yes,Tenant SF from Federal Realty tenant roster; site plan provided by user.,"590 Showers Drive, Mountain View, CA 94040",San Antonio Center - Site Plan.pdf,https://properties.federalrealty.com/property/San-Antonio-Center/3314023,,Grateful Head,Other,False
FRT_SAN_ANTONIO_CENTER_CA,San Antonio Center,Federal Realty Investment Trust,"Mountain View, CA",AA06,Sally Beauty,1330.0,Beauty / Personal Care,Federal Realty Tenant Roster,Service,0-3k,No,No,No,No,Yes,Tenant SF from Federal Realty tenant roster; site plan provided by user.,"590 Showers Drive, Mountain View, CA 94040",San Antonio Center - Site Plan.pdf,https://properties.federalrealty.com/property/San-Antonio-Center/3314023,,Sally Beauty,Beauty / Personal Service,False
FRT_SAN_ANTONIO_CENTER_CA,San Antonio Center,Federal Realty Investment Trust,"Mountain View, CA",AA07,UPS Store,1100.0,Service / Bank / Telecom,Federal Realty Tenant Roster,Service,0-3k,No,No,No,No,Yes,Tenant SF from Federal Realty tenant roster; site plan provided by user.,"590 Showers Drive, Mountain View, CA 94040",San Antonio Center - Site Plan.pdf,https://properties.federalrealty.com/property/San-Antonio-Center/3314023,,UPS Store,Convenience / Bank / Telecom,False
FRT_SAN_ANTONIO_CENTER_CA,San Antonio Center,Federal Realty Investment Trust,"Mountain View, CA",AA08,Wingstop,1809.0,Food & Beverage,Federal Realty Tenant Roster,Food,0-3k,No,No,No,No,Yes,Tenant SF from Federal Realty tenant roster; site plan provided by user.,"590 Showers Drive, Mountain View, CA 94040",San Antonio Center - Site Plan.pdf,https://properties.federalrealty.com/property/San-Antonio-Center/3314023,,Wingstop,Restaurant / Food & Beverage,False
FRT_SAN_ANTONIO_CENTER_CA,San Antonio Center,Federal Realty Investment Trust,"Mountain View, CA",D004,24 Hour Fitness,35924.0,Fitness / Recreation,Federal Realty Tenant Roster,Service,10k+,No,No,Yes,Yes,No,Tenant SF from Federal Realty tenant roster; site plan provided by user.,"590 Showers Drive, Mountain View, CA 94040",San Antonio Center - Site Plan.pdf,https://properties.federalrealty.com/property/San-Antonio-Center/3314023,,24 Hour Fitness,Fitness / Recreation,False
FRT_SAN_ANTONIO_CENTER_CA,San Antonio Center,Federal Realty Investment Trust,"Mountain View, CA",D006,Sola Salons,4495.0,Beauty / Personal Care,Federal Realty Tenant Roster,Service,3k-10k,No,No,No,No,Yes,Tenant SF from Federal Realty tenant roster; site plan provided by user.,"590 Showers Drive, Mountain View, CA 94040",San Antonio Center - Site Plan.pdf,https://properties.federalrealty.com/property/San-Antonio-Center/3314023,,Sola Salons,Beauty / Personal Service,False
FRT_SAN_ANTONIO_CENTER_CA,San Antonio Center,Federal Realty Investment Trust,"Mountain View, CA",G001,Walmart,126627.0,Discount Retail,Federal Realty Tenant Roster,Hard Goods,10k+,No,No,Yes,Yes,No,Tenant SF from Federal Realty tenant roster; site plan provided by user.,"590 Showers Drive, Mountain View, CA 94040",San Antonio Center - Site Plan.pdf,https://properties.federalrealty.com/property/San-Antonio-Center/3314023,,Walmart,Hard Goods / Home / Specialty Retail,False
FRT_SAN_ANTONIO_CENTER_CA,San Antonio Center,Federal Realty Investment Trust,"Mountain View, CA",L,Chili's Grill & Bar,5731.0,Food & Beverage,Federal Realty Tenant Roster,Food,3k-10k,No,No,No,No,Yes,Tenant SF from Federal Realty tenant roster; site plan provided by user.,"590 Showers Drive, Mountain View, CA 94040",San Antonio Center - Site Plan.pdf,https://properties.federalrealty.com/property/San-Antonio-Center/3314023,,Chili's Grill & Bar,Restaurant / Food & Beverage,False
FRT_SAN_ANTONIO_CENTER_CA,San Antonio Center,Federal Realty Investment Trust,"Mountain View, CA",M,GEN Korean BBQ House,7195.0,Food & Beverage,Federal Realty Tenant Roster,Food,3k-10k,No,No,No,No,Yes,Tenant SF from Federal Realty tenant roster; site plan provided by user.,"590 Showers Drive, Mountain View, CA 94040",San Antonio Center - Site Plan.pdf,https://properties.federalrealty.com/property/San-Antonio-Center/3314023,,GEN Korean BBQ House,Restaurant / Food & Beverage,False
FRT_SAN_ANTONIO_CENTER_CA,San Antonio Center,Federal Realty Investment Trust,"Mountain View, CA",N002,General Nutrition Center,1274.0,Medical / Health,Federal Realty Tenant Roster,Service,0-3k,No,No,No,No,Yes,Tenant SF from Federal Realty tenant roster; site plan provided by user.,"590 Showers Drive, Mountain View, CA 94040",San Antonio Center - Site Plan.pdf,https://properties.federalrealty.com/property/San-Antonio-Center/3314023,,General Nutrition Center,Medical / Health / Education,False
FRT_SAN_ANTONIO_CENTER_CA,San Antonio Center,Federal Realty Investment Trust,"Mountain View, CA",N004,Mathnasium,2332.0,Medical / Health,Federal Realty Tenant Roster,Service,0-3k,No,No,No,No,Yes,Tenant SF from Federal Realty tenant roster; site plan provided by user.,"590 Showers Drive, Mountain View, CA 94040",San Antonio Center - Site Plan.pdf,https://properties.federalrealty.com/property/San-Antonio-Center/3314023,,Mathnasium,Medical / Health / Education,False
FRT_TOWN_CENTER_CROSSING_KS,Town Center Crossing,Federal Realty Investment Trust,"Leawood, KS",A101A,North Italia,5871.0,Food & Beverage,Federal Realty Tenant Roster,Food,3k-10k,No,No,No,No,Yes,Tenant SF from Federal Realty tenant roster; site plan provided by user.,"4201 W 119th St, Leawood, KS 66209",Town Center Crossing - Site Plan.pdf,https://properties.federalrealty.com/property/Town-Center-Crossing/3314806,,North Italia,Restaurant / Food & Beverage,False
FRT_TOWN_CENTER_CROSSING_KS,Town Center Crossing,Federal Realty Investment Trust,"Leawood, KS",A103B,Shade Store,1817.0,Furniture / Home,Federal Realty Tenant Roster,Hard Goods,0-3k,No,No,No,No,Yes,Tenant SF from Federal Realty tenant roster; site plan provided by user.,"4201 W 119th St, Leawood, KS 66209",Town Center Crossing - Site Plan.pdf,https://properties.federalrealty.com/property/Town-Center-Crossing/3314806,,Shade Store,Hard Goods / Home / Specialty Retail,False
FRT_TOWN_CENTER_CROSSING_KS,Town Center Crossing,Federal Realty Investment Trust,"Leawood, KS",A104,SalonOne19 & Spa,2001.0,Beauty / Personal Care,Federal Realty Tenant Roster,Service,0-3k,No,No,No,No,Yes,Tenant SF from Federal Realty tenant roster; site plan provided by user.,"4201 W 119th St, Leawood, KS 66209",Town Center Crossing - Site Plan.pdf,https://properties.federalrealty.com/property/Town-Center-Crossing/3314806,,SalonOne19 & Spa,Beauty / Personal Service,False
FRT_TOWN_CENTER_CROSSING_KS,Town Center Crossing,Federal Realty Investment Trust,"Leawood, KS",A105,Lovesac,1813.0,Furniture / Home,Federal Realty Tenant Roster,Hard Goods,0-3k,No,No,No,No,Yes,Tenant SF from Federal Realty tenant roster; site plan provided by user.,"4201 W 119th St, Leawood, KS 66209",Town Center Crossing - Site Plan.pdf,https://properties.federalrealty.com/property/Town-Center-Crossing/3314806,,Lovesac,Hard Goods / Home / Specialty Retail,False
FRT_TOWN_CENTER_CROSSING_KS,Town Center Crossing,Federal Realty Investment Trust,"Leawood, KS",A107A,Warby Parker,2000.0,Apparel / Soft Goods,Federal Realty Tenant Roster,Soft Goods,0-3k,No,No,No,No,Yes,Tenant SF from Federal Realty tenant roster; site plan provided by user.,"4201 W 119th St, Leawood, KS 66209",Town Center Crossing - Site Plan.pdf,https://properties.federalrealty.com/property/Town-Center-Crossing/3314806,,Warby Parker,Apparel / Soft Goods,False
FRT_TOWN_CENTER_CROSSING_KS,Town Center Crossing,Federal Realty Investment Trust,"Leawood, KS",A107B,Purple,4200.0,Furniture / Home,Federal Realty Tenant Roster,Hard Goods,3k-10k,No,No,No,No,Yes,Tenant SF from Federal Realty tenant roster; site plan provided by user.,"4201 W 119th St, Leawood, KS 66209",Town Center Crossing - Site Plan.pdf,https://properties.federalrealty.com/property/Town-Center-Crossing/3314806,,Purple,Hard Goods / Home / Specialty Retail,False
FRT_TOWN_CENTER_CROSSING_KS,Town Center Crossing,Federal Realty Investment Trust,"Leawood, KS",A107C,Vineyard Vines,3080.0,Apparel / Soft Goods,Federal Realty Tenant Roster,Soft Goods,3k-10k,No,No,No,No,Yes,Tenant SF from Federal Realty tenant roster; site plan provided by user.,"4201 W 119th St, Leawood, KS 66209",Town Center Crossing - Site Plan.pdf,https://properties.federalrealty.com/property/Town-Center-Crossing/3314806,,Vineyard Vines,Apparel / Soft Goods,False
FRT_TOWN_CENTER_CROSSING_KS,Town Center Crossing,Federal Realty Investment Trust,"Leawood, KS",A110,lululemon athletica,7634.0,Apparel / Soft Goods,Federal Realty Tenant Roster,Soft Goods,3k-10k,No,No,No,No,Yes,Tenant SF from Federal Realty tenant roster; site plan provided by user.,"4201 W 119th St, Leawood, KS 66209",Town Center Crossing - Site Plan.pdf,https://properties.federalrealty.com/property/Town-Center-Crossing/3314806,,lululemon athletica,Apparel / Soft Goods,False
FRT_TOWN_CENTER_CROSSING_KS,Town Center Crossing,Federal Realty Investment Trust,"Leawood, KS",A113,bluemercury,1672.0,Beauty / Personal Care,Federal Realty Tenant Roster,Service,0-3k,No,No,No,No,Yes,Tenant SF from Federal Realty tenant roster; site plan provided by user.,"4201 W 119th St, Leawood, KS 66209",Town Center Crossing - Site Plan.pdf,https://properties.federalrealty.com/property/Town-Center-Crossing/3314806,,bluemercury,Beauty / Personal Service,False
FRT_TOWN_CENTER_CROSSING_KS,Town Center Crossing,Federal Realty Investment Trust,"Leawood, KS",A115,Paper Source,3309.0,Hard Goods / Specialty Retail,Federal Realty Tenant Roster,Hard Goods,3k-10k,No,No,No,No,Yes,Tenant SF from Federal Realty tenant roster; site plan provided by user.,"4201 W 119th St, Leawood, KS 66209",Town Center Crossing - Site Plan.pdf,https://properties.federalrealty.com/property/Town-Center-Crossing/3314806,,Paper Source,Hard Goods / Home / Specialty Retail,False
FRT_TOWN_CENTER_CROSSING_KS,Town Center Crossing,Federal Realty Investment Trust,"Leawood, KS",A117,J.Crew,5226.0,Apparel / Soft Goods,Federal Realty Tenant Roster,Soft Goods,3k-10k,No,No,No,No,Yes,Tenant SF from Federal Realty tenant roster; site plan provided by user.,"4201 W 119th St, Leawood, KS 66209",Town Center Crossing - Site Plan.pdf,https://properties.federalrealty.com/property/Town-Center-Crossing/3314806,,J.Crew,Apparel / Soft Goods,False
FRT_TOWN_CENTER_CROSSING_KS,Town Center Crossing,Federal Realty Investment Trust,"Leawood, KS",A118,Cold Stone Creamery,815.0,Food & Beverage,Federal Realty Tenant Roster,Food,0-3k,No,No,No,No,Yes,Tenant SF from Federal Realty tenant roster; site plan provided by user.,"4201 W 119th St, Leawood, KS 66209",Town Center Crossing - Site Plan.pdf,https://properties.federalrealty.com/property/Town-Center-Crossing/3314806,,Cold Stone Creamery,Restaurant / Food & Beverage,False
FRT_TOWN_CENTER_CROSSING_KS,Town Center Crossing,Federal Realty Investment Trust,"Leawood, KS",A119,Kendra Scott,1703.0,Apparel / Soft Goods,Federal Realty Tenant Roster,Soft Goods,0-3k,No,No,No,No,Yes,Tenant SF from Federal Realty tenant roster; site plan provided by user.,"4201 W 119th St, Leawood, KS 66209",Town Center Crossing - Site Plan.pdf,https://properties.federalrealty.com/property/Town-Center-Crossing/3314806,,Kendra Scott,Apparel / Soft Goods,False
FRT_TOWN_CENTER_CROSSING_KS,Town Center Crossing,Federal Realty Investment Trust,"Leawood, KS","A121, A123A",Apple Computer,7999.0,Hard Goods / Specialty Retail,Federal Realty Tenant Roster,Hard Goods,3k-10k,No,No,No,No,Yes,Tenant SF from Federal Realty tenant roster; site plan provided by user.,"4201 W 119th St, Leawood, KS 66209",Town Center Crossing - Site Plan.pdf,https://properties.federalrealty.com/property/Town-Center-Crossing/3314806,,Apple Computer,Hard Goods / Home / Specialty Retail,False
FRT_TOWN_CENTER_CROSSING_KS,Town Center Crossing,Federal Realty Investment Trust,"Leawood, KS",A123B,Yeti,3396.0,Hard Goods / Specialty Retail,Federal Realty Tenant Roster,Hard Goods,3k-10k,No,No,No,No,Yes,Tenant SF from Federal Realty tenant roster; site plan provided by user.,"4201 W 119th St, Leawood, KS 66209",Town Center Crossing - Site Plan.pdf,https://properties.federalrealty.com/property/Town-Center-Crossing/3314806,,Yeti,Hard Goods / Home / Specialty Retail,False
FRT_TOWN_CENTER_CROSSING_KS,Town Center Crossing,Federal Realty Investment Trust,"Leawood, KS",A125,Roasterie Cafe,1769.0,Food & Beverage,Federal Realty Tenant Roster,Food,0-3k,No,No,No,No,Yes,Tenant SF from Federal Realty tenant roster; site plan provided by user.,"4201 W 119th St, Leawood, KS 66209",Town Center Crossing - Site Plan.pdf,https://properties.federalrealty.com/property/Town-Center-Crossing/3314806,,Roasterie Cafe,Restaurant / Food & Beverage,False
FRT_TOWN_CENTER_CROSSING_KS,Town Center Crossing,Federal Realty Investment Trust,"Leawood, KS",A127,Woodhouse Day Spa,4933.0,Beauty / Personal Care,Federal Realty Tenant Roster,Service,3k-10k,No,No,No,No,Yes,Tenant SF from Federal Realty tenant roster; site plan provided by user.,"4201 W 119th St, Leawood, KS 66209",Town Center Crossing - Site Plan.pdf,https://properties.federalrealty.com/property/Town-Center-Crossing/3314806,,Woodhouse Day Spa,Beauty / Personal Service,False
FRT_TOWN_CENTER_CROSSING_KS,Town Center Crossing,Federal Realty Investment Trust,"Leawood, KS",A129,Tecovas,5352.0,Apparel / Soft Goods,Federal Realty Tenant Roster,Soft Goods,3k-10k,No,No,No,No,Yes,Tenant SF from Federal Realty tenant roster; site plan provided by user.,"4201 W 119th St, Leawood, KS 66209",Town Center Crossing - Site Plan.pdf,https://properties.federalrealty.com/property/Town-Center-Crossing/3314806,,Tecovas,Apparel / Soft Goods,False
FRT_TOWN_CENTER_CROSSING_KS,Town Center Crossing,Federal Realty Investment Trust,"Leawood, KS",A133,LEGO,4072.0,Hard Goods / Specialty Retail,Federal Realty Tenant Roster,Hard Goods,3k-10k,No,No,No,No,Yes,Tenant SF from Federal Realty tenant roster; site plan provided by user.,"4201 W 119th St, Leawood, KS 66209",Town Center Crossing - Site Plan.pdf,https://properties.federalrealty.com/property/Town-Center-Crossing/3314806,,LEGO,Hard Goods / Home / Specialty Retail,False
FRT_TOWN_CENTER_CROSSING_KS,Town Center Crossing,Federal Realty Investment Trust,"Leawood, KS","A135A, A201",Compass,9945.0,Service / Bank / Telecom,Federal Realty Tenant Roster,Service,3k-10k,No,No,No,No,Yes,Tenant SF from Federal Realty tenant roster; site plan provided by user.,"4201 W 119th St, Leawood, KS 66209",Town Center Crossing - Site Plan.pdf,https://properties.federalrealty.com/property/Town-Center-Crossing/3314806,,Compass,Real Estate / Office,False
FRT_TOWN_CENTER_CROSSING_KS,Town Center Crossing,Federal Realty Investment Trust,"Leawood, KS",A137A,Fabletics,2348.0,Apparel / Soft Goods,Federal Realty Tenant Roster,Soft Goods,0-3k,No,No,No,No,Yes,Tenant SF from Federal Realty tenant roster; site plan provided by user.,"4201 W 119th St, Leawood, KS 66209",Town Center Crossing - Site Plan.pdf,https://properties.federalrealty.com/property/Town-Center-Crossing/3314806,,Fabletics,Apparel / Soft Goods,False
FRT_TOWN_CENTER_CROSSING_KS,Town Center Crossing,Federal Realty Investment Trust,"Leawood, KS",A138,Evereve,7060.0,Apparel / Soft Goods,Federal Realty Tenant Roster,Soft Goods,3k-10k,No,No,No,No,Yes,Tenant SF from Federal Realty tenant roster; site plan provided by user.,"4201 W 119th St, Leawood, KS 66209",Town Center Crossing - Site Plan.pdf,https://properties.federalrealty.com/property/Town-Center-Crossing/3314806,,Evereve,Apparel / Soft Goods,False
FRT_TOWN_CENTER_CROSSING_KS,Town Center Crossing,Federal Realty Investment Trust,"Leawood, KS",A139,Aritzia,13423.0,Apparel / Soft Goods,Federal Realty Tenant Roster,Soft Goods,10k+,No,No,Yes,Yes,No,Tenant SF from Federal Realty tenant roster; site plan provided by user.,"4201 W 119th St, Leawood, KS 66209",Town Center Crossing - Site Plan.pdf,https://properties.federalrealty.com/property/Town-Center-Crossing/3314806,,Aritzia,Apparel / Soft Goods,False
FRT_TOWN_CENTER_CROSSING_KS,Town Center Crossing,Federal Realty Investment Trust,"Leawood, KS",A143,Coach,5096.0,Apparel / Soft Goods,Federal Realty Tenant Roster,Soft Goods,3k-10k,No,No,No,No,Yes,Tenant SF from Federal Realty tenant roster; site plan provided by user.,"4201 W 119th St, Leawood, KS 66209",Town Center Crossing - Site Plan.pdf,https://properties.federalrealty.com/property/Town-Center-Crossing/3314806,,Coach,Apparel / Soft Goods,False
FRT_TOWN_CENTER_CROSSING_KS,Town Center Crossing,Federal Realty Investment Trust,"Leawood, KS",B,Crate & Barrel,33875.0,Furniture / Home,Federal Realty Tenant Roster,Hard Goods,10k+,No,No,Yes,Yes,No,Tenant SF from Federal Realty tenant roster; site plan provided by user.,"4201 W 119th St, Leawood, KS 66209",Town Center Crossing - Site Plan.pdf,https://properties.federalrealty.com/property/Town-Center-Crossing/3314806,,Crate & Barrel,Hard Goods / Home / Specialty Retail,False
FRT_TOWN_CENTER_CROSSING_KS,Town Center Crossing,Federal Realty Investment Trust,"Leawood, KS",C,Sullivan's,8790.0,Food & Beverage,Federal Realty Tenant Roster,Food,3k-10k,No,No,No,No,Yes,Tenant SF from Federal Realty tenant roster; site plan provided by user.,"4201 W 119th St, Leawood, KS 66209",Town Center Crossing - Site Plan.pdf,https://properties.federalrealty.com/property/Town-Center-Crossing/3314806,,Sullivan's,Restaurant / Food & Beverage,False
FRT_TOWN_CENTER_CROSSING_KS,Town Center Crossing,Federal Realty Investment Trust,"Leawood, KS",D103,Treats Unleashed,2151.0,Pet,Federal Realty Tenant Roster,Hard Goods,0-3k,No,No,No,No,Yes,Tenant SF from Federal Realty tenant roster; site plan provided by user.,"4201 W 119th St, Leawood, KS 66209",Town Center Crossing - Site Plan.pdf,https://properties.federalrealty.com/property/Town-Center-Crossing/3314806,,Treats Unleashed,Pet Stores,False
FRT_TOWN_CENTER_CROSSING_KS,Town Center Crossing,Federal Realty Investment Trust,"Leawood, KS",D105,Drybar,1637.0,Beauty / Personal Care,Federal Realty Tenant Roster,Service,0-3k,No,No,No,No,Yes,Tenant SF from Federal Realty tenant roster; site plan provided by user.,"4201 W 119th St, Leawood, KS 66209",Town Center Crossing - Site Plan.pdf,https://properties.federalrealty.com/property/Town-Center-Crossing/3314806,,Drybar,Beauty / Personal Service,False
FRT_TOWN_CENTER_CROSSING_KS,Town Center Crossing,Federal Realty Investment Trust,"Leawood, KS",DS1,Treats Unleashed,390.0,Pet,Federal Realty Tenant Roster,Hard Goods,0-3k,No,No,No,No,Yes,Tenant SF from Federal Realty tenant roster; site plan provided by user.,"4201 W 119th St, Leawood, KS 66209",Town Center Crossing - Site Plan.pdf,https://properties.federalrealty.com/property/Town-Center-Crossing/3314806,,Treats Unleashed,Pet Stores,False
KRG_CHASTAIN_MARKET_GA,Chastain Market,Kite Realty Group,"Sandy Springs, GA",A110,Books-A-Million,11040.0,Books / Media,Kite Realty site plan,Hard Goods,10k+,No,No,Yes,No,No,Tenant/SF transcribed from Kite Realty market page/site plan PDF provided by user; smaller/unclear labels were omitted or marked as available where shown.,4600 Roswell Rd NE,FS_GA_Chastain-Market_2026-05-12-124324_btnw.pdf,/mnt/data/FS_GA_Chastain-Market_2026-05-12-124324_btnw.pdf,,Books-A-Million,Bookstore,False
KRG_CHASTAIN_MARKET_GA,Chastain Market,Kite Realty Group,"Sandy Springs, GA",F100,CVS,13170.0,Medical / Health,Kite Realty site plan,Hard Goods,10k+,No,No,Yes,No,No,Tenant/SF transcribed from Kite Realty market page/site plan PDF provided by user; smaller/unclear labels were omitted or marked as available where shown.,4600 Roswell Rd NE,FS_GA_Chastain-Market_2026-05-12-124324_btnw.pdf,/mnt/data/FS_GA_Chastain-Market_2026-05-12-124324_btnw.pdf,,CVS,Pharmacy,False
KRG_CHASTAIN_MARKET_GA,Chastain Market,Kite Realty Group,"Sandy Springs, GA",G100,Three Dog Bakery,4092.0,Food & Beverage,Kite Realty site plan,Food,3k-10k,No,No,No,No,Yes,Tenant/SF transcribed from Kite Realty market page/site plan PDF provided by user; smaller/unclear labels were omitted or marked as available where shown.,4600 Roswell Rd NE,FS_GA_Chastain-Market_2026-05-12-124324_btnw.pdf,/mnt/data/FS_GA_Chastain-Market_2026-05-12-124324_btnw.pdf,,Three Dog Bakery,Restaurant / Food & Beverage,False
KRG_CHASTAIN_MARKET_GA,Chastain Market,Kite Realty Group,"Sandy Springs, GA",D110,Fish Joint,3000.0,Food & Beverage,Kite Realty site plan,Food,3k-10k,No,No,No,No,Yes,Tenant/SF transcribed from Kite Realty market page/site plan PDF provided by user; smaller/unclear labels were omitted or marked as available where shown.,4600 Roswell Rd NE,FS_GA_Chastain-Market_2026-05-12-124324_btnw.pdf,/mnt/data/FS_GA_Chastain-Market_2026-05-12-124324_btnw.pdf,,Fish Joint,Restaurant / Food & Beverage,False
KRG_CHASTAIN_MARKET_GA,Chastain Market,Kite Realty Group,"Sandy Springs, GA",D120,Corks & Caps,1902.0,Food & Beverage,Kite Realty site plan,Food,0-3k,No,No,No,No,Yes,Tenant/SF transcribed from Kite Realty market page/site plan PDF provided by user; smaller/unclear labels were omitted or marked as available where shown.,4600 Roswell Rd NE,FS_GA_Chastain-Market_2026-05-12-124324_btnw.pdf,/mnt/data/FS_GA_Chastain-Market_2026-05-12-124324_btnw.pdf,,Corks & Caps,Restaurant / Food & Beverage,False
KRG_CHASTAIN_MARKET_GA,Chastain Market,Kite Realty Group,"Sandy Springs, GA",D130,Restore Hyper Wellness,3920.0,Medical / Health,Kite Realty site plan,Service,3k-10k,No,No,No,No,Yes,Tenant/SF transcribed from Kite Realty market page/site plan PDF provided by user; smaller/unclear labels were omitted or marked as available where shown.,4600 Roswell Rd NE,FS_GA_Chastain-Market_2026-05-12-124324_btnw.pdf,/mnt/data/FS_GA_Chastain-Market_2026-05-12-124324_btnw.pdf,,Restore Hyper Wellness,Medical / Health / Education,False
KRG_CHASTAIN_MARKET_GA,Chastain Market,Kite Realty Group,"Sandy Springs, GA",D140,Salon Lofts,3548.0,Beauty / Personal Care,Kite Realty site plan,Service,3k-10k,No,No,No,No,Yes,Tenant/SF transcribed from Kite Realty market page/site plan PDF provided by user; smaller/unclear labels were omitted or marked as available where shown.,4600 Roswell Rd NE,FS_GA_Chastain-Market_2026-05-12-124324_btnw.pdf,/mnt/data/FS_GA_Chastain-Market_2026-05-12-124324_btnw.pdf,,Salon Lofts,Beauty / Personal Service,False
KRG_CHASTAIN_MARKET_GA,Chastain Market,Kite Realty Group,"Sandy Springs, GA",D200,Genesis Career Group,5332.0,Service / Bank / Telecom,Kite Realty site plan,Service,3k-10k,No,No,No,No,Yes,Tenant/SF transcribed from Kite Realty market page/site plan PDF provided by user; smaller/unclear labels were omitted or marked as available where shown.,4600 Roswell Rd NE,FS_GA_Chastain-Market_2026-05-12-124324_btnw.pdf,/mnt/data/FS_GA_Chastain-Market_2026-05-12-124324_btnw.pdf,,Genesis Career Group,Office / Finance / Service,False
KRG_CHASTAIN_MARKET_GA,Chastain Market,Kite Realty Group,"Sandy Springs, GA",D210,Law Office,3578.0,Service / Bank / Telecom,Kite Realty site plan,Service,3k-10k,No,No,No,No,Yes,Tenant/SF transcribed from Kite Realty market page/site plan PDF provided by user; smaller/unclear labels were omitted or marked as available where shown.,4600 Roswell Rd NE,FS_GA_Chastain-Market_2026-05-12-124324_btnw.pdf,/mnt/data/FS_GA_Chastain-Market_2026-05-12-124324_btnw.pdf,,Law Office,Office / Finance / Service,False
KRG_CHASTAIN_MARKET_GA,Chastain Market,Kite Realty Group,"Sandy Springs, GA",D220,Moder Financial,3763.0,Service / Bank / Telecom,Kite Realty site plan,Service,3k-10k,No,No,No,No,Yes,Tenant/SF transcribed from Kite Realty market page/site plan PDF provided by user; smaller/unclear labels were omitted or marked as available where shown.,4600 Roswell Rd NE,FS_GA_Chastain-Market_2026-05-12-124324_btnw.pdf,/mnt/data/FS_GA_Chastain-Market_2026-05-12-124324_btnw.pdf,,Moder Financial,Office / Finance / Service,False
KRG_CHASTAIN_MARKET_GA,Chastain Market,Kite Realty Group,"Sandy Springs, GA",E200,United Community Bank,3680.0,Service / Bank / Telecom,Kite Realty site plan,Service,3k-10k,No,No,No,No,Yes,Tenant/SF transcribed from Kite Realty market page/site plan PDF provided by user; smaller/unclear labels were omitted or marked as available where shown.,4600 Roswell Rd NE,FS_GA_Chastain-Market_2026-05-12-124324_btnw.pdf,/mnt/data/FS_GA_Chastain-Market_2026-05-12-124324_btnw.pdf,,United Community Bank,Office / Finance / Service,False
KRG_CHASTAIN_MARKET_GA,Chastain Market,Kite Realty Group,"Sandy Springs, GA",E110,Taka Sushi,2040.0,Food & Beverage,Kite Realty site plan,Food,0-3k,No,No,No,No,Yes,Tenant/SF transcribed from Kite Realty market page/site plan PDF provided by user; smaller/unclear labels were omitted or marked as available where shown.,4600 Roswell Rd NE,FS_GA_Chastain-Market_2026-05-12-124324_btnw.pdf,/mnt/data/FS_GA_Chastain-Market_2026-05-12-124324_btnw.pdf,,Taka Sushi,Restaurant / Food & Beverage,False
KRG_CHASTAIN_MARKET_GA,Chastain Market,Kite Realty Group,"Sandy Springs, GA",E120,Rush Bowls,1816.0,Food & Beverage,Kite Realty site plan,Food,0-3k,No,No,No,No,Yes,Tenant/SF transcribed from Kite Realty market page/site plan PDF provided by user; smaller/unclear labels were omitted or marked as available where shown.,4600 Roswell Rd NE,FS_GA_Chastain-Market_2026-05-12-124324_btnw.pdf,/mnt/data/FS_GA_Chastain-Market_2026-05-12-124324_btnw.pdf,,Rush Bowls,Restaurant / Food & Beverage,False
KRG_CHASTAIN_MARKET_GA,Chastain Market,Kite Realty Group,"Sandy Springs, GA",E130,Athletico Physical Therapy,1940.0,Medical / Health,Kite Realty site plan,Service,0-3k,No,No,No,No,Yes,Tenant/SF transcribed from Kite Realty market page/site plan PDF provided by user; smaller/unclear labels were omitted or marked as available where shown.,4600 Roswell Rd NE,FS_GA_Chastain-Market_2026-05-12-124324_btnw.pdf,/mnt/data/FS_GA_Chastain-Market_2026-05-12-124324_btnw.pdf,,Athletico Physical Therapy,Medical / Health / Education,False
KRG_CHASTAIN_MARKET_GA,Chastain Market,Kite Realty Group,"Sandy Springs, GA",E140,Lash Studio,866.0,Beauty / Personal Care,Kite Realty site plan,Service,0-3k,No,No,No,No,Yes,Tenant/SF transcribed from Kite Realty market page/site plan PDF provided by user; smaller/unclear labels were omitted or marked as available where shown.,4600 Roswell Rd NE,FS_GA_Chastain-Market_2026-05-12-124324_btnw.pdf,/mnt/data/FS_GA_Chastain-Market_2026-05-12-124324_btnw.pdf,,Lash Studio,Beauty / Personal Service,False
KRG_CHASTAIN_MARKET_GA,Chastain Market,Kite Realty Group,"Sandy Springs, GA",E150,Alloy Personal Training,4234.0,Fitness / Recreation,Kite Realty site plan,Service,3k-10k,No,No,No,No,Yes,Tenant/SF transcribed from Kite Realty market page/site plan PDF provided by user; smaller/unclear labels were omitted or marked as available where shown.,4600 Roswell Rd NE,FS_GA_Chastain-Market_2026-05-12-124324_btnw.pdf,/mnt/data/FS_GA_Chastain-Market_2026-05-12-124324_btnw.pdf,,Alloy Personal Training,Fitness,False
KRG_CHASTAIN_MARKET_GA,Chastain Market,Kite Realty Group,"Sandy Springs, GA",C110,Pvolve,3580.0,Fitness / Recreation,Kite Realty site plan,Service,3k-10k,No,No,No,No,Yes,Tenant/SF transcribed from Kite Realty market page/site plan PDF provided by user; smaller/unclear labels were omitted or marked as available where shown.,4600 Roswell Rd NE,FS_GA_Chastain-Market_2026-05-12-124324_btnw.pdf,/mnt/data/FS_GA_Chastain-Market_2026-05-12-124324_btnw.pdf,,Pvolve,Fitness,False
KRG_CHASTAIN_MARKET_GA,Chastain Market,Kite Realty Group,"Sandy Springs, GA",C120,Pacific Dental,2970.0,Medical / Health,Kite Realty site plan,Service,0-3k,No,No,No,No,Yes,Tenant/SF transcribed from Kite Realty market page/site plan PDF provided by user; smaller/unclear labels were omitted or marked as available where shown.,4600 Roswell Rd NE,FS_GA_Chastain-Market_2026-05-12-124324_btnw.pdf,/mnt/data/FS_GA_Chastain-Market_2026-05-12-124324_btnw.pdf,,Pacific Dental,Medical / Health / Education,False
KRG_CHASTAIN_MARKET_GA,Chastain Market,Kite Realty Group,"Sandy Springs, GA",B150,Piedmont Healthcare,4500.0,Medical / Health,Kite Realty site plan,Service,3k-10k,No,No,No,No,Yes,Tenant/SF transcribed from Kite Realty market page/site plan PDF provided by user; smaller/unclear labels were omitted or marked as available where shown.,4600 Roswell Rd NE,FS_GA_Chastain-Market_2026-05-12-124324_btnw.pdf,/mnt/data/FS_GA_Chastain-Market_2026-05-12-124324_btnw.pdf,,Piedmont Healthcare,Medical / Health / Education,False
KRG_CHASTAIN_MARKET_GA,Chastain Market,Kite Realty Group,"Sandy Springs, GA",B130,Alcove Aesthetics,2789.0,Beauty / Personal Care,Kite Realty site plan,Service,0-3k,No,No,No,No,Yes,Tenant/SF transcribed from Kite Realty market page/site plan PDF provided by user; smaller/unclear labels were omitted or marked as available where shown.,4600 Roswell Rd NE,FS_GA_Chastain-Market_2026-05-12-124324_btnw.pdf,/mnt/data/FS_GA_Chastain-Market_2026-05-12-124324_btnw.pdf,,Alcove Aesthetics,Beauty / Personal Service,False
KRG_CHASTAIN_MARKET_GA,Chastain Market,Kite Realty Group,"Sandy Springs, GA",B110,Allure Nails,2240.0,Beauty / Personal Care,Kite Realty site plan,Service,0-3k,No,No,No,No,Yes,Tenant/SF transcribed from Kite Realty market page/site plan PDF provided by user; smaller/unclear labels were omitted or marked as available where shown.,4600 Roswell Rd NE,FS_GA_Chastain-Market_2026-05-12-124324_btnw.pdf,/mnt/data/FS_GA_Chastain-Market_2026-05-12-124324_btnw.pdf,,Allure Nails,Beauty / Personal Service,False
KRG_CHASTAIN_MARKET_GA,Chastain Market,Kite Realty Group,"Sandy Springs, GA",C104,MBB / restaurant tenant,3276.0,Food & Beverage,Kite Realty site plan,Food,3k-10k,No,No,No,No,Yes,Tenant/SF transcribed from Kite Realty market page/site plan PDF provided by user; smaller/unclear labels were omitted or marked as available where shown.,4600 Roswell Rd NE,FS_GA_Chastain-Market_2026-05-12-124324_btnw.pdf,/mnt/data/FS_GA_Chastain-Market_2026-05-12-124324_btnw.pdf,,MBB / restaurant tenant,Restaurant / Food & Beverage,False
KRG_EDDY_STREET_COMMONS_IN,Eddy Street Commons,Kite Realty Group,"South Bend, IN",B101,Hammes Notre Dame Bookstore,20154.0,Books / Media,Kite Realty site plan,Hard Goods,10k+,No,No,Yes,No,No,Tenant/SF transcribed from Kite Realty market page/site plan PDF provided by user; smaller/unclear labels were omitted or marked as available where shown.,"1234 Eddy Street, Suite 115",FS_IN_Eddy-Street-Commons_2026-06-10-163236_pehy.pdf,/mnt/data/FS_IN_Eddy-Street-Commons_2026-06-10-163236_pehy.pdf,,Hammes Notre Dame Bookstore,Bookstore,False
KRG_EDDY_STREET_COMMONS_IN,Eddy Street Commons,Kite Realty Group,"South Bend, IN",B109,Bru Burger Bar,2405.0,Food & Beverage,Kite Realty site plan,Food,0-3k,No,No,No,No,Yes,Tenant/SF transcribed from Kite Realty market page/site plan PDF provided by user; smaller/unclear labels were omitted or marked as available where shown.,"1234 Eddy Street, Suite 115",FS_IN_Eddy-Street-Commons_2026-06-10-163236_pehy.pdf,/mnt/data/FS_IN_Eddy-Street-Commons_2026-06-10-163236_pehy.pdf,,Bru Burger Bar,Restaurant / Food & Beverage,False
KRG_EDDY_STREET_COMMONS_IN,Eddy Street Commons,Kite Realty Group,"South Bend, IN",B107,JINYA Ramen Bar,1601.0,Food & Beverage,Kite Realty site plan,Food,0-3k,No,No,No,No,Yes,Tenant/SF transcribed from Kite Realty market page/site plan PDF provided by user; smaller/unclear labels were omitted or marked as available where shown.,"1234 Eddy Street, Suite 115",FS_IN_Eddy-Street-Commons_2026-06-10-163236_pehy.pdf,/mnt/data/FS_IN_Eddy-Street-Commons_2026-06-10-163236_pehy.pdf,,JINYA Ramen Bar,Restaurant / Food & Beverage,False
KRG_EDDY_STREET_COMMONS_IN,Eddy Street Commons,Kite Realty Group,"South Bend, IN",B124,Five Guys,2793.0,Food & Beverage,Kite Realty site plan,Food,0-3k,No,No,No,No,Yes,Tenant/SF transcribed from Kite Realty market page/site plan PDF provided by user; smaller/unclear labels were omitted or marked as available where shown.,"1234 Eddy Street, Suite 115",FS_IN_Eddy-Street-Commons_2026-06-10-163236_pehy.pdf,/mnt/data/FS_IN_Eddy-Street-Commons_2026-06-10-163236_pehy.pdf,,Five Guys Burgers and Fries,Restaurant / Food & Beverage,False
KRG_EDDY_STREET_COMMONS_IN,Eddy Street Commons,Kite Realty Group,"South Bend, IN",B125,Chipotle,7785.0,Food & Beverage,Kite Realty site plan,Food,3k-10k,No,No,No,No,Yes,Tenant/SF transcribed from Kite Realty market page/site plan PDF provided by user; smaller/unclear labels were omitted or marked as available where shown.,"1234 Eddy Street, Suite 115",FS_IN_Eddy-Street-Commons_2026-06-10-163236_pehy.pdf,/mnt/data/FS_IN_Eddy-Street-Commons_2026-06-10-163236_pehy.pdf,,Chipotle,Restaurant / Food & Beverage,False
KRG_EDDY_STREET_COMMONS_IN,Eddy Street Commons,Kite Realty Group,"South Bend, IN",B111A,CAVA,4957.0,Food & Beverage,Kite Realty site plan,Food,3k-10k,No,No,No,No,Yes,Tenant/SF transcribed from Kite Realty market page/site plan PDF provided by user; smaller/unclear labels were omitted or marked as available where shown.,"1234 Eddy Street, Suite 115",FS_IN_Eddy-Street-Commons_2026-06-10-163236_pehy.pdf,/mnt/data/FS_IN_Eddy-Street-Commons_2026-06-10-163236_pehy.pdf,,CAVA,Restaurant / Food & Beverage,False
KRG_EDDY_STREET_COMMONS_IN,Eddy Street Commons,Kite Realty Group,"South Bend, IN",C108,Purely Pressed,1502.0,Food & Beverage,Kite Realty site plan,Other,0-3k,No,No,No,No,Yes,Tenant/SF transcribed from Kite Realty market page/site plan PDF provided by user; smaller/unclear labels were omitted or marked as available where shown.,"1234 Eddy Street, Suite 115",FS_IN_Eddy-Street-Commons_2026-06-10-163236_pehy.pdf,/mnt/data/FS_IN_Eddy-Street-Commons_2026-06-10-163236_pehy.pdf,,Purely Pressed,Other,False
KRG_EDDY_STREET_COMMONS_IN,Eddy Street Commons,Kite Realty Group,"South Bend, IN",A101,Murphyâ€™s / restaurant tenant,4927.0,Food & Beverage,Kite Realty site plan,Food,3k-10k,No,No,No,No,Yes,Tenant/SF transcribed from Kite Realty market page/site plan PDF provided by user; smaller/unclear labels were omitted or marked as available where shown.,"1234 Eddy Street, Suite 115",FS_IN_Eddy-Street-Commons_2026-06-10-163236_pehy.pdf,/mnt/data/FS_IN_Eddy-Street-Commons_2026-06-10-163236_pehy.pdf,,Murphyâ€™s / restaurant tenant,Restaurant / Food & Beverage,False
KRG_EDDY_STREET_COMMONS_IN,Eddy Street Commons,Kite Realty Group,"South Bend, IN",103B,CAVA / food tenant,4580.0,Food & Beverage,Kite Realty site plan,Food,3k-10k,No,No,No,No,Yes,Tenant/SF transcribed from Kite Realty market page/site plan PDF provided by user; smaller/unclear labels were omitted or marked as available where shown.,"1234 Eddy Street, Suite 115",FS_IN_Eddy-Street-Commons_2026-06-10-163236_pehy.pdf,/mnt/data/FS_IN_Eddy-Street-Commons_2026-06-10-163236_pehy.pdf,,CAVA / food tenant,Restaurant / Food & Beverage,False
KRG_EDDY_STREET_COMMONS_IN,Eddy Street Commons,Kite Realty Group,"South Bend, IN",100,Hammes Bookstore / retail tenant,5498.0,Books / Media,Kite Realty site plan,Hard Goods,3k-10k,No,No,No,No,Yes,Tenant/SF transcribed from Kite Realty market page/site plan PDF provided by user; smaller/unclear labels were omitted or marked as available where shown.,"1234 Eddy Street, Suite 115",FS_IN_Eddy-Street-Commons_2026-06-10-163236_pehy.pdf,/mnt/data/FS_IN_Eddy-Street-Commons_2026-06-10-163236_pehy.pdf,,Hammes Bookstore / retail tenant,Bookstore,False
KRG_EDDY_STREET_COMMONS_IN,Eddy Street Commons,Kite Realty Group,"South Bend, IN",100B,Retail Tenant,2702.0,Other / Unidentified,Kite Realty site plan,Other,0-3k,No,No,No,No,Yes,Tenant/SF transcribed from Kite Realty market page/site plan PDF provided by user; smaller/unclear labels were omitted or marked as available where shown.,"1234 Eddy Street, Suite 115",FS_IN_Eddy-Street-Commons_2026-06-10-163236_pehy.pdf,/mnt/data/FS_IN_Eddy-Street-Commons_2026-06-10-163236_pehy.pdf,,Retail Tenant,Other,True
KRG_EDDY_STREET_COMMONS_IN,Eddy Street Commons,Kite Realty Group,"South Bend, IN",002,Retail Tenant,2182.0,Other / Unidentified,Kite Realty site plan,Other,0-3k,No,No,No,No,Yes,Tenant/SF transcribed from Kite Realty market page/site plan PDF provided by user; smaller/unclear labels were omitted or marked as available where shown.,"1234 Eddy Street, Suite 115",FS_IN_Eddy-Street-Commons_2026-06-10-163236_pehy.pdf,/mnt/data/FS_IN_Eddy-Street-Commons_2026-06-10-163236_pehy.pdf,,Retail Tenant,Other,True
KRG_EDDY_STREET_COMMONS_IN,Eddy Street Commons,Kite Realty Group,"South Bend, IN",003,Retail Tenant,1997.0,Other / Unidentified,Kite Realty site plan,Other,0-3k,No,No,No,No,Yes,Tenant/SF transcribed from Kite Realty market page/site plan PDF provided by user; smaller/unclear labels were omitted or marked as available where shown.,"1234 Eddy Street, Suite 115",FS_IN_Eddy-Street-Commons_2026-06-10-163236_pehy.pdf,/mnt/data/FS_IN_Eddy-Street-Commons_2026-06-10-163236_pehy.pdf,,Retail Tenant,Other,True
KRG_EASTGATE_CROSSING_NC,Eastgate Crossing,Kite Realty Group,"Chapel Hill, NC",029B,Ulta Beauty,9823.0,Beauty / Personal Care,Kite Realty site plan,Soft Goods,3k-10k,No,No,No,No,Yes,Tenant/SF transcribed from Kite Realty market page/site plan PDF provided by user; smaller/unclear labels were omitted or marked as available where shown.,1800 E. Franklin Street,FS_NC_Eastgate-Crossing_2026-06-22-131920_vxxq.pdf,/mnt/data/FS_NC_Eastgate-Crossing_2026-06-22-131920_vxxq.pdf,,Ulta Beauty,Soft Goods / Apparel,False
KRG_EASTGATE_CROSSING_NC,Eastgate Crossing,Kite Realty Group,"Chapel Hill, NC",014,Aldi,24884.0,Food & Beverage,Kite Realty site plan,Food,10k+,Yes,No,Yes,Yes,No,Tenant/SF transcribed from Kite Realty market page/site plan PDF provided by user; smaller/unclear labels were omitted or marked as available where shown.,1800 E. Franklin Street,FS_NC_Eastgate-Crossing_2026-06-22-131920_vxxq.pdf,/mnt/data/FS_NC_Eastgate-Crossing_2026-06-22-131920_vxxq.pdf,,Aldi,Grocery,False
KRG_EASTGATE_CROSSING_NC,Eastgate Crossing,Kite Realty Group,"Chapel Hill, NC",019,Petco,10772.0,Pet,Kite Realty site plan,Hard Goods,10k+,No,No,Yes,No,No,Tenant/SF transcribed from Kite Realty market page/site plan PDF provided by user; smaller/unclear labels were omitted or marked as available where shown.,1800 E. Franklin Street,FS_NC_Eastgate-Crossing_2026-06-22-131920_vxxq.pdf,/mnt/data/FS_NC_Eastgate-Crossing_2026-06-22-131920_vxxq.pdf,,Petco,Pet Stores,False
KRG_EASTGATE_CROSSING_NC,Eastgate Crossing,Kite Realty Group,"Chapel Hill, NC",018A,J.Crew Factory,4410.0,Apparel / Soft Goods,Kite Realty site plan,Soft Goods,3k-10k,No,No,No,No,Yes,Tenant/SF transcribed from Kite Realty market page/site plan PDF provided by user; smaller/unclear labels were omitted or marked as available where shown.,1800 E. Franklin Street,FS_NC_Eastgate-Crossing_2026-06-22-131920_vxxq.pdf,/mnt/data/FS_NC_Eastgate-Crossing_2026-06-22-131920_vxxq.pdf,,J.Crew Factory,Soft Goods / Apparel,False
KRG_EASTGATE_CROSSING_NC,Eastgate Crossing,Kite Realty Group,"Chapel Hill, NC",003,Shake Shack,4200.0,Food & Beverage,Kite Realty site plan,Food,3k-10k,No,No,No,No,Yes,Tenant/SF transcribed from Kite Realty market page/site plan PDF provided by user; smaller/unclear labels were omitted or marked as available where shown.,1800 E. Franklin Street,FS_NC_Eastgate-Crossing_2026-06-22-131920_vxxq.pdf,/mnt/data/FS_NC_Eastgate-Crossing_2026-06-22-131920_vxxq.pdf,,Shake Shack,Restaurant / Food & Beverage,False
KRG_EASTGATE_CROSSING_NC,Eastgate Crossing,Kite Realty Group,"Chapel Hill, NC",006,Chipotle,1147.0,Food & Beverage,Kite Realty site plan,Food,0-3k,No,No,No,No,Yes,Tenant/SF transcribed from Kite Realty market page/site plan PDF provided by user; smaller/unclear labels were omitted or marked as available where shown.,1800 E. Franklin Street,FS_NC_Eastgate-Crossing_2026-06-22-131920_vxxq.pdf,/mnt/data/FS_NC_Eastgate-Crossing_2026-06-22-131920_vxxq.pdf,,Chipotle,Restaurant / Food & Beverage,False
KRG_EASTGATE_CROSSING_NC,Eastgate Crossing,Kite Realty Group,"Chapel Hill, NC",005,Club Pilates,3542.0,Fitness / Recreation,Kite Realty site plan,Service,3k-10k,No,No,No,No,Yes,Tenant/SF transcribed from Kite Realty market page/site plan PDF provided by user; smaller/unclear labels were omitted or marked as available where shown.,1800 E. Franklin Street,FS_NC_Eastgate-Crossing_2026-06-22-131920_vxxq.pdf,/mnt/data/FS_NC_Eastgate-Crossing_2026-06-22-131920_vxxq.pdf,,Club Pilates,Fitness,False
KRG_EASTGATE_CROSSING_NC,Eastgate Crossing,Kite Realty Group,"Chapel Hill, NC",020B,Twisted Noodles,1858.0,Food & Beverage,Kite Realty site plan,Food,0-3k,No,No,No,No,Yes,Tenant/SF transcribed from Kite Realty market page/site plan PDF provided by user; smaller/unclear labels were omitted or marked as available where shown.,1800 E. Franklin Street,FS_NC_Eastgate-Crossing_2026-06-22-131920_vxxq.pdf,/mnt/data/FS_NC_Eastgate-Crossing_2026-06-22-131920_vxxq.pdf,,Twisted Noodles,Restaurant / Food & Beverage,False
KRG_EASTGATE_CROSSING_NC,Eastgate Crossing,Kite Realty Group,"Chapel Hill, NC",021,Rose Nails,1567.0,Beauty / Personal Care,Kite Realty site plan,Service,0-3k,No,No,No,No,Yes,Tenant/SF transcribed from Kite Realty market page/site plan PDF provided by user; smaller/unclear labels were omitted or marked as available where shown.,1800 E. Franklin Street,FS_NC_Eastgate-Crossing_2026-06-22-131920_vxxq.pdf,/mnt/data/FS_NC_Eastgate-Crossing_2026-06-22-131920_vxxq.pdf,,Rose Nails,Beauty / Personal Service,False
KRG_EASTGATE_CROSSING_NC,Eastgate Crossing,Kite Realty Group,"Chapel Hill, NC",026A,Olmaz Jewelers,1555.0,Apparel / Soft Goods,Kite Realty site plan,Other,0-3k,No,No,No,No,Yes,Tenant/SF transcribed from Kite Realty market page/site plan PDF provided by user; smaller/unclear labels were omitted or marked as available where shown.,1800 E. Franklin Street,FS_NC_Eastgate-Crossing_2026-06-22-131920_vxxq.pdf,/mnt/data/FS_NC_Eastgate-Crossing_2026-06-22-131920_vxxq.pdf,,Olmaz Jewelers,Other,False
KRG_EASTGATE_CROSSING_NC,Eastgate Crossing,Kite Realty Group,"Chapel Hill, NC",023,McPherson Cleaners,525.0,Service / Bank / Telecom,Kite Realty site plan,Other,0-3k,No,No,No,No,Yes,Tenant/SF transcribed from Kite Realty market page/site plan PDF provided by user; smaller/unclear labels were omitted or marked as available where shown.,1800 E. Franklin Street,FS_NC_Eastgate-Crossing_2026-06-22-131920_vxxq.pdf,/mnt/data/FS_NC_Eastgate-Crossing_2026-06-22-131920_vxxq.pdf,,McPherson Cleaners,Other,False
KRG_ROYAL_OAKS_VILLAGE_II_TX,Royal Oaks Village II,Kite Realty Group,"Houston, TX",II-14,Kohl's,,Apparel / Soft Goods,Kite Realty site plan,Soft Goods,,No,No,No,No,,Tenant/SF transcribed from Kite Realty market page/site plan PDF provided by user; smaller/unclear labels were omitted or marked as available where shown.,11683 Westheimer Road,FS_TX_Royal-Oaks-Village-II_2026-04-22-172333_vwex.pdf,/mnt/data/FS_TX_Royal-Oaks-Village-II_2026-04-22-172333_vwex.pdf,,Kohl's,Soft Goods / Apparel,False
KRG_ROYAL_OAKS_VILLAGE_II_TX,Royal Oaks Village II,Kite Realty Group,"Houston, TX",II-12,Umi Sushi & Seafood Buffet,7444.0,Food & Beverage,Kite Realty site plan,Food,3k-10k,No,No,No,No,Yes,Tenant/SF transcribed from Kite Realty market page/site plan PDF provided by user; smaller/unclear labels were omitted or marked as available where shown.,11683 Westheimer Road,FS_TX_Royal-Oaks-Village-II_2026-04-22-172333_vwex.pdf,/mnt/data/FS_TX_Royal-Oaks-Village-II_2026-04-22-172333_vwex.pdf,,Umi Sushi & Seafood Buffet,Restaurant / Food & Beverage,False
KRG_ROYAL_OAKS_VILLAGE_II_TX,Royal Oaks Village II,Kite Realty Group,"Houston, TX",II-5,Touchstone Infusion,11783.0,Medical / Health,Kite Realty site plan,Service,10k+,No,No,Yes,No,No,Tenant/SF transcribed from Kite Realty market page/site plan PDF provided by user; smaller/unclear labels were omitted or marked as available where shown.,11683 Westheimer Road,FS_TX_Royal-Oaks-Village-II_2026-04-22-172333_vwex.pdf,/mnt/data/FS_TX_Royal-Oaks-Village-II_2026-04-22-172333_vwex.pdf,,Touchstone Infusion,Medical / Health / Education,False
KRG_ROYAL_OAKS_VILLAGE_II_TX,Royal Oaks Village II,Kite Realty Group,"Houston, TX",II-1,Fitness Connection,11810.0,Fitness / Recreation,Kite Realty site plan,Service,10k+,No,No,Yes,No,No,Tenant/SF transcribed from Kite Realty market page/site plan PDF provided by user; smaller/unclear labels were omitted or marked as available where shown.,11683 Westheimer Road,FS_TX_Royal-Oaks-Village-II_2026-04-22-172333_vwex.pdf,/mnt/data/FS_TX_Royal-Oaks-Village-II_2026-04-22-172333_vwex.pdf,,Fitness Connection,Fitness,False
KRG_ROYAL_OAKS_VILLAGE_II_TX,Royal Oaks Village II,Kite Realty Group,"Houston, TX",II-16,Capital One,,Service / Bank / Telecom,Kite Realty site plan,Service,,No,No,No,No,,Tenant/SF transcribed from Kite Realty market page/site plan PDF provided by user; smaller/unclear labels were omitted or marked as available where shown.,11683 Westheimer Road,FS_TX_Royal-Oaks-Village-II_2026-04-22-172333_vwex.pdf,/mnt/data/FS_TX_Royal-Oaks-Village-II_2026-04-22-172333_vwex.pdf,,Capital One,Office / Finance / Service,False
KRG_ROYAL_OAKS_VILLAGE_II_TX,Royal Oaks Village II,Kite Realty Group,"Houston, TX",II-15,Image Salon Studios,,Beauty / Personal Care,Kite Realty site plan,Service,,No,No,No,No,,Tenant/SF transcribed from Kite Realty market page/site plan PDF provided by user; smaller/unclear labels were omitted or marked as available where shown.,11683 Westheimer Road,FS_TX_Royal-Oaks-Village-II_2026-04-22-172333_vwex.pdf,/mnt/data/FS_TX_Royal-Oaks-Village-II_2026-04-22-172333_vwex.pdf,,Image Salon Studios,Beauty / Personal Service,False
KRG_SHOPPES_UNION_HILL_NJ,The Shoppes at Union Hill,Kite Realty Group,"Denville, NJ",3,Unidentified Tenant,2496.0,Other / Unidentified,Kite Realty site plan,Other,0-3k,No,No,No,No,Yes,Tenant/SF transcribed from Kite Realty market page/site plan PDF provided by user; some smaller/unclear labels were marked as Unidentified Tenant or Available where shown.,3056 State Route 10 West,FS_NJ_The-Shoppes-at-Union-Hill_2026-04-15-122720_fsep.pdf,/mnt/data/FS_NJ_The-Shoppes-at-Union-Hill_2026-04-15-122720_fsep.pdf,,Unidentified Tenant,Other,True
KRG_SHOPPES_UNION_HILL_NJ,The Shoppes at Union Hill,Kite Realty Group,"Denville, NJ",4,Unidentified Tenant,1513.0,Other / Unidentified,Kite Realty site plan,Other,0-3k,No,No,No,No,Yes,Tenant/SF transcribed from Kite Realty market page/site plan PDF provided by user; some smaller/unclear labels were marked as Unidentified Tenant or Available where shown.,3056 State Route 10 West,FS_NJ_The-Shoppes-at-Union-Hill_2026-04-15-122720_fsep.pdf,/mnt/data/FS_NJ_The-Shoppes-at-Union-Hill_2026-04-15-122720_fsep.pdf,,Unidentified Tenant,Other,True
KRG_SHOPPES_UNION_HILL_NJ,The Shoppes at Union Hill,Kite Realty Group,"Denville, NJ",5,Unidentified Tenant,4334.0,Other / Unidentified,Kite Realty site plan,Other,3k-10k,No,No,No,No,Yes,Tenant/SF transcribed from Kite Realty market page/site plan PDF provided by user; some smaller/unclear labels were marked as Unidentified Tenant or Available where shown.,3056 State Route 10 West,FS_NJ_The-Shoppes-at-Union-Hill_2026-04-15-122720_fsep.pdf,/mnt/data/FS_NJ_The-Shoppes-at-Union-Hill_2026-04-15-122720_fsep.pdf,,Unidentified Tenant,Other,True
KRG_SHOPPES_UNION_HILL_NJ,The Shoppes at Union Hill,Kite Realty Group,"Denville, NJ",6,Unidentified Tenant,2380.0,Other / Unidentified,Kite Realty site plan,Other,0-3k,No,No,No,No,Yes,Tenant/SF transcribed from Kite Realty market page/site plan PDF provided by user; some smaller/unclear labels were marked as Unidentified Tenant or Available where shown.,3056 State Route 10 West,FS_NJ_The-Shoppes-at-Union-Hill_2026-04-15-122720_fsep.pdf,/mnt/data/FS_NJ_The-Shoppes-at-Union-Hill_2026-04-15-122720_fsep.pdf,,Unidentified Tenant,Other,True
KRG_SHOPPES_UNION_HILL_NJ,The Shoppes at Union Hill,Kite Realty Group,"Denville, NJ",7,Unidentified Tenant,2052.0,Other / Unidentified,Kite Realty site plan,Other,0-3k,No,No,No,No,Yes,Tenant/SF transcribed from Kite Realty market page/site plan PDF provided by user; some smaller/unclear labels were marked as Unidentified Tenant or Available where shown.,3056 State Route 10 West,FS_NJ_The-Shoppes-at-Union-Hill_2026-04-15-122720_fsep.pdf,/mnt/data/FS_NJ_The-Shoppes-at-Union-Hill_2026-04-15-122720_fsep.pdf,,Unidentified Tenant,Other,True
KRG_SHOPPES_UNION_HILL_NJ,The Shoppes at Union Hill,Kite Realty Group,"Denville, NJ",8,Unidentified Tenant,1509.0,Other / Unidentified,Kite Realty site plan,Other,0-3k,No,No,No,No,Yes,Tenant/SF transcribed from Kite Realty market page/site plan PDF provided by user; some smaller/unclear labels were marked as Unidentified Tenant or Available where shown.,3056 State Route 10 West,FS_NJ_The-Shoppes-at-Union-Hill_2026-04-15-122720_fsep.pdf,/mnt/data/FS_NJ_The-Shoppes-at-Union-Hill_2026-04-15-122720_fsep.pdf,,Unidentified Tenant,Other,True
KRG_SHOPPES_UNION_HILL_NJ,The Shoppes at Union Hill,Kite Realty Group,"Denville, NJ",9,Unidentified Tenant,1318.0,Other / Unidentified,Kite Realty site plan,Other,0-3k,No,No,No,No,Yes,Tenant/SF transcribed from Kite Realty market page/site plan PDF provided by user; some smaller/unclear labels were marked as Unidentified Tenant or Available where shown.,3056 State Route 10 West,FS_NJ_The-Shoppes-at-Union-Hill_2026-04-15-122720_fsep.pdf,/mnt/data/FS_NJ_The-Shoppes-at-Union-Hill_2026-04-15-122720_fsep.pdf,,Unidentified Tenant,Other,True
KRG_SHOPPES_UNION_HILL_NJ,The Shoppes at Union Hill,Kite Realty Group,"Denville, NJ",10,Unidentified Tenant,1514.0,Other / Unidentified,Kite Realty site plan,Other,0-3k,No,No,No,No,Yes,Tenant/SF transcribed from Kite Realty market page/site plan PDF provided by user; some smaller/unclear labels were marked as Unidentified Tenant or Available where shown.,3056 State Route 10 West,FS_NJ_The-Shoppes-at-Union-Hill_2026-04-15-122720_fsep.pdf,/mnt/data/FS_NJ_The-Shoppes-at-Union-Hill_2026-04-15-122720_fsep.pdf,,Unidentified Tenant,Other,True
KRG_SHOPPES_UNION_HILL_NJ,The Shoppes at Union Hill,Kite Realty Group,"Denville, NJ",12,Unidentified Tenant,3055.0,Other / Unidentified,Kite Realty site plan,Other,3k-10k,No,No,No,No,Yes,Tenant/SF transcribed from Kite Realty market page/site plan PDF provided by user; some smaller/unclear labels were marked as Unidentified Tenant or Available where shown.,3056 State Route 10 West,FS_NJ_The-Shoppes-at-Union-Hill_2026-04-15-122720_fsep.pdf,/mnt/data/FS_NJ_The-Shoppes-at-Union-Hill_2026-04-15-122720_fsep.pdf,,Unidentified Tenant,Other,True
KRG_SHOPPES_UNION_HILL_NJ,The Shoppes at Union Hill,Kite Realty Group,"Denville, NJ",13,Top Style Nails,3042.0,Beauty / Personal Care,Kite Realty site plan,Service,3k-10k,No,No,No,No,Yes,Tenant/SF transcribed from Kite Realty market page/site plan PDF provided by user; some smaller/unclear labels were marked as Unidentified Tenant or Available where shown.,3056 State Route 10 West,FS_NJ_The-Shoppes-at-Union-Hill_2026-04-15-122720_fsep.pdf,/mnt/data/FS_NJ_The-Shoppes-at-Union-Hill_2026-04-15-122720_fsep.pdf,,Top Style Nails,Service,False
KRG_SHOPPES_UNION_HILL_NJ,The Shoppes at Union Hill,Kite Realty Group,"Denville, NJ",14,Unidentified Tenant,2475.0,Other / Unidentified,Kite Realty site plan,Other,0-3k,No,No,No,No,Yes,Tenant/SF transcribed from Kite Realty market page/site plan PDF provided by user; some smaller/unclear labels were marked as Unidentified Tenant or Available where shown.,3056 State Route 10 West,FS_NJ_The-Shoppes-at-Union-Hill_2026-04-15-122720_fsep.pdf,/mnt/data/FS_NJ_The-Shoppes-at-Union-Hill_2026-04-15-122720_fsep.pdf,,Unidentified Tenant,Other,True
KRG_SHOPPES_UNION_HILL_NJ,The Shoppes at Union Hill,Kite Realty Group,"Denville, NJ",15,GAP,10055.0,Apparel / Soft Goods,Kite Realty site plan,Soft Goods,10k+,No,No,Yes,No,No,Tenant/SF transcribed from Kite Realty market page/site plan PDF provided by user; some smaller/unclear labels were marked as Unidentified Tenant or Available where shown.,3056 State Route 10 West,FS_NJ_The-Shoppes-at-Union-Hill_2026-04-15-122720_fsep.pdf,/mnt/data/FS_NJ_The-Shoppes-at-Union-Hill_2026-04-15-122720_fsep.pdf,,GAP,Apparel,False
KRG_SHOPPES_UNION_HILL_NJ,The Shoppes at Union Hill,Kite Realty Group,"Denville, NJ",16,Unidentified Tenant,1966.0,Other / Unidentified,Kite Realty site plan,Other,0-3k,No,No,No,No,Yes,Tenant/SF transcribed from Kite Realty market page/site plan PDF provided by user; some smaller/unclear labels were marked as Unidentified Tenant or Available where shown.,3056 State Route 10 West,FS_NJ_The-Shoppes-at-Union-Hill_2026-04-15-122720_fsep.pdf,/mnt/data/FS_NJ_The-Shoppes-at-Union-Hill_2026-04-15-122720_fsep.pdf,,Unidentified Tenant,Other,True
KRG_SHOPPES_UNION_HILL_NJ,The Shoppes at Union Hill,Kite Realty Group,"Denville, NJ",17,Unidentified Tenant,2503.0,Other / Unidentified,Kite Realty site plan,Other,0-3k,No,No,No,No,Yes,Tenant/SF transcribed from Kite Realty market page/site plan PDF provided by user; some smaller/unclear labels were marked as Unidentified Tenant or Available where shown.,3056 State Route 10 West,FS_NJ_The-Shoppes-at-Union-Hill_2026-04-15-122720_fsep.pdf,/mnt/data/FS_NJ_The-Shoppes-at-Union-Hill_2026-04-15-122720_fsep.pdf,,Unidentified Tenant,Other,True
KRG_SHOPPES_UNION_HILL_NJ,The Shoppes at Union Hill,Kite Realty Group,"Denville, NJ",18,Unidentified Tenant,4979.0,Other / Unidentified,Kite Realty site plan,Other,3k-10k,No,No,No,No,Yes,Tenant/SF transcribed from Kite Realty market page/site plan PDF provided by user; some smaller/unclear labels were marked as Unidentified Tenant or Available where shown.,3056 State Route 10 West,FS_NJ_The-Shoppes-at-Union-Hill_2026-04-15-122720_fsep.pdf,/mnt/data/FS_NJ_The-Shoppes-at-Union-Hill_2026-04-15-122720_fsep.pdf,,Unidentified Tenant,Other,True
KRG_SHOPPES_UNION_HILL_NJ,The Shoppes at Union Hill,Kite Realty Group,"Denville, NJ",19,Unidentified Tenant,7000.0,Other / Unidentified,Kite Realty site plan,Other,3k-10k,No,No,No,No,Yes,Tenant/SF transcribed from Kite Realty market page/site plan PDF provided by user; some smaller/unclear labels were marked as Unidentified Tenant or Available where shown.,3056 State Route 10 West,FS_NJ_The-Shoppes-at-Union-Hill_2026-04-15-122720_fsep.pdf,/mnt/data/FS_NJ_The-Shoppes-at-Union-Hill_2026-04-15-122720_fsep.pdf,,Unidentified Tenant,Other,True
KRG_SHOPPES_UNION_HILL_NJ,The Shoppes at Union Hill,Kite Realty Group,"Denville, NJ",20,Unidentified Tenant,3930.0,Other / Unidentified,Kite Realty site plan,Other,3k-10k,No,No,No,No,Yes,Tenant/SF transcribed from Kite Realty market page/site plan PDF provided by user; some smaller/unclear labels were marked as Unidentified Tenant or Available where shown.,3056 State Route 10 West,FS_NJ_The-Shoppes-at-Union-Hill_2026-04-15-122720_fsep.pdf,/mnt/data/FS_NJ_The-Shoppes-at-Union-Hill_2026-04-15-122720_fsep.pdf,,Unidentified Tenant,Other,True
KRG_SHOPPES_UNION_HILL_NJ,The Shoppes at Union Hill,Kite Realty Group,"Denville, NJ",21,Unidentified Tenant,4500.0,Other / Unidentified,Kite Realty site plan,Other,3k-10k,No,No,No,No,Yes,Tenant/SF transcribed from Kite Realty market page/site plan PDF provided by user; some smaller/unclear labels were marked as Unidentified Tenant or Available where shown.,3056 State Route 10 West,FS_NJ_The-Shoppes-at-Union-Hill_2026-04-15-122720_fsep.pdf,/mnt/data/FS_NJ_The-Shoppes-at-Union-Hill_2026-04-15-122720_fsep.pdf,,Unidentified Tenant,Other,True
KRG_SHOPPES_UNION_HILL_NJ,The Shoppes at Union Hill,Kite Realty Group,"Denville, NJ",22,Unidentified Tenant,898.0,Other / Unidentified,Kite Realty site plan,Other,0-3k,No,No,No,No,Yes,Tenant/SF transcribed from Kite Realty market page/site plan PDF provided by user; some smaller/unclear labels were marked as Unidentified Tenant or Available where shown.,3056 State Route 10 West,FS_NJ_The-Shoppes-at-Union-Hill_2026-04-15-122720_fsep.pdf,/mnt/data/FS_NJ_The-Shoppes-at-Union-Hill_2026-04-15-122720_fsep.pdf,,Unidentified Tenant,Other,True
KRG_SHOPPES_UNION_HILL_NJ,The Shoppes at Union Hill,Kite Realty Group,"Denville, NJ",23,Unidentified Tenant,1216.0,Other / Unidentified,Kite Realty site plan,Other,0-3k,No,No,No,No,Yes,Tenant/SF transcribed from Kite Realty market page/site plan PDF provided by user; some smaller/unclear labels were marked as Unidentified Tenant or Available where shown.,3056 State Route 10 West,FS_NJ_The-Shoppes-at-Union-Hill_2026-04-15-122720_fsep.pdf,/mnt/data/FS_NJ_The-Shoppes-at-Union-Hill_2026-04-15-122720_fsep.pdf,,Unidentified Tenant,Other,True
KRG_SHOPPES_UNION_HILL_NJ,The Shoppes at Union Hill,Kite Realty Group,"Denville, NJ",24,Unidentified Tenant,9105.0,Other / Unidentified,Kite Realty site plan,Other,3k-10k,No,No,No,No,Yes,Tenant/SF transcribed from Kite Realty market page/site plan PDF provided by user; some smaller/unclear labels were marked as Unidentified Tenant or Available where shown.,3056 State Route 10 West,FS_NJ_The-Shoppes-at-Union-Hill_2026-04-15-122720_fsep.pdf,/mnt/data/FS_NJ_The-Shoppes-at-Union-Hill_2026-04-15-122720_fsep.pdf,,Unidentified Tenant,Other,True
KRG_SHOPPES_UNION_HILL_NJ,The Shoppes at Union Hill,Kite Realty Group,"Denville, NJ",25,Unidentified Tenant,4005.0,Other / Unidentified,Kite Realty site plan,Other,3k-10k,No,No,No,No,Yes,Tenant/SF transcribed from Kite Realty market page/site plan PDF provided by user; some smaller/unclear labels were marked as Unidentified Tenant or Available where shown.,3056 State Route 10 West,FS_NJ_The-Shoppes-at-Union-Hill_2026-04-15-122720_fsep.pdf,/mnt/data/FS_NJ_The-Shoppes-at-Union-Hill_2026-04-15-122720_fsep.pdf,,Unidentified Tenant,Other,True
KRG_CENTENNIAL_GATEWAY_NV,Centennial Gateway,Kite Realty Group,"Las Vegas, NV",001,UFC Gym,44619.0,Fitness / Recreation,Kite Realty site plan,Service,10k+,No,No,Yes,Yes,No,Tenant/SF transcribed from Kite Realty market page/site plan PDF provided by user; some smaller/unclear labels were marked as Unidentified Tenant or Available where shown.,5610-5765 Centennial Center Boulevard,FS_NV_Centennial-Gateway_2026-02-24-184304_cktz.pdf,/mnt/data/FS_NV_Centennial-Gateway_2026-02-24-184304_cktz.pdf,,UFC Gym,Service,False
KRG_CENTENNIAL_GATEWAY_NV,Centennial Gateway,Kite Realty Group,"Las Vegas, NV",002,Sportsman's Warehouse,55452.0,General / Specialty Retail,Kite Realty site plan,Hard Goods,10k+,No,No,Yes,Yes,No,Tenant/SF transcribed from Kite Realty market page/site plan PDF provided by user; some smaller/unclear labels were marked as Unidentified Tenant or Available where shown.,5610-5765 Centennial Center Boulevard,FS_NV_Centennial-Gateway_2026-02-24-184304_cktz.pdf,/mnt/data/FS_NV_Centennial-Gateway_2026-02-24-184304_cktz.pdf,,Sportsman's Warehouse,Retail,False
KRG_CENTENNIAL_GATEWAY_NV,Centennial Gateway,Kite Realty Group,"Las Vegas, NV",003,Boot Barn,11072.0,Apparel / Soft Goods,Kite Realty site plan,Soft Goods,10k+,No,No,Yes,No,No,Tenant/SF transcribed from Kite Realty market page/site plan PDF provided by user; some smaller/unclear labels were marked as Unidentified Tenant or Available where shown.,5610-5765 Centennial Center Boulevard,FS_NV_Centennial-Gateway_2026-02-24-184304_cktz.pdf,/mnt/data/FS_NV_Centennial-Gateway_2026-02-24-184304_cktz.pdf,,Boot Barn,Apparel,False
KRG_CENTENNIAL_GATEWAY_NV,Centennial Gateway,Kite Realty Group,"Las Vegas, NV",004,Unidentified Tenant,2995.0,Other / Unidentified,Kite Realty site plan,Other,0-3k,No,No,No,No,Yes,Tenant/SF transcribed from Kite Realty market page/site plan PDF provided by user; some smaller/unclear labels were marked as Unidentified Tenant or Available where shown.,5610-5765 Centennial Center Boulevard,FS_NV_Centennial-Gateway_2026-02-24-184304_cktz.pdf,/mnt/data/FS_NV_Centennial-Gateway_2026-02-24-184304_cktz.pdf,,Unidentified Tenant,Other,True
KRG_CENTENNIAL_GATEWAY_NV,Centennial Gateway,Kite Realty Group,"Las Vegas, NV",012,Walgreens,14820.0,Medical / Health,Kite Realty site plan,Hard Goods,10k+,No,No,Yes,Yes,No,Tenant/SF transcribed from Kite Realty market page/site plan PDF provided by user; some smaller/unclear labels were marked as Unidentified Tenant or Available where shown.,5610-5765 Centennial Center Boulevard,FS_NV_Centennial-Gateway_2026-02-24-184304_cktz.pdf,/mnt/data/FS_NV_Centennial-Gateway_2026-02-24-184304_cktz.pdf,,Walgreens,Retail,False
KRG_CENTENNIAL_GATEWAY_NV,Centennial Gateway,Kite Realty Group,"Las Vegas, NV",022,Sassy Lashes,1617.0,Beauty / Personal Care,Kite Realty site plan,Other,0-3k,No,No,No,No,Yes,Tenant/SF transcribed from Kite Realty market page/site plan PDF provided by user; some smaller/unclear labels were marked as Unidentified Tenant or Available where shown.,5610-5765 Centennial Center Boulevard,FS_NV_Centennial-Gateway_2026-02-24-184304_cktz.pdf,/mnt/data/FS_NV_Centennial-Gateway_2026-02-24-184304_cktz.pdf,,Sassy Lashes,Other,False
KRG_CENTENNIAL_GATEWAY_NV,Centennial Gateway,Kite Realty Group,"Las Vegas, NV",034,Unidentified Tenant,5500.0,Other / Unidentified,Kite Realty site plan,Other,3k-10k,No,No,No,No,Yes,Tenant/SF transcribed from Kite Realty market page/site plan PDF provided by user; some smaller/unclear labels were marked as Unidentified Tenant or Available where shown.,5610-5765 Centennial Center Boulevard,FS_NV_Centennial-Gateway_2026-02-24-184304_cktz.pdf,/mnt/data/FS_NV_Centennial-Gateway_2026-02-24-184304_cktz.pdf,,Unidentified Tenant,Other,True
KRG_CENTENNIAL_GATEWAY_NV,Centennial Gateway,Kite Realty Group,"Las Vegas, NV",033,Unidentified Tenant,4050.0,Other / Unidentified,Kite Realty site plan,Other,3k-10k,No,No,No,No,Yes,Tenant/SF transcribed from Kite Realty market page/site plan PDF provided by user; some smaller/unclear labels were marked as Unidentified Tenant or Available where shown.,5610-5765 Centennial Center Boulevard,FS_NV_Centennial-Gateway_2026-02-24-184304_cktz.pdf,/mnt/data/FS_NV_Centennial-Gateway_2026-02-24-184304_cktz.pdf,,Unidentified Tenant,Other,True
KRG_CENTENNIAL_GATEWAY_NV,Centennial Gateway,Kite Realty Group,"Las Vegas, NV",032,Unidentified Tenant,2930.0,Other / Unidentified,Kite Realty site plan,Other,0-3k,No,No,No,No,Yes,Tenant/SF transcribed from Kite Realty market page/site plan PDF provided by user; some smaller/unclear labels were marked as Unidentified Tenant or Available where shown.,5610-5765 Centennial Center Boulevard,FS_NV_Centennial-Gateway_2026-02-24-184304_cktz.pdf,/mnt/data/FS_NV_Centennial-Gateway_2026-02-24-184304_cktz.pdf,,Unidentified Tenant,Other,True
KRG_CENTENNIAL_GATEWAY_NV,Centennial Gateway,Kite Realty Group,"Las Vegas, NV",035,Unidentified Tenant,3000.0,Other / Unidentified,Kite Realty site plan,Other,3k-10k,No,No,No,No,Yes,Tenant/SF transcribed from Kite Realty market page/site plan PDF provided by user; some smaller/unclear labels were marked as Unidentified Tenant or Available where shown.,5610-5765 Centennial Center Boulevard,FS_NV_Centennial-Gateway_2026-02-24-184304_cktz.pdf,/mnt/data/FS_NV_Centennial-Gateway_2026-02-24-184304_cktz.pdf,,Unidentified Tenant,Other,True
KRG_CENTENNIAL_GATEWAY_NV,Centennial Gateway,Kite Realty Group,"Las Vegas, NV",014,Unidentified Tenant,1097.0,Other / Unidentified,Kite Realty site plan,Other,0-3k,No,No,No,No,Yes,Tenant/SF transcribed from Kite Realty market page/site plan PDF provided by user; some smaller/unclear labels were marked as Unidentified Tenant or Available where shown.,5610-5765 Centennial Center Boulevard,FS_NV_Centennial-Gateway_2026-02-24-184304_cktz.pdf,/mnt/data/FS_NV_Centennial-Gateway_2026-02-24-184304_cktz.pdf,,Unidentified Tenant,Other,True
KRG_CENTENNIAL_GATEWAY_NV,Centennial Gateway,Kite Realty Group,"Las Vegas, NV",013,Divine Threading,2231.0,Beauty / Personal Care,Kite Realty site plan,Service,0-3k,No,No,No,No,Yes,Tenant/SF transcribed from Kite Realty market page/site plan PDF provided by user; some smaller/unclear labels were marked as Unidentified Tenant or Available where shown.,5610-5765 Centennial Center Boulevard,FS_NV_Centennial-Gateway_2026-02-24-184304_cktz.pdf,/mnt/data/FS_NV_Centennial-Gateway_2026-02-24-184304_cktz.pdf,,Divine Threading,Service,False
KRG_CENTENNIAL_GATEWAY_NV,Centennial Gateway,Kite Realty Group,"Las Vegas, NV",016,Unidentified Tenant,1249.0,Other / Unidentified,Kite Realty site plan,Other,0-3k,No,No,No,No,Yes,Tenant/SF transcribed from Kite Realty market page/site plan PDF provided by user; some smaller/unclear labels were marked as Unidentified Tenant or Available where shown.,5610-5765 Centennial Center Boulevard,FS_NV_Centennial-Gateway_2026-02-24-184304_cktz.pdf,/mnt/data/FS_NV_Centennial-Gateway_2026-02-24-184304_cktz.pdf,,Unidentified Tenant,Other,True
KRG_CENTENNIAL_GATEWAY_NV,Centennial Gateway,Kite Realty Group,"Las Vegas, NV",015,Unidentified Tenant,1210.0,Other / Unidentified,Kite Realty site plan,Other,0-3k,No,No,No,No,Yes,Tenant/SF transcribed from Kite Realty market page/site plan PDF provided by user; some smaller/unclear labels were marked as Unidentified Tenant or Available where shown.,5610-5765 Centennial Center Boulevard,FS_NV_Centennial-Gateway_2026-02-24-184304_cktz.pdf,/mnt/data/FS_NV_Centennial-Gateway_2026-02-24-184304_cktz.pdf,,Unidentified Tenant,Other,True
KRG_CENTENNIAL_GATEWAY_NV,Centennial Gateway,Kite Realty Group,"Las Vegas, NV",030,Secret of Siam,1326.0,Food & Beverage,Kite Realty site plan,Food,0-3k,No,No,No,No,Yes,Tenant/SF transcribed from Kite Realty market page/site plan PDF provided by user; some smaller/unclear labels were marked as Unidentified Tenant or Available where shown.,5610-5765 Centennial Center Boulevard,FS_NV_Centennial-Gateway_2026-02-24-184304_cktz.pdf,/mnt/data/FS_NV_Centennial-Gateway_2026-02-24-184304_cktz.pdf,,Secret of Siam,Restaurant,False
KRG_CENTENNIAL_GATEWAY_NV,Centennial Gateway,Kite Realty Group,"Las Vegas, NV",019,Teriyaki Madness,2966.0,Food & Beverage,Kite Realty site plan,Food,0-3k,No,No,No,No,Yes,Tenant/SF transcribed from Kite Realty market page/site plan PDF provided by user; some smaller/unclear labels were marked as Unidentified Tenant or Available where shown.,5610-5765 Centennial Center Boulevard,FS_NV_Centennial-Gateway_2026-02-24-184304_cktz.pdf,/mnt/data/FS_NV_Centennial-Gateway_2026-02-24-184304_cktz.pdf,,Teriyaki Madness,Restaurant,False
KRG_CENTENNIAL_GATEWAY_NV,Centennial Gateway,Kite Realty Group,"Las Vegas, NV",018,Unidentified Tenant,2262.0,Other / Unidentified,Kite Realty site plan,Other,0-3k,No,No,No,No,Yes,Tenant/SF transcribed from Kite Realty market page/site plan PDF provided by user; some smaller/unclear labels were marked as Unidentified Tenant or Available where shown.,5610-5765 Centennial Center Boulevard,FS_NV_Centennial-Gateway_2026-02-24-184304_cktz.pdf,/mnt/data/FS_NV_Centennial-Gateway_2026-02-24-184304_cktz.pdf,,Unidentified Tenant,Other,True
KRG_CENTENNIAL_GATEWAY_NV,Centennial Gateway,Kite Realty Group,"Las Vegas, NV",017,Optic Gallery,1084.0,Medical / Health,Kite Realty site plan,Other,0-3k,No,No,No,No,Yes,Tenant/SF transcribed from Kite Realty market page/site plan PDF provided by user; some smaller/unclear labels were marked as Unidentified Tenant or Available where shown.,5610-5765 Centennial Center Boulevard,FS_NV_Centennial-Gateway_2026-02-24-184304_cktz.pdf,/mnt/data/FS_NV_Centennial-Gateway_2026-02-24-184304_cktz.pdf,,Optic Gallery,Other,False
KRG_CENTENNIAL_GATEWAY_NV,Centennial Gateway,Kite Realty Group,"Las Vegas, NV",020,Dr. B's Children's Dentistry,2623.0,Medical / Health,Kite Realty site plan,Service,0-3k,No,No,No,No,Yes,Tenant/SF transcribed from Kite Realty market page/site plan PDF provided by user; some smaller/unclear labels were marked as Unidentified Tenant or Available where shown.,5610-5765 Centennial Center Boulevard,FS_NV_Centennial-Gateway_2026-02-24-184304_cktz.pdf,/mnt/data/FS_NV_Centennial-Gateway_2026-02-24-184304_cktz.pdf,,Dr. B's Children's Dentistry,Service,False
KRG_CENTENNIAL_GATEWAY_NV,Centennial Gateway,Kite Realty Group,"Las Vegas, NV",021,Unidentified Tenant,2656.0,Other / Unidentified,Kite Realty site plan,Other,0-3k,No,No,No,No,Yes,Tenant/SF transcribed from Kite Realty market page/site plan PDF provided by user; some smaller/unclear labels were marked as Unidentified Tenant or Available where shown.,5610-5765 Centennial Center Boulevard,FS_NV_Centennial-Gateway_2026-02-24-184304_cktz.pdf,/mnt/data/FS_NV_Centennial-Gateway_2026-02-24-184304_cktz.pdf,,Unidentified Tenant,Other,True
KRG_CENTENNIAL_GATEWAY_NV,Centennial Gateway,Kite Realty Group,"Las Vegas, NV",023,Cafe Rio,3498.0,Food & Beverage,Kite Realty site plan,Food,3k-10k,No,No,No,No,Yes,Tenant/SF transcribed from Kite Realty market page/site plan PDF provided by user; some smaller/unclear labels were marked as Unidentified Tenant or Available where shown.,5610-5765 Centennial Center Boulevard,FS_NV_Centennial-Gateway_2026-02-24-184304_cktz.pdf,/mnt/data/FS_NV_Centennial-Gateway_2026-02-24-184304_cktz.pdf,,Cafe Rio,Restaurant,False
KRG_CENTENNIAL_GATEWAY_NV,Centennial Gateway,Kite Realty Group,"Las Vegas, NV",024,Unidentified Tenant,2505.0,Other / Unidentified,Kite Realty site plan,Other,0-3k,No,No,No,No,Yes,Tenant/SF transcribed from Kite Realty market page/site plan PDF provided by user; some smaller/unclear labels were marked as Unidentified Tenant or Available where shown.,5610-5765 Centennial Center Boulevard,FS_NV_Centennial-Gateway_2026-02-24-184304_cktz.pdf,/mnt/data/FS_NV_Centennial-Gateway_2026-02-24-184304_cktz.pdf,,Unidentified Tenant,Other,True
KRG_CENTENNIAL_GATEWAY_NV,Centennial Gateway,Kite Realty Group,"Las Vegas, NV",025,Unidentified Tenant,1538.0,Other / Unidentified,Kite Realty site plan,Other,0-3k,No,No,No,No,Yes,Tenant/SF transcribed from Kite Realty market page/site plan PDF provided by user; some smaller/unclear labels were marked as Unidentified Tenant or Available where shown.,5610-5765 Centennial Center Boulevard,FS_NV_Centennial-Gateway_2026-02-24-184304_cktz.pdf,/mnt/data/FS_NV_Centennial-Gateway_2026-02-24-184304_cktz.pdf,,Unidentified Tenant,Other,True
KRG_CENTENNIAL_GATEWAY_NV,Centennial Gateway,Kite Realty Group,"Las Vegas, NV",027,Unidentified Tenant,3381.0,Other / Unidentified,Kite Realty site plan,Other,3k-10k,No,No,No,No,Yes,Tenant/SF transcribed from Kite Realty market page/site plan PDF provided by user; some smaller/unclear labels were marked as Unidentified Tenant or Available where shown.,5610-5765 Centennial Center Boulevard,FS_NV_Centennial-Gateway_2026-02-24-184304_cktz.pdf,/mnt/data/FS_NV_Centennial-Gateway_2026-02-24-184304_cktz.pdf,,Unidentified Tenant,Other,True
KRG_CENTENNIAL_GATEWAY_NV,Centennial Gateway,Kite Realty Group,"Las Vegas, NV",028,Leaver & Gardner Orthodontics,1248.0,Medical / Health,Kite Realty site plan,Service,0-3k,No,No,No,No,Yes,Tenant/SF transcribed from Kite Realty market page/site plan PDF provided by user; some smaller/unclear labels were marked as Unidentified Tenant or Available where shown.,5610-5765 Centennial Center Boulevard,FS_NV_Centennial-Gateway_2026-02-24-184304_cktz.pdf,/mnt/data/FS_NV_Centennial-Gateway_2026-02-24-184304_cktz.pdf,,Leaver & Gardner Orthodontics,Service,False
KRG_CENTENNIAL_GATEWAY_NV,Centennial Gateway,Kite Realty Group,"Las Vegas, NV",029,Unidentified Tenant,3350.0,Other / Unidentified,Kite Realty site plan,Other,3k-10k,No,No,No,No,Yes,Tenant/SF transcribed from Kite Realty market page/site plan PDF provided by user; some smaller/unclear labels were marked as Unidentified Tenant or Available where shown.,5610-5765 Centennial Center Boulevard,FS_NV_Centennial-Gateway_2026-02-24-184304_cktz.pdf,/mnt/data/FS_NV_Centennial-Gateway_2026-02-24-184304_cktz.pdf,,Unidentified Tenant,Other,True
KRG_CENTENNIAL_GATEWAY_NV,Centennial Gateway,Kite Realty Group,"Las Vegas, NV",007,Unidentified Tenant,4800.0,Other / Unidentified,Kite Realty site plan,Other,3k-10k,No,No,No,No,Yes,Tenant/SF transcribed from Kite Realty market page/site plan PDF provided by user; some smaller/unclear labels were marked as Unidentified Tenant or Available where shown.,5610-5765 Centennial Center Boulevard,FS_NV_Centennial-Gateway_2026-02-24-184304_cktz.pdf,/mnt/data/FS_NV_Centennial-Gateway_2026-02-24-184304_cktz.pdf,,Unidentified Tenant,Other,True
KRG_CENTENNIAL_GATEWAY_NV,Centennial Gateway,Kite Realty Group,"Las Vegas, NV",008,Unidentified Tenant,3276.0,Other / Unidentified,Kite Realty site plan,Other,3k-10k,No,No,No,No,Yes,Tenant/SF transcribed from Kite Realty market page/site plan PDF provided by user; some smaller/unclear labels were marked as Unidentified Tenant or Available where shown.,5610-5765 Centennial Center Boulevard,FS_NV_Centennial-Gateway_2026-02-24-184304_cktz.pdf,/mnt/data/FS_NV_Centennial-Gateway_2026-02-24-184304_cktz.pdf,,Unidentified Tenant,Other,True
KRG_CENTENNIAL_GATEWAY_NV,Centennial Gateway,Kite Realty Group,"Las Vegas, NV",005,GT Nails,1900.0,Beauty / Personal Care,Kite Realty site plan,Service,0-3k,No,No,No,No,Yes,Tenant/SF transcribed from Kite Realty market page/site plan PDF provided by user; some smaller/unclear labels were marked as Unidentified Tenant or Available where shown.,5610-5765 Centennial Center Boulevard,FS_NV_Centennial-Gateway_2026-02-24-184304_cktz.pdf,/mnt/data/FS_NV_Centennial-Gateway_2026-02-24-184304_cktz.pdf,,GT Nails,Service,False
KRG_CENTENNIAL_GATEWAY_NV,Centennial Gateway,Kite Realty Group,"Las Vegas, NV",006,Gateway Pet Hospital,1300.0,Medical / Health,Kite Realty site plan,Other,0-3k,No,No,No,No,Yes,Tenant/SF transcribed from Kite Realty market page/site plan PDF provided by user; some smaller/unclear labels were marked as Unidentified Tenant or Available where shown.,5610-5765 Centennial Center Boulevard,FS_NV_Centennial-Gateway_2026-02-24-184304_cktz.pdf,/mnt/data/FS_NV_Centennial-Gateway_2026-02-24-184304_cktz.pdf,,Gateway Pet Hospital,Other,False
KRG_CENTENNIAL_GATEWAY_NV,Centennial Gateway,Kite Realty Group,"Las Vegas, NV",010,Yogurtland,1525.0,Food & Beverage,Kite Realty site plan,Other,0-3k,No,No,No,No,Yes,Tenant/SF transcribed from Kite Realty market page/site plan PDF provided by user; some smaller/unclear labels were marked as Unidentified Tenant or Available where shown.,5610-5765 Centennial Center Boulevard,FS_NV_Centennial-Gateway_2026-02-24-184304_cktz.pdf,/mnt/data/FS_NV_Centennial-Gateway_2026-02-24-184304_cktz.pdf,,Yogurtland,Other,False
KRG_CENTENNIAL_GATEWAY_NV,Centennial Gateway,Kite Realty Group,"Las Vegas, NV",011,Bowlology,1495.0,General / Specialty Retail,Kite Realty site plan,Other,0-3k,No,No,No,No,Yes,Tenant/SF transcribed from Kite Realty market page/site plan PDF provided by user; some smaller/unclear labels were marked as Unidentified Tenant or Available where shown.,5610-5765 Centennial Center Boulevard,FS_NV_Centennial-Gateway_2026-02-24-184304_cktz.pdf,/mnt/data/FS_NV_Centennial-Gateway_2026-02-24-184304_cktz.pdf,,Bowlology,Other,False
KRG_HUEBNER_OAKS_TX,Huebner Oaks,Kite Realty Group,"San Antonio, TX",2,Unidentified Tenant,4760.0,Other / Unidentified,Kite Realty site plan,Other,3k-10k,No,No,No,No,Yes,Tenant/SF transcribed from Kite Realty market page/site plan PDF provided by user; some smaller/unclear labels were marked as Unidentified Tenant or Available where shown.,11745 IH-10 W.,FS_TX_Huebner-Oaks_2026-06-18-155652_iqqp.pdf,/mnt/data/FS_TX_Huebner-Oaks_2026-06-18-155652_iqqp.pdf,,Unidentified Tenant,Other,True
KRG_HUEBNER_OAKS_TX,Huebner Oaks,Kite Realty Group,"San Antonio, TX",4,Unidentified Tenant,2721.0,Other / Unidentified,Kite Realty site plan,Other,0-3k,No,No,No,No,Yes,Tenant/SF transcribed from Kite Realty market page/site plan PDF provided by user; some smaller/unclear labels were marked as Unidentified Tenant or Available where shown.,11745 IH-10 W.,FS_TX_Huebner-Oaks_2026-06-18-155652_iqqp.pdf,/mnt/data/FS_TX_Huebner-Oaks_2026-06-18-155652_iqqp.pdf,,Unidentified Tenant,Other,True
KRG_HUEBNER_OAKS_TX,Huebner Oaks,Kite Realty Group,"San Antonio, TX",6,Unidentified Tenant,7000.0,Other / Unidentified,Kite Realty site plan,Other,3k-10k,No,No,No,No,Yes,Tenant/SF transcribed from Kite Realty market page/site plan PDF provided by user; some smaller/unclear labels were marked as Unidentified Tenant or Available where shown.,11745 IH-10 W.,FS_TX_Huebner-Oaks_2026-06-18-155652_iqqp.pdf,/mnt/data/FS_TX_Huebner-Oaks_2026-06-18-155652_iqqp.pdf,,Unidentified Tenant,Other,True
KRG_HUEBNER_OAKS_TX,Huebner Oaks,Kite Realty Group,"San Antonio, TX",7,Ross,20468.0,Apparel / Soft Goods,Kite Realty site plan,Soft Goods,10k+,No,No,Yes,Yes,No,Tenant/SF transcribed from Kite Realty market page/site plan PDF provided by user; some smaller/unclear labels were marked as Unidentified Tenant or Available where shown.,11745 IH-10 W.,FS_TX_Huebner-Oaks_2026-06-18-155652_iqqp.pdf,/mnt/data/FS_TX_Huebner-Oaks_2026-06-18-155652_iqqp.pdf,,Ross,Apparel,False
KRG_HUEBNER_OAKS_TX,Huebner Oaks,Kite Realty Group,"San Antonio, TX",7A,Barnes & Noble,14562.0,Books / Media,Kite Realty site plan,Hard Goods,10k+,No,No,Yes,No,No,Tenant/SF transcribed from Kite Realty market page/site plan PDF provided by user; some smaller/unclear labels were marked as Unidentified Tenant or Available where shown.,11745 IH-10 W.,FS_TX_Huebner-Oaks_2026-06-18-155652_iqqp.pdf,/mnt/data/FS_TX_Huebner-Oaks_2026-06-18-155652_iqqp.pdf,,Barnes & Noble,Retail,False
KRG_HUEBNER_OAKS_TX,Huebner Oaks,Kite Realty Group,"San Antonio, TX",9,REI,28200.0,Apparel / Soft Goods,Kite Realty site plan,Soft Goods,10k+,No,No,Yes,Yes,No,Tenant/SF transcribed from Kite Realty market page/site plan PDF provided by user; some smaller/unclear labels were marked as Unidentified Tenant or Available where shown.,11745 IH-10 W.,FS_TX_Huebner-Oaks_2026-06-18-155652_iqqp.pdf,/mnt/data/FS_TX_Huebner-Oaks_2026-06-18-155652_iqqp.pdf,,REI,Apparel,False
KRG_HUEBNER_OAKS_TX,Huebner Oaks,Kite Realty Group,"San Antonio, TX",10,Unidentified Tenant,1198.0,Other / Unidentified,Kite Realty site plan,Other,0-3k,No,No,No,No,Yes,Tenant/SF transcribed from Kite Realty market page/site plan PDF provided by user; some smaller/unclear labels were marked as Unidentified Tenant or Available where shown.,11745 IH-10 W.,FS_TX_Huebner-Oaks_2026-06-18-155652_iqqp.pdf,/mnt/data/FS_TX_Huebner-Oaks_2026-06-18-155652_iqqp.pdf,,Unidentified Tenant,Other,True
KRG_HUEBNER_OAKS_TX,Huebner Oaks,Kite Realty Group,"San Antonio, TX",11,Unidentified Tenant,1498.0,Other / Unidentified,Kite Realty site plan,Other,0-3k,No,No,No,No,Yes,Tenant/SF transcribed from Kite Realty market page/site plan PDF provided by user; some smaller/unclear labels were marked as Unidentified Tenant or Available where shown.,11745 IH-10 W.,FS_TX_Huebner-Oaks_2026-06-18-155652_iqqp.pdf,/mnt/data/FS_TX_Huebner-Oaks_2026-06-18-155652_iqqp.pdf,,Unidentified Tenant,Other,True
KRG_HUEBNER_OAKS_TX,Huebner Oaks,Kite Realty Group,"San Antonio, TX",12,Unidentified Tenant,2028.0,Other / Unidentified,Kite Realty site plan,Other,0-3k,No,No,No,No,Yes,Tenant/SF transcribed from Kite Realty market page/site plan PDF provided by user; some smaller/unclear labels were marked as Unidentified Tenant or Available where shown.,11745 IH-10 W.,FS_TX_Huebner-Oaks_2026-06-18-155652_iqqp.pdf,/mnt/data/FS_TX_Huebner-Oaks_2026-06-18-155652_iqqp.pdf,,Unidentified Tenant,Other,True
KRG_HUEBNER_OAKS_TX,Huebner Oaks,Kite Realty Group,"San Antonio, TX",13,Unidentified Tenant,6416.0,Other / Unidentified,Kite Realty site plan,Other,3k-10k,No,No,No,No,Yes,Tenant/SF transcribed from Kite Realty market page/site plan PDF provided by user; some smaller/unclear labels were marked as Unidentified Tenant or Available where shown.,11745 IH-10 W.,FS_TX_Huebner-Oaks_2026-06-18-155652_iqqp.pdf,/mnt/data/FS_TX_Huebner-Oaks_2026-06-18-155652_iqqp.pdf,,Unidentified Tenant,Other,True
KRG_HUEBNER_OAKS_TX,Huebner Oaks,Kite Realty Group,"San Antonio, TX",14,Unidentified Tenant,4500.0,Other / Unidentified,Kite Realty site plan,Other,3k-10k,No,No,No,No,Yes,Tenant/SF transcribed from Kite Realty market page/site plan PDF provided by user; some smaller/unclear labels were marked as Unidentified Tenant or Available where shown.,11745 IH-10 W.,FS_TX_Huebner-Oaks_2026-06-18-155652_iqqp.pdf,/mnt/data/FS_TX_Huebner-Oaks_2026-06-18-155652_iqqp.pdf,,Unidentified Tenant,Other,True
KRG_HUEBNER_OAKS_TX,Huebner Oaks,Kite Realty Group,"San Antonio, TX",15,Unidentified Tenant,7895.0,Other / Unidentified,Kite Realty site plan,Other,3k-10k,No,No,No,No,Yes,Tenant/SF transcribed from Kite Realty market page/site plan PDF provided by user; some smaller/unclear labels were marked as Unidentified Tenant or Available where shown.,11745 IH-10 W.,FS_TX_Huebner-Oaks_2026-06-18-155652_iqqp.pdf,/mnt/data/FS_TX_Huebner-Oaks_2026-06-18-155652_iqqp.pdf,,Unidentified Tenant,Other,True
KRG_HUEBNER_OAKS_TX,Huebner Oaks,Kite Realty Group,"San Antonio, TX",17,Unidentified Tenant,9488.0,Other / Unidentified,Kite Realty site plan,Other,3k-10k,No,No,No,No,Yes,Tenant/SF transcribed from Kite Realty market page/site plan PDF provided by user; some smaller/unclear labels were marked as Unidentified Tenant or Available where shown.,11745 IH-10 W.,FS_TX_Huebner-Oaks_2026-06-18-155652_iqqp.pdf,/mnt/data/FS_TX_Huebner-Oaks_2026-06-18-155652_iqqp.pdf,,Unidentified Tenant,Other,True
KRG_HUEBNER_OAKS_TX,Huebner Oaks,Kite Realty Group,"San Antonio, TX",19,Unidentified Tenant,6278.0,Other / Unidentified,Kite Realty site plan,Other,3k-10k,No,No,No,No,Yes,Tenant/SF transcribed from Kite Realty market page/site plan PDF provided by user; some smaller/unclear labels were marked as Unidentified Tenant or Available where shown.,11745 IH-10 W.,FS_TX_Huebner-Oaks_2026-06-18-155652_iqqp.pdf,/mnt/data/FS_TX_Huebner-Oaks_2026-06-18-155652_iqqp.pdf,,Unidentified Tenant,Other,True
KRG_HUEBNER_OAKS_TX,Huebner Oaks,Kite Realty Group,"San Antonio, TX",21,Unidentified Tenant,4500.0,Other / Unidentified,Kite Realty site plan,Other,3k-10k,No,No,No,No,Yes,Tenant/SF transcribed from Kite Realty market page/site plan PDF provided by user; some smaller/unclear labels were marked as Unidentified Tenant or Available where shown.,11745 IH-10 W.,FS_TX_Huebner-Oaks_2026-06-18-155652_iqqp.pdf,/mnt/data/FS_TX_Huebner-Oaks_2026-06-18-155652_iqqp.pdf,,Unidentified Tenant,Other,True
KRG_HUEBNER_OAKS_TX,Huebner Oaks,Kite Realty Group,"San Antonio, TX",22,Unidentified Tenant,6391.0,Other / Unidentified,Kite Realty site plan,Other,3k-10k,No,No,No,No,Yes,Tenant/SF transcribed from Kite Realty market page/site plan PDF provided by user; some smaller/unclear labels were marked as Unidentified Tenant or Available where shown.,11745 IH-10 W.,FS_TX_Huebner-Oaks_2026-06-18-155652_iqqp.pdf,/mnt/data/FS_TX_Huebner-Oaks_2026-06-18-155652_iqqp.pdf,,Unidentified Tenant,Other,True
KRG_HUEBNER_OAKS_TX,Huebner Oaks,Kite Realty Group,"San Antonio, TX",23,Unidentified Tenant,6314.0,Other / Unidentified,Kite Realty site plan,Other,3k-10k,No,No,No,No,Yes,Tenant/SF transcribed from Kite Realty market page/site plan PDF provided by user; some smaller/unclear labels were marked as Unidentified Tenant or Available where shown.,11745 IH-10 W.,FS_TX_Huebner-Oaks_2026-06-18-155652_iqqp.pdf,/mnt/data/FS_TX_Huebner-Oaks_2026-06-18-155652_iqqp.pdf,,Unidentified Tenant,Other,True
KRG_HUEBNER_OAKS_TX,Huebner Oaks,Kite Realty Group,"San Antonio, TX",24,Unidentified Tenant,1690.0,Other / Unidentified,Kite Realty site plan,Other,0-3k,No,No,No,No,Yes,Tenant/SF transcribed from Kite Realty market page/site plan PDF provided by user; some smaller/unclear labels were marked as Unidentified Tenant or Available where shown.,11745 IH-10 W.,FS_TX_Huebner-Oaks_2026-06-18-155652_iqqp.pdf,/mnt/data/FS_TX_Huebner-Oaks_2026-06-18-155652_iqqp.pdf,,Unidentified Tenant,Other,True
KRG_HUEBNER_OAKS_TX,Huebner Oaks,Kite Realty Group,"San Antonio, TX",25,Unidentified Tenant,3060.0,Other / Unidentified,Kite Realty site plan,Other,3k-10k,No,No,No,No,Yes,Tenant/SF transcribed from Kite Realty market page/site plan PDF provided by user; some smaller/unclear labels were marked as Unidentified Tenant or Available where shown.,11745 IH-10 W.,FS_TX_Huebner-Oaks_2026-06-18-155652_iqqp.pdf,/mnt/data/FS_TX_Huebner-Oaks_2026-06-18-155652_iqqp.pdf,,Unidentified Tenant,Other,True
KRG_HUEBNER_OAKS_TX,Huebner Oaks,Kite Realty Group,"San Antonio, TX",26,Unidentified Tenant,1925.0,Other / Unidentified,Kite Realty site plan,Other,0-3k,No,No,No,No,Yes,Tenant/SF transcribed from Kite Realty market page/site plan PDF provided by user; some smaller/unclear labels were marked as Unidentified Tenant or Available where shown.,11745 IH-10 W.,FS_TX_Huebner-Oaks_2026-06-18-155652_iqqp.pdf,/mnt/data/FS_TX_Huebner-Oaks_2026-06-18-155652_iqqp.pdf,,Unidentified Tenant,Other,True
KRG_HUEBNER_OAKS_TX,Huebner Oaks,Kite Realty Group,"San Antonio, TX",27,Unidentified Tenant,4385.0,Other / Unidentified,Kite Realty site plan,Other,3k-10k,No,No,No,No,Yes,Tenant/SF transcribed from Kite Realty market page/site plan PDF provided by user; some smaller/unclear labels were marked as Unidentified Tenant or Available where shown.,11745 IH-10 W.,FS_TX_Huebner-Oaks_2026-06-18-155652_iqqp.pdf,/mnt/data/FS_TX_Huebner-Oaks_2026-06-18-155652_iqqp.pdf,,Unidentified Tenant,Other,True
KRG_HUEBNER_OAKS_TX,Huebner Oaks,Kite Realty Group,"San Antonio, TX",28,Unidentified Tenant,3200.0,Other / Unidentified,Kite Realty site plan,Other,3k-10k,No,No,No,No,Yes,Tenant/SF transcribed from Kite Realty market page/site plan PDF provided by user; some smaller/unclear labels were marked as Unidentified Tenant or Available where shown.,11745 IH-10 W.,FS_TX_Huebner-Oaks_2026-06-18-155652_iqqp.pdf,/mnt/data/FS_TX_Huebner-Oaks_2026-06-18-155652_iqqp.pdf,,Unidentified Tenant,Other,True
KRG_HUEBNER_OAKS_TX,Huebner Oaks,Kite Realty Group,"San Antonio, TX",28B,Unidentified Tenant,3411.0,Other / Unidentified,Kite Realty site plan,Other,3k-10k,No,No,No,No,Yes,Tenant/SF transcribed from Kite Realty market page/site plan PDF provided by user; some smaller/unclear labels were marked as Unidentified Tenant or Available where shown.,11745 IH-10 W.,FS_TX_Huebner-Oaks_2026-06-18-155652_iqqp.pdf,/mnt/data/FS_TX_Huebner-Oaks_2026-06-18-155652_iqqp.pdf,,Unidentified Tenant,Other,True
KRG_HUEBNER_OAKS_TX,Huebner Oaks,Kite Realty Group,"San Antonio, TX",29,Unidentified Tenant,4300.0,Other / Unidentified,Kite Realty site plan,Other,3k-10k,No,No,No,No,Yes,Tenant/SF transcribed from Kite Realty market page/site plan PDF provided by user; some smaller/unclear labels were marked as Unidentified Tenant or Available where shown.,11745 IH-10 W.,FS_TX_Huebner-Oaks_2026-06-18-155652_iqqp.pdf,/mnt/data/FS_TX_Huebner-Oaks_2026-06-18-155652_iqqp.pdf,,Unidentified Tenant,Other,True
KRG_HUEBNER_OAKS_TX,Huebner Oaks,Kite Realty Group,"San Antonio, TX",32,Cookie Cutters,2200.0,Food & Beverage,Kite Realty site plan,Food,0-3k,No,No,No,No,Yes,Tenant/SF transcribed from Kite Realty market page/site plan PDF provided by user; some smaller/unclear labels were marked as Unidentified Tenant or Available where shown.,11745 IH-10 W.,FS_TX_Huebner-Oaks_2026-06-18-155652_iqqp.pdf,/mnt/data/FS_TX_Huebner-Oaks_2026-06-18-155652_iqqp.pdf,,Cookie Cutters,Restaurant,False
KRG_HUEBNER_OAKS_TX,Huebner Oaks,Kite Realty Group,"San Antonio, TX",33B,Unidentified Tenant,1822.0,Other / Unidentified,Kite Realty site plan,Other,0-3k,No,No,No,No,Yes,Tenant/SF transcribed from Kite Realty market page/site plan PDF provided by user; some smaller/unclear labels were marked as Unidentified Tenant or Available where shown.,11745 IH-10 W.,FS_TX_Huebner-Oaks_2026-06-18-155652_iqqp.pdf,/mnt/data/FS_TX_Huebner-Oaks_2026-06-18-155652_iqqp.pdf,,Unidentified Tenant,Other,True
KRG_HUEBNER_OAKS_TX,Huebner Oaks,Kite Realty Group,"San Antonio, TX",34,Unidentified Tenant,4000.0,Other / Unidentified,Kite Realty site plan,Other,3k-10k,No,No,No,No,Yes,Tenant/SF transcribed from Kite Realty market page/site plan PDF provided by user; some smaller/unclear labels were marked as Unidentified Tenant or Available where shown.,11745 IH-10 W.,FS_TX_Huebner-Oaks_2026-06-18-155652_iqqp.pdf,/mnt/data/FS_TX_Huebner-Oaks_2026-06-18-155652_iqqp.pdf,,Unidentified Tenant,Other,True
KRG_HUEBNER_OAKS_TX,Huebner Oaks,Kite Realty Group,"San Antonio, TX",34A,Unidentified Tenant,4990.0,Other / Unidentified,Kite Realty site plan,Other,3k-10k,No,No,No,No,Yes,Tenant/SF transcribed from Kite Realty market page/site plan PDF provided by user; some smaller/unclear labels were marked as Unidentified Tenant or Available where shown.,11745 IH-10 W.,FS_TX_Huebner-Oaks_2026-06-18-155652_iqqp.pdf,/mnt/data/FS_TX_Huebner-Oaks_2026-06-18-155652_iqqp.pdf,,Unidentified Tenant,Other,True
KRG_HUEBNER_OAKS_TX,Huebner Oaks,Kite Realty Group,"San Antonio, TX",35,Unidentified Tenant,6115.0,Other / Unidentified,Kite Realty site plan,Other,3k-10k,No,No,No,No,Yes,Tenant/SF transcribed from Kite Realty market page/site plan PDF provided by user; some smaller/unclear labels were marked as Unidentified Tenant or Available where shown.,11745 IH-10 W.,FS_TX_Huebner-Oaks_2026-06-18-155652_iqqp.pdf,/mnt/data/FS_TX_Huebner-Oaks_2026-06-18-155652_iqqp.pdf,,Unidentified Tenant,Other,True
KRG_HUEBNER_OAKS_TX,Huebner Oaks,Kite Realty Group,"San Antonio, TX",36,Unidentified Tenant,8036.0,Other / Unidentified,Kite Realty site plan,Other,3k-10k,No,No,No,No,Yes,Tenant/SF transcribed from Kite Realty market page/site plan PDF provided by user; some smaller/unclear labels were marked as Unidentified Tenant or Available where shown.,11745 IH-10 W.,FS_TX_Huebner-Oaks_2026-06-18-155652_iqqp.pdf,/mnt/data/FS_TX_Huebner-Oaks_2026-06-18-155652_iqqp.pdf,,Unidentified Tenant,Other,True
KRG_HUEBNER_OAKS_TX,Huebner Oaks,Kite Realty Group,"San Antonio, TX",37,Umiya Sushi Stadium 14,27500.0,Food & Beverage,Kite Realty site plan,Food,10k+,No,No,Yes,No,No,Tenant/SF transcribed from Kite Realty market page/site plan PDF provided by user; some smaller/unclear labels were marked as Unidentified Tenant or Available where shown.,11745 IH-10 W.,FS_TX_Huebner-Oaks_2026-06-18-155652_iqqp.pdf,/mnt/data/FS_TX_Huebner-Oaks_2026-06-18-155652_iqqp.pdf,,Umiya Sushi Stadium 14,Restaurant,False
KRG_HUEBNER_OAKS_TX,Huebner Oaks,Kite Realty Group,"San Antonio, TX",38,Unidentified Tenant,3234.0,Other / Unidentified,Kite Realty site plan,Other,3k-10k,No,No,No,No,Yes,Tenant/SF transcribed from Kite Realty market page/site plan PDF provided by user; some smaller/unclear labels were marked as Unidentified Tenant or Available where shown.,11745 IH-10 W.,FS_TX_Huebner-Oaks_2026-06-18-155652_iqqp.pdf,/mnt/data/FS_TX_Huebner-Oaks_2026-06-18-155652_iqqp.pdf,,Unidentified Tenant,Other,True
KRG_HUEBNER_OAKS_TX,Huebner Oaks,Kite Realty Group,"San Antonio, TX",39,Unidentified Tenant,4735.0,Other / Unidentified,Kite Realty site plan,Other,3k-10k,No,No,No,No,Yes,Tenant/SF transcribed from Kite Realty market page/site plan PDF provided by user; some smaller/unclear labels were marked as Unidentified Tenant or Available where shown.,11745 IH-10 W.,FS_TX_Huebner-Oaks_2026-06-18-155652_iqqp.pdf,/mnt/data/FS_TX_Huebner-Oaks_2026-06-18-155652_iqqp.pdf,,Unidentified Tenant,Other,True
KRG_HUEBNER_OAKS_TX,Huebner Oaks,Kite Realty Group,"San Antonio, TX",40,Unidentified Tenant,2254.0,Other / Unidentified,Kite Realty site plan,Other,0-3k,No,No,No,No,Yes,Tenant/SF transcribed from Kite Realty market page/site plan PDF provided by user; some smaller/unclear labels were marked as Unidentified Tenant or Available where shown.,11745 IH-10 W.,FS_TX_Huebner-Oaks_2026-06-18-155652_iqqp.pdf,/mnt/data/FS_TX_Huebner-Oaks_2026-06-18-155652_iqqp.pdf,,Unidentified Tenant,Other,True
KRG_HUEBNER_OAKS_TX,Huebner Oaks,Kite Realty Group,"San Antonio, TX",41,Diamond & Jewelry Gallery,1264.0,Apparel / Soft Goods,Kite Realty site plan,Hard Goods,0-3k,No,No,No,No,Yes,Tenant/SF transcribed from Kite Realty market page/site plan PDF provided by user; some smaller/unclear labels were marked as Unidentified Tenant or Available where shown.,11745 IH-10 W.,FS_TX_Huebner-Oaks_2026-06-18-155652_iqqp.pdf,/mnt/data/FS_TX_Huebner-Oaks_2026-06-18-155652_iqqp.pdf,,Diamond & Jewelry Gallery,Retail,False
KRG_HUEBNER_OAKS_TX,Huebner Oaks,Kite Realty Group,"San Antonio, TX",42,Unidentified Tenant,1000.0,Other / Unidentified,Kite Realty site plan,Other,0-3k,No,No,No,No,Yes,Tenant/SF transcribed from Kite Realty market page/site plan PDF provided by user; some smaller/unclear labels were marked as Unidentified Tenant or Available where shown.,11745 IH-10 W.,FS_TX_Huebner-Oaks_2026-06-18-155652_iqqp.pdf,/mnt/data/FS_TX_Huebner-Oaks_2026-06-18-155652_iqqp.pdf,,Unidentified Tenant,Other,True
KRG_HUEBNER_OAKS_TX,Huebner Oaks,Kite Realty Group,"San Antonio, TX",43,Thread Brow Studio & Salon,854.0,Beauty / Personal Care,Kite Realty site plan,Service,0-3k,No,No,No,No,Yes,Tenant/SF transcribed from Kite Realty market page/site plan PDF provided by user; some smaller/unclear labels were marked as Unidentified Tenant or Available where shown.,11745 IH-10 W.,FS_TX_Huebner-Oaks_2026-06-18-155652_iqqp.pdf,/mnt/data/FS_TX_Huebner-Oaks_2026-06-18-155652_iqqp.pdf,,Thread Brow Studio & Salon,Service,False
KRG_HUEBNER_OAKS_TX,Huebner Oaks,Kite Realty Group,"San Antonio, TX",44,Mama Mia's,1142.0,Food & Beverage,Kite Realty site plan,Food,0-3k,No,No,No,No,Yes,Tenant/SF transcribed from Kite Realty market page/site plan PDF provided by user; some smaller/unclear labels were marked as Unidentified Tenant or Available where shown.,11745 IH-10 W.,FS_TX_Huebner-Oaks_2026-06-18-155652_iqqp.pdf,/mnt/data/FS_TX_Huebner-Oaks_2026-06-18-155652_iqqp.pdf,,Mama Mia's,Restaurant,False
KRG_HUEBNER_OAKS_TX,Huebner Oaks,Kite Realty Group,"San Antonio, TX",46,Unidentified Tenant,1542.0,Other / Unidentified,Kite Realty site plan,Other,0-3k,No,No,No,No,Yes,Tenant/SF transcribed from Kite Realty market page/site plan PDF provided by user; some smaller/unclear labels were marked as Unidentified Tenant or Available where shown.,11745 IH-10 W.,FS_TX_Huebner-Oaks_2026-06-18-155652_iqqp.pdf,/mnt/data/FS_TX_Huebner-Oaks_2026-06-18-155652_iqqp.pdf,,Unidentified Tenant,Other,True
KRG_HUEBNER_OAKS_TX,Huebner Oaks,Kite Realty Group,"San Antonio, TX",47,Fire Wok,2500.0,Food & Beverage,Kite Realty site plan,Food,0-3k,No,No,No,No,Yes,Tenant/SF transcribed from Kite Realty market page/site plan PDF provided by user; some smaller/unclear labels were marked as Unidentified Tenant or Available where shown.,11745 IH-10 W.,FS_TX_Huebner-Oaks_2026-06-18-155652_iqqp.pdf,/mnt/data/FS_TX_Huebner-Oaks_2026-06-18-155652_iqqp.pdf,,Fire Wok,Restaurant,False
KRG_HUEBNER_OAKS_TX,Huebner Oaks,Kite Realty Group,"San Antonio, TX",48,Unidentified Tenant,3917.0,Other / Unidentified,Kite Realty site plan,Other,3k-10k,No,No,No,No,Yes,Tenant/SF transcribed from Kite Realty market page/site plan PDF provided by user; some smaller/unclear labels were marked as Unidentified Tenant or Available where shown.,11745 IH-10 W.,FS_TX_Huebner-Oaks_2026-06-18-155652_iqqp.pdf,/mnt/data/FS_TX_Huebner-Oaks_2026-06-18-155652_iqqp.pdf,,Unidentified Tenant,Other,True
KRG_HUEBNER_OAKS_TX,Huebner Oaks,Kite Realty Group,"San Antonio, TX",49,Unidentified Tenant,1663.0,Other / Unidentified,Kite Realty site plan,Other,0-3k,No,No,No,No,Yes,Tenant/SF transcribed from Kite Realty market page/site plan PDF provided by user; some smaller/unclear labels were marked as Unidentified Tenant or Available where shown.,11745 IH-10 W.,FS_TX_Huebner-Oaks_2026-06-18-155652_iqqp.pdf,/mnt/data/FS_TX_Huebner-Oaks_2026-06-18-155652_iqqp.pdf,,Unidentified Tenant,Other,True
KRG_HUEBNER_OAKS_TX,Huebner Oaks,Kite Realty Group,"San Antonio, TX",50,Unidentified Tenant,1155.0,Other / Unidentified,Kite Realty site plan,Other,0-3k,No,No,No,No,Yes,Tenant/SF transcribed from Kite Realty market page/site plan PDF provided by user; some smaller/unclear labels were marked as Unidentified Tenant or Available where shown.,11745 IH-10 W.,FS_TX_Huebner-Oaks_2026-06-18-155652_iqqp.pdf,/mnt/data/FS_TX_Huebner-Oaks_2026-06-18-155652_iqqp.pdf,,Unidentified Tenant,Other,True
KRG_HUEBNER_OAKS_TX,Huebner Oaks,Kite Realty Group,"San Antonio, TX",51,Unidentified Tenant,1057.0,Other / Unidentified,Kite Realty site plan,Other,0-3k,No,No,No,No,Yes,Tenant/SF transcribed from Kite Realty market page/site plan PDF provided by user; some smaller/unclear labels were marked as Unidentified Tenant or Available where shown.,11745 IH-10 W.,FS_TX_Huebner-Oaks_2026-06-18-155652_iqqp.pdf,/mnt/data/FS_TX_Huebner-Oaks_2026-06-18-155652_iqqp.pdf,,Unidentified Tenant,Other,True
KRG_HUEBNER_OAKS_TX,Huebner Oaks,Kite Realty Group,"San Antonio, TX",53,Unidentified Tenant,2083.0,Other / Unidentified,Kite Realty site plan,Other,0-3k,No,No,No,No,Yes,Tenant/SF transcribed from Kite Realty market page/site plan PDF provided by user; some smaller/unclear labels were marked as Unidentified Tenant or Available where shown.,11745 IH-10 W.,FS_TX_Huebner-Oaks_2026-06-18-155652_iqqp.pdf,/mnt/data/FS_TX_Huebner-Oaks_2026-06-18-155652_iqqp.pdf,,Unidentified Tenant,Other,True
KRG_HUEBNER_OAKS_TX,Huebner Oaks,Kite Realty Group,"San Antonio, TX",54,Van's Nail Salon,1803.0,Beauty / Personal Care,Kite Realty site plan,Service,0-3k,No,No,No,No,Yes,Tenant/SF transcribed from Kite Realty market page/site plan PDF provided by user; some smaller/unclear labels were marked as Unidentified Tenant or Available where shown.,11745 IH-10 W.,FS_TX_Huebner-Oaks_2026-06-18-155652_iqqp.pdf,/mnt/data/FS_TX_Huebner-Oaks_2026-06-18-155652_iqqp.pdf,,Van's Nail Salon,Service,False
KRG_HUEBNER_OAKS_TX,Huebner Oaks,Kite Realty Group,"San Antonio, TX",55,Unidentified Tenant,3914.0,Other / Unidentified,Kite Realty site plan,Other,3k-10k,No,No,No,No,Yes,Tenant/SF transcribed from Kite Realty market page/site plan PDF provided by user; some smaller/unclear labels were marked as Unidentified Tenant or Available where shown.,11745 IH-10 W.,FS_TX_Huebner-Oaks_2026-06-18-155652_iqqp.pdf,/mnt/data/FS_TX_Huebner-Oaks_2026-06-18-155652_iqqp.pdf,,Unidentified Tenant,Other,True
KRG_HUEBNER_OAKS_TX,Huebner Oaks,Kite Realty Group,"San Antonio, TX",57,Unidentified Tenant,4498.0,Other / Unidentified,Kite Realty site plan,Other,3k-10k,No,No,No,No,Yes,Tenant/SF transcribed from Kite Realty market page/site plan PDF provided by user; some smaller/unclear labels were marked as Unidentified Tenant or Available where shown.,11745 IH-10 W.,FS_TX_Huebner-Oaks_2026-06-18-155652_iqqp.pdf,/mnt/data/FS_TX_Huebner-Oaks_2026-06-18-155652_iqqp.pdf,,Unidentified Tenant,Other,True
KRG_FORT_EVANS_PLAZA_II_VA,Fort Evans Plaza II,Kite Realty Group,"Leesburg, VA",1,Unidentified Tenant,4033.0,Other / Unidentified,Kite Realty site plan,Other,3k-10k,No,No,No,No,Yes,Tenant/SF transcribed from Kite Realty market page/site plan PDF provided by user; some smaller/unclear labels were marked as Unidentified Tenant or Available where shown.,524 Fort Evans Road NE,FS_VA_Fort-Evans-Plaza-II_2025-11-10-211810_kpte.pdf,/mnt/data/FS_VA_Fort-Evans-Plaza-II_2025-11-10-211810_kpte.pdf,,Unidentified Tenant,Other,True
KRG_FORT_EVANS_PLAZA_II_VA,Fort Evans Plaza II,Kite Realty Group,"Leesburg, VA",2,Marshalls,26688.0,Apparel / Soft Goods,Kite Realty site plan,Soft Goods,10k+,No,No,Yes,Yes,No,Tenant/SF transcribed from Kite Realty market page/site plan PDF provided by user; some smaller/unclear labels were marked as Unidentified Tenant or Available where shown.,524 Fort Evans Road NE,FS_VA_Fort-Evans-Plaza-II_2025-11-10-211810_kpte.pdf,/mnt/data/FS_VA_Fort-Evans-Plaza-II_2025-11-10-211810_kpte.pdf,,Marshalls,Apparel,False
KRG_FORT_EVANS_PLAZA_II_VA,Fort Evans Plaza II,Kite Realty Group,"Leesburg, VA",002A,HomeGoods,14944.0,Furniture / Home,Kite Realty site plan,Hard Goods,10k+,No,No,Yes,Yes,No,Tenant/SF transcribed from Kite Realty market page/site plan PDF provided by user; some smaller/unclear labels were marked as Unidentified Tenant or Available where shown.,524 Fort Evans Road NE,FS_VA_Fort-Evans-Plaza-II_2025-11-10-211810_kpte.pdf,/mnt/data/FS_VA_Fort-Evans-Plaza-II_2025-11-10-211810_kpte.pdf,,HomeGoods,Retail,False
KRG_FORT_EVANS_PLAZA_II_VA,Fort Evans Plaza II,Kite Realty Group,"Leesburg, VA",4,Unidentified Tenant,4576.0,Other / Unidentified,Kite Realty site plan,Other,3k-10k,No,No,No,No,Yes,Tenant/SF transcribed from Kite Realty market page/site plan PDF provided by user; some smaller/unclear labels were marked as Unidentified Tenant or Available where shown.,524 Fort Evans Road NE,FS_VA_Fort-Evans-Plaza-II_2025-11-10-211810_kpte.pdf,/mnt/data/FS_VA_Fort-Evans-Plaza-II_2025-11-10-211810_kpte.pdf,,Unidentified Tenant,Other,True
KRG_FORT_EVANS_PLAZA_II_VA,Fort Evans Plaza II,Kite Realty Group,"Leesburg, VA",6,Unidentified Tenant,9000.0,Other / Unidentified,Kite Realty site plan,Other,3k-10k,No,No,No,No,Yes,Tenant/SF transcribed from Kite Realty market page/site plan PDF provided by user; some smaller/unclear labels were marked as Unidentified Tenant or Available where shown.,524 Fort Evans Road NE,FS_VA_Fort-Evans-Plaza-II_2025-11-10-211810_kpte.pdf,/mnt/data/FS_VA_Fort-Evans-Plaza-II_2025-11-10-211810_kpte.pdf,,Unidentified Tenant,Other,True
KRG_FORT_EVANS_PLAZA_II_VA,Fort Evans Plaza II,Kite Realty Group,"Leesburg, VA",7,Unidentified Tenant,7397.0,Other / Unidentified,Kite Realty site plan,Other,3k-10k,No,No,No,No,Yes,Tenant/SF transcribed from Kite Realty market page/site plan PDF provided by user; some smaller/unclear labels were marked as Unidentified Tenant or Available where shown.,524 Fort Evans Road NE,FS_VA_Fort-Evans-Plaza-II_2025-11-10-211810_kpte.pdf,/mnt/data/FS_VA_Fort-Evans-Plaza-II_2025-11-10-211810_kpte.pdf,,Unidentified Tenant,Other,True
KRG_FORT_EVANS_PLAZA_II_VA,Fort Evans Plaza II,Kite Realty Group,"Leesburg, VA",8,Instyle Nail Salon,5065.0,Beauty / Personal Care,Kite Realty site plan,Service,3k-10k,No,No,No,No,Yes,Tenant/SF transcribed from Kite Realty market page/site plan PDF provided by user; some smaller/unclear labels were marked as Unidentified Tenant or Available where shown.,524 Fort Evans Road NE,FS_VA_Fort-Evans-Plaza-II_2025-11-10-211810_kpte.pdf,/mnt/data/FS_VA_Fort-Evans-Plaza-II_2025-11-10-211810_kpte.pdf,,Instyle Nail Salon,Service,False
KRG_FORT_EVANS_PLAZA_II_VA,Fort Evans Plaza II,Kite Realty Group,"Leesburg, VA",9,Bubbles Salon,1621.0,Food & Beverage,Kite Realty site plan,Service,0-3k,No,No,No,No,Yes,Tenant/SF transcribed from Kite Realty market page/site plan PDF provided by user; some smaller/unclear labels were marked as Unidentified Tenant or Available where shown.,524 Fort Evans Road NE,FS_VA_Fort-Evans-Plaza-II_2025-11-10-211810_kpte.pdf,/mnt/data/FS_VA_Fort-Evans-Plaza-II_2025-11-10-211810_kpte.pdf,,Bubbles Salon,Service,False
KRG_FORT_EVANS_PLAZA_II_VA,Fort Evans Plaza II,Kite Realty Group,"Leesburg, VA",10,Unidentified Tenant,1314.0,Other / Unidentified,Kite Realty site plan,Other,0-3k,No,No,No,No,Yes,Tenant/SF transcribed from Kite Realty market page/site plan PDF provided by user; some smaller/unclear labels were marked as Unidentified Tenant or Available where shown.,524 Fort Evans Road NE,FS_VA_Fort-Evans-Plaza-II_2025-11-10-211810_kpte.pdf,/mnt/data/FS_VA_Fort-Evans-Plaza-II_2025-11-10-211810_kpte.pdf,,Unidentified Tenant,Other,True
KRG_FORT_EVANS_PLAZA_II_VA,Fort Evans Plaza II,Kite Realty Group,"Leesburg, VA",11,Unidentified Tenant,1373.0,Other / Unidentified,Kite Realty site plan,Other,0-3k,No,No,No,No,Yes,Tenant/SF transcribed from Kite Realty market page/site plan PDF provided by user; some smaller/unclear labels were marked as Unidentified Tenant or Available where shown.,524 Fort Evans Road NE,FS_VA_Fort-Evans-Plaza-II_2025-11-10-211810_kpte.pdf,/mnt/data/FS_VA_Fort-Evans-Plaza-II_2025-11-10-211810_kpte.pdf,,Unidentified Tenant,Other,True
KRG_FORT_EVANS_PLAZA_II_VA,Fort Evans Plaza II,Kite Realty Group,"Leesburg, VA",14,AT&T,3603.0,Service / Bank / Telecom,Kite Realty site plan,Other,3k-10k,No,No,No,No,Yes,Tenant/SF transcribed from Kite Realty market page/site plan PDF provided by user; some smaller/unclear labels were marked as Unidentified Tenant or Available where shown.,524 Fort Evans Road NE,FS_VA_Fort-Evans-Plaza-II_2025-11-10-211810_kpte.pdf,/mnt/data/FS_VA_Fort-Evans-Plaza-II_2025-11-10-211810_kpte.pdf,,AT&T,Other,False
KRG_FORT_EVANS_PLAZA_II_VA,Fort Evans Plaza II,Kite Realty Group,"Leesburg, VA",15,Mattress Warehouse,6494.0,Furniture / Home,Kite Realty site plan,Hard Goods,3k-10k,No,No,No,No,Yes,Tenant/SF transcribed from Kite Realty market page/site plan PDF provided by user; some smaller/unclear labels were marked as Unidentified Tenant or Available where shown.,524 Fort Evans Road NE,FS_VA_Fort-Evans-Plaza-II_2025-11-10-211810_kpte.pdf,/mnt/data/FS_VA_Fort-Evans-Plaza-II_2025-11-10-211810_kpte.pdf,,Mattress Warehouse,Retail,False
KRG_FORT_EVANS_PLAZA_II_VA,Fort Evans Plaza II,Kite Realty Group,"Leesburg, VA",16,Unidentified Tenant,7490.0,Other / Unidentified,Kite Realty site plan,Other,3k-10k,No,No,No,No,Yes,Tenant/SF transcribed from Kite Realty market page/site plan PDF provided by user; some smaller/unclear labels were marked as Unidentified Tenant or Available where shown.,524 Fort Evans Road NE,FS_VA_Fort-Evans-Plaza-II_2025-11-10-211810_kpte.pdf,/mnt/data/FS_VA_Fort-Evans-Plaza-II_2025-11-10-211810_kpte.pdf,,Unidentified Tenant,Other,True
KRG_FORT_EVANS_PLAZA_II_VA,Fort Evans Plaza II,Kite Realty Group,"Leesburg, VA",17,RH Outlet,27896.0,Furniture / Home,Kite Realty site plan,Other,10k+,No,No,Yes,No,No,Tenant/SF transcribed from Kite Realty market page/site plan PDF provided by user; some smaller/unclear labels were marked as Unidentified Tenant or Available where shown.,524 Fort Evans Road NE,FS_VA_Fort-Evans-Plaza-II_2025-11-10-211810_kpte.pdf,/mnt/data/FS_VA_Fort-Evans-Plaza-II_2025-11-10-211810_kpte.pdf,,RH Outlet,Other,False
KRG_FORT_EVANS_PLAZA_II_VA,Fort Evans Plaza II,Kite Realty Group,"Leesburg, VA",18,Crunch Fitness,30126.0,Fitness / Recreation,Kite Realty site plan,Service,10k+,No,No,Yes,No,No,Tenant/SF transcribed from Kite Realty market page/site plan PDF provided by user; some smaller/unclear labels were marked as Unidentified Tenant or Available where shown.,524 Fort Evans Road NE,FS_VA_Fort-Evans-Plaza-II_2025-11-10-211810_kpte.pdf,/mnt/data/FS_VA_Fort-Evans-Plaza-II_2025-11-10-211810_kpte.pdf,,Crunch Fitness,Service,False
KRG_FORT_EVANS_PLAZA_II_VA,Fort Evans Plaza II,Kite Realty Group,"Leesburg, VA",19,Unidentified Tenant,34124.0,Other / Unidentified,Kite Realty site plan,Other,10k+,No,No,Yes,No,No,Tenant/SF transcribed from Kite Realty market page/site plan PDF provided by user; some smaller/unclear labels were marked as Unidentified Tenant or Available where shown.,524 Fort Evans Road NE,FS_VA_Fort-Evans-Plaza-II_2025-11-10-211810_kpte.pdf,/mnt/data/FS_VA_Fort-Evans-Plaza-II_2025-11-10-211810_kpte.pdf,,Unidentified Tenant,Other,True
KRG_FORT_EVANS_PLAZA_II_VA,Fort Evans Plaza II,Kite Realty Group,"Leesburg, VA",21,Unidentified Tenant,4029.0,Other / Unidentified,Kite Realty site plan,Other,3k-10k,No,No,No,No,Yes,Tenant/SF transcribed from Kite Realty market page/site plan PDF provided by user; some smaller/unclear labels were marked as Unidentified Tenant or Available where shown.,524 Fort Evans Road NE,FS_VA_Fort-Evans-Plaza-II_2025-11-10-211810_kpte.pdf,/mnt/data/FS_VA_Fort-Evans-Plaza-II_2025-11-10-211810_kpte.pdf,,Unidentified Tenant,Other,True
KRG_FORT_EVANS_PLAZA_II_VA,Fort Evans Plaza II,Kite Realty Group,"Leesburg, VA",22,Pho Royal II,2150.0,Food & Beverage,Kite Realty site plan,Other,0-3k,No,No,No,No,Yes,Tenant/SF transcribed from Kite Realty market page/site plan PDF provided by user; some smaller/unclear labels were marked as Unidentified Tenant or Available where shown.,524 Fort Evans Road NE,FS_VA_Fort-Evans-Plaza-II_2025-11-10-211810_kpte.pdf,/mnt/data/FS_VA_Fort-Evans-Plaza-II_2025-11-10-211810_kpte.pdf,,Pho Royal II,Other,False
KRG_FORT_EVANS_PLAZA_II_VA,Fort Evans Plaza II,Kite Realty Group,"Leesburg, VA",23,Pollo Inti II,3570.0,General / Specialty Retail,Kite Realty site plan,Other,3k-10k,No,No,No,No,Yes,Tenant/SF transcribed from Kite Realty market page/site plan PDF provided by user; some smaller/unclear labels were marked as Unidentified Tenant or Available where shown.,524 Fort Evans Road NE,FS_VA_Fort-Evans-Plaza-II_2025-11-10-211810_kpte.pdf,/mnt/data/FS_VA_Fort-Evans-Plaza-II_2025-11-10-211810_kpte.pdf,,Pollo Inti II,Other,False
KRG_FORT_EVANS_PLAZA_II_VA,Fort Evans Plaza II,Kite Realty Group,"Leesburg, VA",24,Unidentified Tenant,2271.0,Other / Unidentified,Kite Realty site plan,Other,0-3k,No,No,No,No,Yes,Tenant/SF transcribed from Kite Realty market page/site plan PDF provided by user; some smaller/unclear labels were marked as Unidentified Tenant or Available where shown.,524 Fort Evans Road NE,FS_VA_Fort-Evans-Plaza-II_2025-11-10-211810_kpte.pdf,/mnt/data/FS_VA_Fort-Evans-Plaza-II_2025-11-10-211810_kpte.pdf,,Unidentified Tenant,Other,True
KRG_FORT_EVANS_PLAZA_II_VA,Fort Evans Plaza II,Kite Realty Group,"Leesburg, VA",25,Unidentified Tenant,4686.0,Other / Unidentified,Kite Realty site plan,Other,3k-10k,No,No,No,No,Yes,Tenant/SF transcribed from Kite Realty market page/site plan PDF provided by user; some smaller/unclear labels were marked as Unidentified Tenant or Available where shown.,524 Fort Evans Road NE,FS_VA_Fort-Evans-Plaza-II_2025-11-10-211810_kpte.pdf,/mnt/data/FS_VA_Fort-Evans-Plaza-II_2025-11-10-211810_kpte.pdf,,Unidentified Tenant,Other,True
KRG_JEFFERSON_COMMONS_VA,Jefferson Commons,Kite Realty Group,"Newport News, VA",1,Newport News Nutrition Corner,2400.0,General / Specialty Retail,Kite Realty site plan,Other,0-3k,No,No,No,No,Yes,Tenant/SF transcribed from Kite Realty market page/site plan PDF provided by user; some smaller/unclear labels were marked as Unidentified Tenant or Available where shown.,12551 Jefferson Avenue,FS_VA_Jefferson-Commons_2026-03-18-140645_khqm.pdf,/mnt/data/FS_VA_Jefferson-Commons_2026-03-18-140645_khqm.pdf,,Newport News Nutrition Corner,Other,False
KRG_JEFFERSON_COMMONS_VA,Jefferson Commons,Kite Realty Group,"Newport News, VA",2,Unidentified Tenant,1600.0,Other / Unidentified,Kite Realty site plan,Other,0-3k,No,No,No,No,Yes,Tenant/SF transcribed from Kite Realty market page/site plan PDF provided by user; some smaller/unclear labels were marked as Unidentified Tenant or Available where shown.,12551 Jefferson Avenue,FS_VA_Jefferson-Commons_2026-03-18-140645_khqm.pdf,/mnt/data/FS_VA_Jefferson-Commons_2026-03-18-140645_khqm.pdf,,Unidentified Tenant,Other,True
KRG_JEFFERSON_COMMONS_VA,Jefferson Commons,Kite Realty Group,"Newport News, VA",3,Unidentified Tenant,1440.0,Other / Unidentified,Kite Realty site plan,Other,0-3k,No,No,No,No,Yes,Tenant/SF transcribed from Kite Realty market page/site plan PDF provided by user; some smaller/unclear labels were marked as Unidentified Tenant or Available where shown.,12551 Jefferson Avenue,FS_VA_Jefferson-Commons_2026-03-18-140645_khqm.pdf,/mnt/data/FS_VA_Jefferson-Commons_2026-03-18-140645_khqm.pdf,,Unidentified Tenant,Other,True
KRG_JEFFERSON_COMMONS_VA,Jefferson Commons,Kite Realty Group,"Newport News, VA",4,Unidentified Tenant,6500.0,Other / Unidentified,Kite Realty site plan,Other,3k-10k,No,No,No,No,Yes,Tenant/SF transcribed from Kite Realty market page/site plan PDF provided by user; some smaller/unclear labels were marked as Unidentified Tenant or Available where shown.,12551 Jefferson Avenue,FS_VA_Jefferson-Commons_2026-03-18-140645_khqm.pdf,/mnt/data/FS_VA_Jefferson-Commons_2026-03-18-140645_khqm.pdf,,Unidentified Tenant,Other,True
KRG_JEFFERSON_COMMONS_VA,Jefferson Commons,Kite Realty Group,"Newport News, VA",5,Unidentified Tenant,3462.0,Other / Unidentified,Kite Realty site plan,Other,3k-10k,No,No,No,No,Yes,Tenant/SF transcribed from Kite Realty market page/site plan PDF provided by user; some smaller/unclear labels were marked as Unidentified Tenant or Available where shown.,12551 Jefferson Avenue,FS_VA_Jefferson-Commons_2026-03-18-140645_khqm.pdf,/mnt/data/FS_VA_Jefferson-Commons_2026-03-18-140645_khqm.pdf,,Unidentified Tenant,Other,True
KRG_JEFFERSON_COMMONS_VA,Jefferson Commons,Kite Realty Group,"Newport News, VA",6,Unidentified Tenant,3000.0,Other / Unidentified,Kite Realty site plan,Other,3k-10k,No,No,No,No,Yes,Tenant/SF transcribed from Kite Realty market page/site plan PDF provided by user; some smaller/unclear labels were marked as Unidentified Tenant or Available where shown.,12551 Jefferson Avenue,FS_VA_Jefferson-Commons_2026-03-18-140645_khqm.pdf,/mnt/data/FS_VA_Jefferson-Commons_2026-03-18-140645_khqm.pdf,,Unidentified Tenant,Other,True
KRG_JEFFERSON_COMMONS_VA,Jefferson Commons,Kite Realty Group,"Newport News, VA",7,Petco,12195.0,Pet,Kite Realty site plan,Hard Goods,10k+,No,No,Yes,Yes,No,Tenant/SF transcribed from Kite Realty market page/site plan PDF provided by user; some smaller/unclear labels were marked as Unidentified Tenant or Available where shown.,12551 Jefferson Avenue,FS_VA_Jefferson-Commons_2026-03-18-140645_khqm.pdf,/mnt/data/FS_VA_Jefferson-Commons_2026-03-18-140645_khqm.pdf,,Petco,Retail,False
KRG_JEFFERSON_COMMONS_VA,Jefferson Commons,Kite Realty Group,"Newport News, VA",8,Five Below,7540.0,Discount Retail,Kite Realty site plan,Other,3k-10k,No,No,No,No,Yes,Tenant/SF transcribed from Kite Realty market page/site plan PDF provided by user; some smaller/unclear labels were marked as Unidentified Tenant or Available where shown.,12551 Jefferson Avenue,FS_VA_Jefferson-Commons_2026-03-18-140645_khqm.pdf,/mnt/data/FS_VA_Jefferson-Commons_2026-03-18-140645_khqm.pdf,,Five Below,Other,False
KRG_JEFFERSON_COMMONS_VA,Jefferson Commons,Kite Realty Group,"Newport News, VA",8A,Unidentified Tenant,5250.0,Other / Unidentified,Kite Realty site plan,Other,3k-10k,No,No,No,No,Yes,Tenant/SF transcribed from Kite Realty market page/site plan PDF provided by user; some smaller/unclear labels were marked as Unidentified Tenant or Available where shown.,12551 Jefferson Avenue,FS_VA_Jefferson-Commons_2026-03-18-140645_khqm.pdf,/mnt/data/FS_VA_Jefferson-Commons_2026-03-18-140645_khqm.pdf,,Unidentified Tenant,Other,True
KRG_JEFFERSON_COMMONS_VA,Jefferson Commons,Kite Realty Group,"Newport News, VA",10,Total Wine & More,12800.0,Food & Beverage,Kite Realty site plan,Hard Goods,10k+,No,No,Yes,Yes,No,Tenant/SF transcribed from Kite Realty market page/site plan PDF provided by user; some smaller/unclear labels were marked as Unidentified Tenant or Available where shown.,12551 Jefferson Avenue,FS_VA_Jefferson-Commons_2026-03-18-140645_khqm.pdf,/mnt/data/FS_VA_Jefferson-Commons_2026-03-18-140645_khqm.pdf,,Total Wine & More,Retail,False
KRG_JEFFERSON_COMMONS_VA,Jefferson Commons,Kite Realty Group,"Newport News, VA",11,Unidentified Tenant,4400.0,Other / Unidentified,Kite Realty site plan,Other,3k-10k,No,No,No,No,Yes,Tenant/SF transcribed from Kite Realty market page/site plan PDF provided by user; some smaller/unclear labels were marked as Unidentified Tenant or Available where shown.,12551 Jefferson Avenue,FS_VA_Jefferson-Commons_2026-03-18-140645_khqm.pdf,/mnt/data/FS_VA_Jefferson-Commons_2026-03-18-140645_khqm.pdf,,Unidentified Tenant,Other,True
KRG_JEFFERSON_COMMONS_VA,Jefferson Commons,Kite Realty Group,"Newport News, VA",12,T.J.Maxx,10838.0,Apparel / Soft Goods,Kite Realty site plan,Soft Goods,10k+,No,No,Yes,Yes,No,Tenant/SF transcribed from Kite Realty market page/site plan PDF provided by user; some smaller/unclear labels were marked as Unidentified Tenant or Available where shown.,12551 Jefferson Avenue,FS_VA_Jefferson-Commons_2026-03-18-140645_khqm.pdf,/mnt/data/FS_VA_Jefferson-Commons_2026-03-18-140645_khqm.pdf,,TJ Maxx,Apparel,False
KRG_JEFFERSON_COMMONS_VA,Jefferson Commons,Kite Realty Group,"Newport News, VA",13,Unidentified Tenant,3965.0,Other / Unidentified,Kite Realty site plan,Other,3k-10k,No,No,No,No,Yes,Tenant/SF transcribed from Kite Realty market page/site plan PDF provided by user; some smaller/unclear labels were marked as Unidentified Tenant or Available where shown.,12551 Jefferson Avenue,FS_VA_Jefferson-Commons_2026-03-18-140645_khqm.pdf,/mnt/data/FS_VA_Jefferson-Commons_2026-03-18-140645_khqm.pdf,,Unidentified Tenant,Other,True
KRG_JEFFERSON_COMMONS_VA,Jefferson Commons,Kite Realty Group,"Newport News, VA",14,Unidentified Tenant,5133.0,Other / Unidentified,Kite Realty site plan,Other,3k-10k,No,No,No,No,Yes,Tenant/SF transcribed from Kite Realty market page/site plan PDF provided by user; some smaller/unclear labels were marked as Unidentified Tenant or Available where shown.,12551 Jefferson Avenue,FS_VA_Jefferson-Commons_2026-03-18-140645_khqm.pdf,/mnt/data/FS_VA_Jefferson-Commons_2026-03-18-140645_khqm.pdf,,Unidentified Tenant,Other,True
KRG_JEFFERSON_COMMONS_VA,Jefferson Commons,Kite Realty Group,"Newport News, VA",15,Aldi,10000.0,Food & Beverage,Kite Realty site plan,Food,10k+,Yes,No,Yes,Yes,No,Tenant/SF transcribed from Kite Realty market page/site plan PDF provided by user; some smaller/unclear labels were marked as Unidentified Tenant or Available where shown.,12551 Jefferson Avenue,FS_VA_Jefferson-Commons_2026-03-18-140645_khqm.pdf,/mnt/data/FS_VA_Jefferson-Commons_2026-03-18-140645_khqm.pdf,,Aldi,Grocery,False
KRG_JEFFERSON_COMMONS_VA,Jefferson Commons,Kite Realty Group,"Newport News, VA",16,Ross,30000.0,Apparel / Soft Goods,Kite Realty site plan,Soft Goods,10k+,No,No,Yes,Yes,No,Tenant/SF transcribed from Kite Realty market page/site plan PDF provided by user; some smaller/unclear labels were marked as Unidentified Tenant or Available where shown.,12551 Jefferson Avenue,FS_VA_Jefferson-Commons_2026-03-18-140645_khqm.pdf,/mnt/data/FS_VA_Jefferson-Commons_2026-03-18-140645_khqm.pdf,,Ross,Apparel,False
KRG_JEFFERSON_COMMONS_VA,Jefferson Commons,Kite Realty Group,"Newport News, VA",17,HomeGoods,30187.0,Furniture / Home,Kite Realty site plan,Hard Goods,10k+,No,No,Yes,Yes,No,Tenant/SF transcribed from Kite Realty market page/site plan PDF provided by user; some smaller/unclear labels were marked as Unidentified Tenant or Available where shown.,12551 Jefferson Avenue,FS_VA_Jefferson-Commons_2026-03-18-140645_khqm.pdf,/mnt/data/FS_VA_Jefferson-Commons_2026-03-18-140645_khqm.pdf,,HomeGoods,Retail,False
KRG_JEFFERSON_COMMONS_VA,Jefferson Commons,Kite Realty Group,"Newport News, VA",18,Kohl's,21305.0,Apparel / Soft Goods,Kite Realty site plan,Hard Goods,10k+,No,No,Yes,Yes,No,Tenant/SF transcribed from Kite Realty market page/site plan PDF provided by user; some smaller/unclear labels were marked as Unidentified Tenant or Available where shown.,12551 Jefferson Avenue,FS_VA_Jefferson-Commons_2026-03-18-140645_khqm.pdf,/mnt/data/FS_VA_Jefferson-Commons_2026-03-18-140645_khqm.pdf,,Kohl's,Retail,False
KRG_JEFFERSON_COMMONS_VA,Jefferson Commons,Kite Realty Group,"Newport News, VA",19,Unidentified Tenant,10448.0,Other / Unidentified,Kite Realty site plan,Other,10k+,No,No,Yes,No,No,Tenant/SF transcribed from Kite Realty market page/site plan PDF provided by user; some smaller/unclear labels were marked as Unidentified Tenant or Available where shown.,12551 Jefferson Avenue,FS_VA_Jefferson-Commons_2026-03-18-140645_khqm.pdf,/mnt/data/FS_VA_Jefferson-Commons_2026-03-18-140645_khqm.pdf,,Unidentified Tenant,Other,True
KRG_JEFFERSON_COMMONS_VA,Jefferson Commons,Kite Realty Group,"Newport News, VA",20,Unidentified Tenant,15306.0,Other / Unidentified,Kite Realty site plan,Other,10k+,No,No,Yes,No,No,Tenant/SF transcribed from Kite Realty market page/site plan PDF provided by user; some smaller/unclear labels were marked as Unidentified Tenant or Available where shown.,12551 Jefferson Avenue,FS_VA_Jefferson-Commons_2026-03-18-140645_khqm.pdf,/mnt/data/FS_VA_Jefferson-Commons_2026-03-18-140645_khqm.pdf,,Unidentified Tenant,Other,True
KRG_JEFFERSON_COMMONS_VA,Jefferson Commons,Kite Realty Group,"Newport News, VA",21,Unidentified Tenant,4983.0,Other / Unidentified,Kite Realty site plan,Other,3k-10k,No,No,No,No,Yes,Tenant/SF transcribed from Kite Realty market page/site plan PDF provided by user; some smaller/unclear labels were marked as Unidentified Tenant or Available where shown.,12551 Jefferson Avenue,FS_VA_Jefferson-Commons_2026-03-18-140645_khqm.pdf,/mnt/data/FS_VA_Jefferson-Commons_2026-03-18-140645_khqm.pdf,,Unidentified Tenant,Other,True
KRG_JEFFERSON_COMMONS_VA,Jefferson Commons,Kite Realty Group,"Newport News, VA",24,Unidentified Tenant,6000.0,Other / Unidentified,Kite Realty site plan,Other,3k-10k,No,No,No,No,Yes,Tenant/SF transcribed from Kite Realty market page/site plan PDF provided by user; some smaller/unclear labels were marked as Unidentified Tenant or Available where shown.,12551 Jefferson Avenue,FS_VA_Jefferson-Commons_2026-03-18-140645_khqm.pdf,/mnt/data/FS_VA_Jefferson-Commons_2026-03-18-140645_khqm.pdf,,Unidentified Tenant,Other,True
KRG_JEFFERSON_COMMONS_VA,Jefferson Commons,Kite Realty Group,"Newport News, VA",25,Newport News Smoke Shop,1600.0,General / Specialty Retail,Kite Realty site plan,Other,0-3k,No,No,No,No,Yes,Tenant/SF transcribed from Kite Realty market page/site plan PDF provided by user; some smaller/unclear labels were marked as Unidentified Tenant or Available where shown.,12551 Jefferson Avenue,FS_VA_Jefferson-Commons_2026-03-18-140645_khqm.pdf,/mnt/data/FS_VA_Jefferson-Commons_2026-03-18-140645_khqm.pdf,,Newport News Smoke Shop,Other,False
KRG_JEFFERSON_COMMONS_VA,Jefferson Commons,Kite Realty Group,"Newport News, VA",26,Unidentified Tenant,1228.0,Other / Unidentified,Kite Realty site plan,Other,0-3k,No,No,No,No,Yes,Tenant/SF transcribed from Kite Realty market page/site plan PDF provided by user; some smaller/unclear labels were marked as Unidentified Tenant or Available where shown.,12551 Jefferson Avenue,FS_VA_Jefferson-Commons_2026-03-18-140645_khqm.pdf,/mnt/data/FS_VA_Jefferson-Commons_2026-03-18-140645_khqm.pdf,,Unidentified Tenant,Other,True
KRG_JEFFERSON_COMMONS_VA,Jefferson Commons,Kite Realty Group,"Newport News, VA",27,Unidentified Tenant,4412.0,Other / Unidentified,Kite Realty site plan,Other,3k-10k,No,No,No,No,Yes,Tenant/SF transcribed from Kite Realty market page/site plan PDF provided by user; some smaller/unclear labels were marked as Unidentified Tenant or Available where shown.,12551 Jefferson Avenue,FS_VA_Jefferson-Commons_2026-03-18-140645_khqm.pdf,/mnt/data/FS_VA_Jefferson-Commons_2026-03-18-140645_khqm.pdf,,Unidentified Tenant,Other,True
KRG_JEFFERSON_COMMONS_VA,Jefferson Commons,Kite Realty Group,"Newport News, VA",28,Unidentified Tenant,1460.0,Other / Unidentified,Kite Realty site plan,Other,0-3k,No,No,No,No,Yes,Tenant/SF transcribed from Kite Realty market page/site plan PDF provided by user; some smaller/unclear labels were marked as Unidentified Tenant or Available where shown.,12551 Jefferson Avenue,FS_VA_Jefferson-Commons_2026-03-18-140645_khqm.pdf,/mnt/data/FS_VA_Jefferson-Commons_2026-03-18-140645_khqm.pdf,,Unidentified Tenant,Other,True
KRG_JEFFERSON_COMMONS_VA,Jefferson Commons,Kite Realty Group,"Newport News, VA",30,Unidentified Tenant,1888.0,Other / Unidentified,Kite Realty site plan,Other,0-3k,No,No,No,No,Yes,Tenant/SF transcribed from Kite Realty market page/site plan PDF provided by user; some smaller/unclear labels were marked as Unidentified Tenant or Available where shown.,12551 Jefferson Avenue,FS_VA_Jefferson-Commons_2026-03-18-140645_khqm.pdf,/mnt/data/FS_VA_Jefferson-Commons_2026-03-18-140645_khqm.pdf,,Unidentified Tenant,Other,True
KRG_JEFFERSON_COMMONS_VA,Jefferson Commons,Kite Realty Group,"Newport News, VA",31,Unidentified Tenant,2764.0,Other / Unidentified,Kite Realty site plan,Other,0-3k,No,No,No,No,Yes,Tenant/SF transcribed from Kite Realty market page/site plan PDF provided by user; some smaller/unclear labels were marked as Unidentified Tenant or Available where shown.,12551 Jefferson Avenue,FS_VA_Jefferson-Commons_2026-03-18-140645_khqm.pdf,/mnt/data/FS_VA_Jefferson-Commons_2026-03-18-140645_khqm.pdf,,Unidentified Tenant,Other,True
KRG_JEFFERSON_COMMONS_VA,Jefferson Commons,Kite Realty Group,"Newport News, VA",32,Pho 79,1700.0,Food & Beverage,Kite Realty site plan,Other,0-3k,No,No,No,No,Yes,Tenant/SF transcribed from Kite Realty market page/site plan PDF provided by user; some smaller/unclear labels were marked as Unidentified Tenant or Available where shown.,12551 Jefferson Avenue,FS_VA_Jefferson-Commons_2026-03-18-140645_khqm.pdf,/mnt/data/FS_VA_Jefferson-Commons_2026-03-18-140645_khqm.pdf,,Pho 79,Other,False
KRG_JEFFERSON_COMMONS_VA,Jefferson Commons,Kite Realty Group,"Newport News, VA",33,Unidentified Tenant,1888.0,Other / Unidentified,Kite Realty site plan,Other,0-3k,No,No,No,No,Yes,Tenant/SF transcribed from Kite Realty market page/site plan PDF provided by user; some smaller/unclear labels were marked as Unidentified Tenant or Available where shown.,12551 Jefferson Avenue,FS_VA_Jefferson-Commons_2026-03-18-140645_khqm.pdf,/mnt/data/FS_VA_Jefferson-Commons_2026-03-18-140645_khqm.pdf,,Unidentified Tenant,Other,True
KRG_JEFFERSON_COMMONS_VA,Jefferson Commons,Kite Realty Group,"Newport News, VA",34,Unidentified Tenant,990.0,Other / Unidentified,Kite Realty site plan,Other,0-3k,No,No,No,No,Yes,Tenant/SF transcribed from Kite Realty market page/site plan PDF provided by user; some smaller/unclear labels were marked as Unidentified Tenant or Available where shown.,12551 Jefferson Avenue,FS_VA_Jefferson-Commons_2026-03-18-140645_khqm.pdf,/mnt/data/FS_VA_Jefferson-Commons_2026-03-18-140645_khqm.pdf,,Unidentified Tenant,Other,True
KRG_JEFFERSON_COMMONS_VA,Jefferson Commons,Kite Realty Group,"Newport News, VA",35,Unidentified Tenant,2578.0,Other / Unidentified,Kite Realty site plan,Other,0-3k,No,No,No,No,Yes,Tenant/SF transcribed from Kite Realty market page/site plan PDF provided by user; some smaller/unclear labels were marked as Unidentified Tenant or Available where shown.,12551 Jefferson Avenue,FS_VA_Jefferson-Commons_2026-03-18-140645_khqm.pdf,/mnt/data/FS_VA_Jefferson-Commons_2026-03-18-140645_khqm.pdf,,Unidentified Tenant,Other,True
KRG_JEFFERSON_COMMONS_VA,Jefferson Commons,Kite Realty Group,"Newport News, VA",36,Unidentified Tenant,3198.0,Other / Unidentified,Kite Realty site plan,Other,3k-10k,No,No,No,No,Yes,Tenant/SF transcribed from Kite Realty market page/site plan PDF provided by user; some smaller/unclear labels were marked as Unidentified Tenant or Available where shown.,12551 Jefferson Avenue,FS_VA_Jefferson-Commons_2026-03-18-140645_khqm.pdf,/mnt/data/FS_VA_Jefferson-Commons_2026-03-18-140645_khqm.pdf,,Unidentified Tenant,Other,True
KRG_JEFFERSON_COMMONS_VA,Jefferson Commons,Kite Realty Group,"Newport News, VA",37,Unidentified Tenant,4338.0,Other / Unidentified,Kite Realty site plan,Other,3k-10k,No,No,No,No,Yes,Tenant/SF transcribed from Kite Realty market page/site plan PDF provided by user; some smaller/unclear labels were marked as Unidentified Tenant or Available where shown.,12551 Jefferson Avenue,FS_VA_Jefferson-Commons_2026-03-18-140645_khqm.pdf,/mnt/data/FS_VA_Jefferson-Commons_2026-03-18-140645_khqm.pdf,,Unidentified Tenant,Other,True
KRG_JEFFERSON_COMMONS_VA,Jefferson Commons,Kite Realty Group,"Newport News, VA",38,Unidentified Tenant,3630.0,Other / Unidentified,Kite Realty site plan,Other,3k-10k,No,No,No,No,Yes,Tenant/SF transcribed from Kite Realty market page/site plan PDF provided by user; some smaller/unclear labels were marked as Unidentified Tenant or Available where shown.,12551 Jefferson Avenue,FS_VA_Jefferson-Commons_2026-03-18-140645_khqm.pdf,/mnt/data/FS_VA_Jefferson-Commons_2026-03-18-140645_khqm.pdf,,Unidentified Tenant,Other,True
KRG_JEFFERSON_COMMONS_VA,Jefferson Commons,Kite Realty Group,"Newport News, VA",39,Unidentified Tenant,1312.0,Other / Unidentified,Kite Realty site plan,Other,0-3k,No,No,No,No,Yes,Tenant/SF transcribed from Kite Realty market page/site plan PDF provided by user; some smaller/unclear labels were marked as Unidentified Tenant or Available where shown.,12551 Jefferson Avenue,FS_VA_Jefferson-Commons_2026-03-18-140645_khqm.pdf,/mnt/data/FS_VA_Jefferson-Commons_2026-03-18-140645_khqm.pdf,,Unidentified Tenant,Other,True
KRG_JEFFERSON_COMMONS_VA,Jefferson Commons,Kite Realty Group,"Newport News, VA",40,Kim Mama's Bento Box,1763.0,Food & Beverage,Kite Realty site plan,Other,0-3k,No,No,No,No,Yes,Tenant/SF transcribed from Kite Realty market page/site plan PDF provided by user; some smaller/unclear labels were marked as Unidentified Tenant or Available where shown.,12551 Jefferson Avenue,FS_VA_Jefferson-Commons_2026-03-18-140645_khqm.pdf,/mnt/data/FS_VA_Jefferson-Commons_2026-03-18-140645_khqm.pdf,,Kim Mama's Bento Box,Other,False
KRG_JEFFERSON_COMMONS_VA,Jefferson Commons,Kite Realty Group,"Newport News, VA",41,Poke Sushi Bowl,1230.0,Food & Beverage,Kite Realty site plan,Food,0-3k,No,No,No,No,Yes,Tenant/SF transcribed from Kite Realty market page/site plan PDF provided by user; some smaller/unclear labels were marked as Unidentified Tenant or Available where shown.,12551 Jefferson Avenue,FS_VA_Jefferson-Commons_2026-03-18-140645_khqm.pdf,/mnt/data/FS_VA_Jefferson-Commons_2026-03-18-140645_khqm.pdf,,Poke Sushi Bowl,Restaurant,False
KRG_JEFFERSON_COMMONS_VA,Jefferson Commons,Kite Realty Group,"Newport News, VA",42,Jefferson Nails,1230.0,Beauty / Personal Care,Kite Realty site plan,Service,0-3k,No,No,No,No,Yes,Tenant/SF transcribed from Kite Realty market page/site plan PDF provided by user; some smaller/unclear labels were marked as Unidentified Tenant or Available where shown.,12551 Jefferson Avenue,FS_VA_Jefferson-Commons_2026-03-18-140645_khqm.pdf,/mnt/data/FS_VA_Jefferson-Commons_2026-03-18-140645_khqm.pdf,,Jefferson Nails,Service,False
KRG_JEFFERSON_COMMONS_VA,Jefferson Commons,Kite Realty Group,"Newport News, VA",43,America's Best Wings,1230.0,Food & Beverage,Kite Realty site plan,Food,0-3k,No,No,No,No,Yes,Tenant/SF transcribed from Kite Realty market page/site plan PDF provided by user; some smaller/unclear labels were marked as Unidentified Tenant or Available where shown.,12551 Jefferson Avenue,FS_VA_Jefferson-Commons_2026-03-18-140645_khqm.pdf,/mnt/data/FS_VA_Jefferson-Commons_2026-03-18-140645_khqm.pdf,,America's Best Wings,Restaurant,False
KRG_JEFFERSON_COMMONS_VA,Jefferson Commons,Kite Realty Group,"Newport News, VA",44,Juan's Mexican Cafe & Cantina,6092.0,Food & Beverage,Kite Realty site plan,Food,3k-10k,No,No,No,No,Yes,Tenant/SF transcribed from Kite Realty market page/site plan PDF provided by user; some smaller/unclear labels were marked as Unidentified Tenant or Available where shown.,12551 Jefferson Avenue,FS_VA_Jefferson-Commons_2026-03-18-140645_khqm.pdf,/mnt/data/FS_VA_Jefferson-Commons_2026-03-18-140645_khqm.pdf,,Juan's Mexican Cafe & Cantina,Restaurant,False
KRG_JEFFERSON_COMMONS_VA,Jefferson Commons,Kite Realty Group,"Newport News, VA",45,Unidentified Tenant,1600.0,Other / Unidentified,Kite Realty site plan,Other,0-3k,No,No,No,No,Yes,Tenant/SF transcribed from Kite Realty market page/site plan PDF provided by user; some smaller/unclear labels were marked as Unidentified Tenant or Available where shown.,12551 Jefferson Avenue,FS_VA_Jefferson-Commons_2026-03-18-140645_khqm.pdf,/mnt/data/FS_VA_Jefferson-Commons_2026-03-18-140645_khqm.pdf,,Unidentified Tenant,Other,True
KRG_JEFFERSON_COMMONS_VA,Jefferson Commons,Kite Realty Group,"Newport News, VA",47,Unidentified Tenant,2406.0,Other / Unidentified,Kite Realty site plan,Other,0-3k,No,No,No,No,Yes,Tenant/SF transcribed from Kite Realty market page/site plan PDF provided by user; some smaller/unclear labels were marked as Unidentified Tenant or Available where shown.,12551 Jefferson Avenue,FS_VA_Jefferson-Commons_2026-03-18-140645_khqm.pdf,/mnt/data/FS_VA_Jefferson-Commons_2026-03-18-140645_khqm.pdf,,Unidentified Tenant,Other,True
KRG_JEFFERSON_COMMONS_VA,Jefferson Commons,Kite Realty Group,"Newport News, VA",48,Unidentified Tenant,1600.0,Other / Unidentified,Kite Realty site plan,Other,0-3k,No,No,No,No,Yes,Tenant/SF transcribed from Kite Realty market page/site plan PDF provided by user; some smaller/unclear labels were marked as Unidentified Tenant or Available where shown.,12551 Jefferson Avenue,FS_VA_Jefferson-Commons_2026-03-18-140645_khqm.pdf,/mnt/data/FS_VA_Jefferson-Commons_2026-03-18-140645_khqm.pdf,,Unidentified Tenant,Other,True
KRG_JEFFERSON_COMMONS_VA,Jefferson Commons,Kite Realty Group,"Newport News, VA",49,Unidentified Tenant,4800.0,Other / Unidentified,Kite Realty site plan,Other,3k-10k,No,No,No,No,Yes,Tenant/SF transcribed from Kite Realty market page/site plan PDF provided by user; some smaller/unclear labels were marked as Unidentified Tenant or Available where shown.,12551 Jefferson Avenue,FS_VA_Jefferson-Commons_2026-03-18-140645_khqm.pdf,/mnt/data/FS_VA_Jefferson-Commons_2026-03-18-140645_khqm.pdf,,Unidentified Tenant,Other,True
KRG_JEFFERSON_COMMONS_VA,Jefferson Commons,Kite Realty Group,"Newport News, VA",50,Unidentified Tenant,7241.0,Other / Unidentified,Kite Realty site plan,Other,3k-10k,No,No,No,No,Yes,Tenant/SF transcribed from Kite Realty market page/site plan PDF provided by user; some smaller/unclear labels were marked as Unidentified Tenant or Available where shown.,12551 Jefferson Avenue,FS_VA_Jefferson-Commons_2026-03-18-140645_khqm.pdf,/mnt/data/FS_VA_Jefferson-Commons_2026-03-18-140645_khqm.pdf,,Unidentified Tenant,Other,True
KRG_JEFFERSON_COMMONS_VA,Jefferson Commons,Kite Realty Group,"Newport News, VA",51,Unidentified Tenant,5697.0,Other / Unidentified,Kite Realty site plan,Other,3k-10k,No,No,No,No,Yes,Tenant/SF transcribed from Kite Realty market page/site plan PDF provided by user; some smaller/unclear labels were marked as Unidentified Tenant or Available where shown.,12551 Jefferson Avenue,FS_VA_Jefferson-Commons_2026-03-18-140645_khqm.pdf,/mnt/data/FS_VA_Jefferson-Commons_2026-03-18-140645_khqm.pdf,,Unidentified Tenant,Other,True
KRG_JEFFERSON_COMMONS_VA,Jefferson Commons,Kite Realty Group,"Newport News, VA",52,Unidentified Tenant,6257.0,Other / Unidentified,Kite Realty site plan,Other,3k-10k,No,No,No,No,Yes,Tenant/SF transcribed from Kite Realty market page/site plan PDF provided by user; some smaller/unclear labels were marked as Unidentified Tenant or Available where shown.,12551 Jefferson Avenue,FS_VA_Jefferson-Commons_2026-03-18-140645_khqm.pdf,/mnt/data/FS_VA_Jefferson-Commons_2026-03-18-140645_khqm.pdf,,Unidentified Tenant,Other,True
KRG_WOODINVILLE_PLAZA_WA,Woodinville Plaza,Kite Realty Group,"Woodinville, WA",001A,Unidentified Tenant,1500.0,Other / Unidentified,Kite Realty site plan,Other,0-3k,No,No,No,No,Yes,Tenant/SF transcribed from Kite Realty market page/site plan PDF provided by user; some smaller/unclear labels were marked as Unidentified Tenant or Available where shown.,14001 NE Woodinville Duvall Road,FS_WA_Woodinville-Plaza_2026-05-06-163000_rwcn.pdf,/mnt/data/FS_WA_Woodinville-Plaza_2026-05-06-163000_rwcn.pdf,,Unidentified Tenant,Other,True
KRG_WOODINVILLE_PLAZA_WA,Woodinville Plaza,Kite Realty Group,"Woodinville, WA",002,Bobae Tea,2100.0,Food & Beverage,Kite Realty site plan,Food,0-3k,No,No,No,No,Yes,Tenant/SF transcribed from Kite Realty market page/site plan PDF provided by user; some smaller/unclear labels were marked as Unidentified Tenant or Available where shown.,14001 NE Woodinville Duvall Road,FS_WA_Woodinville-Plaza_2026-05-06-163000_rwcn.pdf,/mnt/data/FS_WA_Woodinville-Plaza_2026-05-06-163000_rwcn.pdf,,Bobae Tea,Restaurant,False
KRG_WOODINVILLE_PLAZA_WA,Woodinville Plaza,Kite Realty Group,"Woodinville, WA",003,Rainbow Cleaners,2400.0,Service / Bank / Telecom,Kite Realty site plan,Service,0-3k,No,No,No,No,Yes,Tenant/SF transcribed from Kite Realty market page/site plan PDF provided by user; some smaller/unclear labels were marked as Unidentified Tenant or Available where shown.,14001 NE Woodinville Duvall Road,FS_WA_Woodinville-Plaza_2026-05-06-163000_rwcn.pdf,/mnt/data/FS_WA_Woodinville-Plaza_2026-05-06-163000_rwcn.pdf,,Rainbow Cleaners,Service,False
KRG_WOODINVILLE_PLAZA_WA,Woodinville Plaza,Kite Realty Group,"Woodinville, WA",004,Caliente Cocina & Tequila,1200.0,Food & Beverage,Kite Realty site plan,Food,0-3k,No,No,No,No,Yes,Tenant/SF transcribed from Kite Realty market page/site plan PDF provided by user; some smaller/unclear labels were marked as Unidentified Tenant or Available where shown.,14001 NE Woodinville Duvall Road,FS_WA_Woodinville-Plaza_2026-05-06-163000_rwcn.pdf,/mnt/data/FS_WA_Woodinville-Plaza_2026-05-06-163000_rwcn.pdf,,Caliente Cocina & Tequila,Restaurant,False
KRG_WOODINVILLE_PLAZA_WA,Woodinville Plaza,Kite Realty Group,"Woodinville, WA",005,Top Crepe,1200.0,Food & Beverage,Kite Realty site plan,Other,0-3k,No,No,No,No,Yes,Tenant/SF transcribed from Kite Realty market page/site plan PDF provided by user; some smaller/unclear labels were marked as Unidentified Tenant or Available where shown.,14001 NE Woodinville Duvall Road,FS_WA_Woodinville-Plaza_2026-05-06-163000_rwcn.pdf,/mnt/data/FS_WA_Woodinville-Plaza_2026-05-06-163000_rwcn.pdf,,Top Crepe,Other,False
KRG_WOODINVILLE_PLAZA_WA,Woodinville Plaza,Kite Realty Group,"Woodinville, WA",006,Pasta Nova,900.0,Food & Beverage,Kite Realty site plan,Other,0-3k,No,No,No,No,Yes,Tenant/SF transcribed from Kite Realty market page/site plan PDF provided by user; some smaller/unclear labels were marked as Unidentified Tenant or Available where shown.,14001 NE Woodinville Duvall Road,FS_WA_Woodinville-Plaza_2026-05-06-163000_rwcn.pdf,/mnt/data/FS_WA_Woodinville-Plaza_2026-05-06-163000_rwcn.pdf,,Pasta Nova,Other,False
KRG_WOODINVILLE_PLAZA_WA,Woodinville Plaza,Kite Realty Group,"Woodinville, WA",007,Seattle Sun Tan,1485.0,Beauty / Personal Care,Kite Realty site plan,Service,0-3k,No,No,No,No,Yes,Tenant/SF transcribed from Kite Realty market page/site plan PDF provided by user; some smaller/unclear labels were marked as Unidentified Tenant or Available where shown.,14001 NE Woodinville Duvall Road,FS_WA_Woodinville-Plaza_2026-05-06-163000_rwcn.pdf,/mnt/data/FS_WA_Woodinville-Plaza_2026-05-06-163000_rwcn.pdf,,Seattle Sun Tan,Service,False
KRG_WOODINVILLE_PLAZA_WA,Woodinville Plaza,Kite Realty Group,"Woodinville, WA",008A,Ulta Beauty,11013.0,Beauty / Personal Care,Kite Realty site plan,Hard Goods,10k+,No,No,Yes,Yes,No,Tenant/SF transcribed from Kite Realty market page/site plan PDF provided by user; some smaller/unclear labels were marked as Unidentified Tenant or Available where shown.,14001 NE Woodinville Duvall Road,FS_WA_Woodinville-Plaza_2026-05-06-163000_rwcn.pdf,/mnt/data/FS_WA_Woodinville-Plaza_2026-05-06-163000_rwcn.pdf,,Ulta Beauty,Retail,False
KRG_WOODINVILLE_PLAZA_WA,Woodinville Plaza,Kite Realty Group,"Woodinville, WA",008B,Old Navy,12632.0,Apparel / Soft Goods,Kite Realty site plan,Soft Goods,10k+,No,No,Yes,Yes,No,Tenant/SF transcribed from Kite Realty market page/site plan PDF provided by user; some smaller/unclear labels were marked as Unidentified Tenant or Available where shown.,14001 NE Woodinville Duvall Road,FS_WA_Woodinville-Plaza_2026-05-06-163000_rwcn.pdf,/mnt/data/FS_WA_Woodinville-Plaza_2026-05-06-163000_rwcn.pdf,,Old Navy,Apparel,False
KRG_WOODINVILLE_PLAZA_WA,Woodinville Plaza,Kite Realty Group,"Woodinville, WA",009,Unidentified Tenant,1275.0,Other / Unidentified,Kite Realty site plan,Other,0-3k,No,No,No,No,Yes,Tenant/SF transcribed from Kite Realty market page/site plan PDF provided by user; some smaller/unclear labels were marked as Unidentified Tenant or Available where shown.,14001 NE Woodinville Duvall Road,FS_WA_Woodinville-Plaza_2026-05-06-163000_rwcn.pdf,/mnt/data/FS_WA_Woodinville-Plaza_2026-05-06-163000_rwcn.pdf,,Unidentified Tenant,Other,True
KRG_WOODINVILLE_PLAZA_WA,Woodinville Plaza,Kite Realty Group,"Woodinville, WA",010,Unidentified Tenant,1500.0,Other / Unidentified,Kite Realty site plan,Other,0-3k,No,No,No,No,Yes,Tenant/SF transcribed from Kite Realty market page/site plan PDF provided by user; some smaller/unclear labels were marked as Unidentified Tenant or Available where shown.,14001 NE Woodinville Duvall Road,FS_WA_Woodinville-Plaza_2026-05-06-163000_rwcn.pdf,/mnt/data/FS_WA_Woodinville-Plaza_2026-05-06-163000_rwcn.pdf,,Unidentified Tenant,Other,True
KRG_WOODINVILLE_PLAZA_WA,Woodinville Plaza,Kite Realty Group,"Woodinville, WA",012A,Unidentified Tenant,2500.0,Other / Unidentified,Kite Realty site plan,Other,0-3k,No,No,No,No,Yes,Tenant/SF transcribed from Kite Realty market page/site plan PDF provided by user; some smaller/unclear labels were marked as Unidentified Tenant or Available where shown.,14001 NE Woodinville Duvall Road,FS_WA_Woodinville-Plaza_2026-05-06-163000_rwcn.pdf,/mnt/data/FS_WA_Woodinville-Plaza_2026-05-06-163000_rwcn.pdf,,Unidentified Tenant,Other,True
KRG_WOODINVILLE_PLAZA_WA,Woodinville Plaza,Kite Realty Group,"Woodinville, WA",012,Unidentified Tenant,4167.0,Other / Unidentified,Kite Realty site plan,Other,3k-10k,No,No,No,No,Yes,Tenant/SF transcribed from Kite Realty market page/site plan PDF provided by user; some smaller/unclear labels were marked as Unidentified Tenant or Available where shown.,14001 NE Woodinville Duvall Road,FS_WA_Woodinville-Plaza_2026-05-06-163000_rwcn.pdf,/mnt/data/FS_WA_Woodinville-Plaza_2026-05-06-163000_rwcn.pdf,,Unidentified Tenant,Other,True
KRG_WOODINVILLE_PLAZA_WA,Woodinville Plaza,Kite Realty Group,"Woodinville, WA",013,Unidentified Tenant,1519.0,Other / Unidentified,Kite Realty site plan,Other,0-3k,No,No,No,No,Yes,Tenant/SF transcribed from Kite Realty market page/site plan PDF provided by user; some smaller/unclear labels were marked as Unidentified Tenant or Available where shown.,14001 NE Woodinville Duvall Road,FS_WA_Woodinville-Plaza_2026-05-06-163000_rwcn.pdf,/mnt/data/FS_WA_Woodinville-Plaza_2026-05-06-163000_rwcn.pdf,,Unidentified Tenant,Other,True
KRG_WOODINVILLE_PLAZA_WA,Woodinville Plaza,Kite Realty Group,"Woodinville, WA",014,Unidentified Tenant,3395.0,Other / Unidentified,Kite Realty site plan,Other,3k-10k,No,No,No,No,Yes,Tenant/SF transcribed from Kite Realty market page/site plan PDF provided by user; some smaller/unclear labels were marked as Unidentified Tenant or Available where shown.,14001 NE Woodinville Duvall Road,FS_WA_Woodinville-Plaza_2026-05-06-163000_rwcn.pdf,/mnt/data/FS_WA_Woodinville-Plaza_2026-05-06-163000_rwcn.pdf,,Unidentified Tenant,Other,True
KRG_WOODINVILLE_PLAZA_WA,Woodinville Plaza,Kite Realty Group,"Woodinville, WA",015,HomeGoods,23500.0,Furniture / Home,Kite Realty site plan,Hard Goods,10k+,No,No,Yes,Yes,No,Tenant/SF transcribed from Kite Realty market page/site plan PDF provided by user; some smaller/unclear labels were marked as Unidentified Tenant or Available where shown.,14001 NE Woodinville Duvall Road,FS_WA_Woodinville-Plaza_2026-05-06-163000_rwcn.pdf,/mnt/data/FS_WA_Woodinville-Plaza_2026-05-06-163000_rwcn.pdf,,HomeGoods,Retail,False
KRG_WOODINVILLE_PLAZA_WA,Woodinville Plaza,Kite Realty Group,"Woodinville, WA",016,T.J.Maxx,30000.0,Apparel / Soft Goods,Kite Realty site plan,Soft Goods,10k+,No,No,Yes,Yes,No,Tenant/SF transcribed from Kite Realty market page/site plan PDF provided by user; some smaller/unclear labels were marked as Unidentified Tenant or Available where shown.,14001 NE Woodinville Duvall Road,FS_WA_Woodinville-Plaza_2026-05-06-163000_rwcn.pdf,/mnt/data/FS_WA_Woodinville-Plaza_2026-05-06-163000_rwcn.pdf,,TJ Maxx,Apparel,False
KRG_WOODINVILLE_PLAZA_WA,Woodinville Plaza,Kite Realty Group,"Woodinville, WA",017,Sugar & Sweets Bakery,1211.0,Food & Beverage,Kite Realty site plan,Food,0-3k,No,No,No,No,Yes,Tenant/SF transcribed from Kite Realty market page/site plan PDF provided by user; some smaller/unclear labels were marked as Unidentified Tenant or Available where shown.,14001 NE Woodinville Duvall Road,FS_WA_Woodinville-Plaza_2026-05-06-163000_rwcn.pdf,/mnt/data/FS_WA_Woodinville-Plaza_2026-05-06-163000_rwcn.pdf,,Sugar & Sweets Bakery,Restaurant,False
KRG_WOODINVILLE_PLAZA_WA,Woodinville Plaza,Kite Realty Group,"Woodinville, WA",018,Unidentified Tenant,900.0,Other / Unidentified,Kite Realty site plan,Other,0-3k,No,No,No,No,Yes,Tenant/SF transcribed from Kite Realty market page/site plan PDF provided by user; some smaller/unclear labels were marked as Unidentified Tenant or Available where shown.,14001 NE Woodinville Duvall Road,FS_WA_Woodinville-Plaza_2026-05-06-163000_rwcn.pdf,/mnt/data/FS_WA_Woodinville-Plaza_2026-05-06-163000_rwcn.pdf,,Unidentified Tenant,Other,True
KRG_WOODINVILLE_PLAZA_WA,Woodinville Plaza,Kite Realty Group,"Woodinville, WA",019,Unidentified Tenant,1500.0,Other / Unidentified,Kite Realty site plan,Other,0-3k,No,No,No,No,Yes,Tenant/SF transcribed from Kite Realty market page/site plan PDF provided by user; some smaller/unclear labels were marked as Unidentified Tenant or Available where shown.,14001 NE Woodinville Duvall Road,FS_WA_Woodinville-Plaza_2026-05-06-163000_rwcn.pdf,/mnt/data/FS_WA_Woodinville-Plaza_2026-05-06-163000_rwcn.pdf,,Unidentified Tenant,Other,True
KRG_WOODINVILLE_PLAZA_WA,Woodinville Plaza,Kite Realty Group,"Woodinville, WA",021,The Gift Horse Saddlery,3600.0,General / Specialty Retail,Kite Realty site plan,Hard Goods,3k-10k,No,No,No,No,Yes,Tenant/SF transcribed from Kite Realty market page/site plan PDF provided by user; some smaller/unclear labels were marked as Unidentified Tenant or Available where shown.,14001 NE Woodinville Duvall Road,FS_WA_Woodinville-Plaza_2026-05-06-163000_rwcn.pdf,/mnt/data/FS_WA_Woodinville-Plaza_2026-05-06-163000_rwcn.pdf,,The Gift Horse Saddlery,Retail,False
KRG_WOODINVILLE_PLAZA_WA,Woodinville Plaza,Kite Realty Group,"Woodinville, WA",023,Unidentified Tenant,2400.0,Other / Unidentified,Kite Realty site plan,Other,0-3k,No,No,No,No,Yes,Tenant/SF transcribed from Kite Realty market page/site plan PDF provided by user; some smaller/unclear labels were marked as Unidentified Tenant or Available where shown.,14001 NE Woodinville Duvall Road,FS_WA_Woodinville-Plaza_2026-05-06-163000_rwcn.pdf,/mnt/data/FS_WA_Woodinville-Plaza_2026-05-06-163000_rwcn.pdf,,Unidentified Tenant,Other,True
KRG_WOODINVILLE_PLAZA_WA,Woodinville Plaza,Kite Realty Group,"Woodinville, WA",024,Matsu Teriyaki,1200.0,Food & Beverage,Kite Realty site plan,Food,0-3k,No,No,No,No,Yes,Tenant/SF transcribed from Kite Realty market page/site plan PDF provided by user; some smaller/unclear labels were marked as Unidentified Tenant or Available where shown.,14001 NE Woodinville Duvall Road,FS_WA_Woodinville-Plaza_2026-05-06-163000_rwcn.pdf,/mnt/data/FS_WA_Woodinville-Plaza_2026-05-06-163000_rwcn.pdf,,Matsu Teriyaki,Restaurant,False
KRG_WOODINVILLE_PLAZA_WA,Woodinville Plaza,Kite Realty Group,"Woodinville, WA",025,Unidentified Tenant,2400.0,Other / Unidentified,Kite Realty site plan,Other,0-3k,No,No,No,No,Yes,Tenant/SF transcribed from Kite Realty market page/site plan PDF provided by user; some smaller/unclear labels were marked as Unidentified Tenant or Available where shown.,14001 NE Woodinville Duvall Road,FS_WA_Woodinville-Plaza_2026-05-06-163000_rwcn.pdf,/mnt/data/FS_WA_Woodinville-Plaza_2026-05-06-163000_rwcn.pdf,,Unidentified Tenant,Other,True
KRG_WOODINVILLE_PLAZA_WA,Woodinville Plaza,Kite Realty Group,"Woodinville, WA",027,Unidentified Tenant,1198.0,Other / Unidentified,Kite Realty site plan,Other,0-3k,No,No,No,No,Yes,Tenant/SF transcribed from Kite Realty market page/site plan PDF provided by user; some smaller/unclear labels were marked as Unidentified Tenant or Available where shown.,14001 NE Woodinville Duvall Road,FS_WA_Woodinville-Plaza_2026-05-06-163000_rwcn.pdf,/mnt/data/FS_WA_Woodinville-Plaza_2026-05-06-163000_rwcn.pdf,,Unidentified Tenant,Other,True
KRG_WOODINVILLE_PLAZA_WA,Woodinville Plaza,Kite Realty Group,"Woodinville, WA",028,Barber Shop,3375.0,Beauty / Personal Care,Kite Realty site plan,Service,3k-10k,No,No,No,No,Yes,Tenant/SF transcribed from Kite Realty market page/site plan PDF provided by user; some smaller/unclear labels were marked as Unidentified Tenant or Available where shown.,14001 NE Woodinville Duvall Road,FS_WA_Woodinville-Plaza_2026-05-06-163000_rwcn.pdf,/mnt/data/FS_WA_Woodinville-Plaza_2026-05-06-163000_rwcn.pdf,,Barber Shop,Service,False
KRG_WOODINVILLE_PLAZA_WA,Woodinville Plaza,Kite Realty Group,"Woodinville, WA",029,Unidentified Tenant,1125.0,Other / Unidentified,Kite Realty site plan,Other,0-3k,No,No,No,No,Yes,Tenant/SF transcribed from Kite Realty market page/site plan PDF provided by user; some smaller/unclear labels were marked as Unidentified Tenant or Available where shown.,14001 NE Woodinville Duvall Road,FS_WA_Woodinville-Plaza_2026-05-06-163000_rwcn.pdf,/mnt/data/FS_WA_Woodinville-Plaza_2026-05-06-163000_rwcn.pdf,,Unidentified Tenant,Other,True
KRG_WOODINVILLE_PLAZA_WA,Woodinville Plaza,Kite Realty Group,"Woodinville, WA",030,Master Lee's Tae Kwon Do,3000.0,Service / Bank / Telecom,Kite Realty site plan,Service,3k-10k,No,No,No,No,Yes,Tenant/SF transcribed from Kite Realty market page/site plan PDF provided by user; some smaller/unclear labels were marked as Unidentified Tenant or Available where shown.,14001 NE Woodinville Duvall Road,FS_WA_Woodinville-Plaza_2026-05-06-163000_rwcn.pdf,/mnt/data/FS_WA_Woodinville-Plaza_2026-05-06-163000_rwcn.pdf,,Master Lee's Tae Kwon Do,Service,False
KRG_WOODINVILLE_PLAZA_WA,Woodinville Plaza,Kite Realty Group,"Woodinville, WA",031,Unidentified Tenant,1875.0,Other / Unidentified,Kite Realty site plan,Other,0-3k,No,No,No,No,Yes,Tenant/SF transcribed from Kite Realty market page/site plan PDF provided by user; some smaller/unclear labels were marked as Unidentified Tenant or Available where shown.,14001 NE Woodinville Duvall Road,FS_WA_Woodinville-Plaza_2026-05-06-163000_rwcn.pdf,/mnt/data/FS_WA_Woodinville-Plaza_2026-05-06-163000_rwcn.pdf,,Unidentified Tenant,Other,True
KRG_WOODINVILLE_PLAZA_WA,Woodinville Plaza,Kite Realty Group,"Woodinville, WA",032,Chan's Place,5625.0,General / Specialty Retail,Kite Realty site plan,Other,3k-10k,No,No,No,No,Yes,Tenant/SF transcribed from Kite Realty market page/site plan PDF provided by user; some smaller/unclear labels were marked as Unidentified Tenant or Available where shown.,14001 NE Woodinville Duvall Road,FS_WA_Woodinville-Plaza_2026-05-06-163000_rwcn.pdf,/mnt/data/FS_WA_Woodinville-Plaza_2026-05-06-163000_rwcn.pdf,,Chan's Place,Other,False
KRG_WOODINVILLE_PLAZA_WA,Woodinville Plaza,Kite Realty Group,"Woodinville, WA",033A,Unidentified Tenant,1902.0,Other / Unidentified,Kite Realty site plan,Other,0-3k,No,No,No,No,Yes,Tenant/SF transcribed from Kite Realty market page/site plan PDF provided by user; some smaller/unclear labels were marked as Unidentified Tenant or Available where shown.,14001 NE Woodinville Duvall Road,FS_WA_Woodinville-Plaza_2026-05-06-163000_rwcn.pdf,/mnt/data/FS_WA_Woodinville-Plaza_2026-05-06-163000_rwcn.pdf,,Unidentified Tenant,Other,True
KRG_WOODINVILLE_PLAZA_WA,Woodinville Plaza,Kite Realty Group,"Woodinville, WA",033,Unidentified Tenant,2576.0,Other / Unidentified,Kite Realty site plan,Other,0-3k,No,No,No,No,Yes,Tenant/SF transcribed from Kite Realty market page/site plan PDF provided by user; some smaller/unclear labels were marked as Unidentified Tenant or Available where shown.,14001 NE Woodinville Duvall Road,FS_WA_Woodinville-Plaza_2026-05-06-163000_rwcn.pdf,/mnt/data/FS_WA_Woodinville-Plaza_2026-05-06-163000_rwcn.pdf,,Unidentified Tenant,Other,True
KRG_WOODINVILLE_PLAZA_WA,Woodinville Plaza,Kite Realty Group,"Woodinville, WA",034,Unidentified Tenant,3526.0,Other / Unidentified,Kite Realty site plan,Other,3k-10k,No,No,No,No,Yes,Tenant/SF transcribed from Kite Realty market page/site plan PDF provided by user; some smaller/unclear labels were marked as Unidentified Tenant or Available where shown.,14001 NE Woodinville Duvall Road,FS_WA_Woodinville-Plaza_2026-05-06-163000_rwcn.pdf,/mnt/data/FS_WA_Woodinville-Plaza_2026-05-06-163000_rwcn.pdf,,Unidentified Tenant,Other,True
EDENS_ROCKLIN_COMMONS_CA,Rocklin Commons,EDENS,"Rocklin, CA",Major A,Target,137000.0,Discount Retail,Gallelli leasing brochure / EDENS property page,Hard Goods,10k+,No,No,Yes,Yes,No,"Tenant/SF transcribed from Rocklin Commons leasing brochure/site plan; EDENS current page was used for address, GLA, and current 3/5-mile demographics.","5116 Commons Dr, Suite 103",property-2423-asset-20371.pdf,https://gallellire.com/wp-content/uploads/2023/11/property-2423-asset-20371.pdf,,Target,Discount Retail,False
EDENS_ROCKLIN_COMMONS_CA,Rocklin Commons,EDENS,"Rocklin, CA",Major C,Ross,25000.0,Apparel / Soft Goods,Gallelli leasing brochure / EDENS property page,Soft Goods,10k+,No,No,Yes,Yes,No,"Tenant/SF transcribed from Rocklin Commons leasing brochure/site plan; EDENS current page was used for address, GLA, and current 3/5-mile demographics.","5116 Commons Dr, Suite 103",property-2423-asset-20371.pdf,https://gallellire.com/wp-content/uploads/2023/11/property-2423-asset-20371.pdf,,Ross,Apparel,False
EDENS_ROCKLIN_COMMONS_CA,Rocklin Commons,EDENS,"Rocklin, CA",Major F,Studio Movie Grill,35000.0,Food & Beverage,Gallelli leasing brochure / EDENS property page,Other,10k+,No,No,Yes,Yes,No,"Tenant/SF transcribed from Rocklin Commons leasing brochure/site plan; EDENS current page was used for address, GLA, and current 3/5-mile demographics.","5116 Commons Dr, Suite 103",property-2423-asset-20371.pdf,https://gallellire.com/wp-content/uploads/2023/11/property-2423-asset-20371.pdf,,Studio Movie Grill,Entertainment,False
EDENS_ROCKLIN_COMMONS_CA,Rocklin Commons,EDENS,"Rocklin, CA",B-101,Bath & Body Works,4015.0,Beauty / Personal Care,Gallelli leasing brochure / EDENS property page,Service,3k-10k,No,No,No,No,Yes,"Tenant/SF transcribed from Rocklin Commons leasing brochure/site plan; EDENS current page was used for address, GLA, and current 3/5-mile demographics.","5116 Commons Dr, Suite 103",property-2423-asset-20371.pdf,https://gallellire.com/wp-content/uploads/2023/11/property-2423-asset-20371.pdf,,Bath & Body Works,Beauty,False
EDENS_ROCKLIN_COMMONS_CA,Rocklin Commons,EDENS,"Rocklin, CA",B-103,Five Below,10585.0,Discount Retail,Gallelli leasing brochure / EDENS property page,Hard Goods,10k+,No,No,Yes,No,No,"Tenant/SF transcribed from Rocklin Commons leasing brochure/site plan; EDENS current page was used for address, GLA, and current 3/5-mile demographics.","5116 Commons Dr, Suite 103",property-2423-asset-20371.pdf,https://gallellire.com/wp-content/uploads/2023/11/property-2423-asset-20371.pdf,,Five Below,Discount Retail,False
EDENS_ROCKLIN_COMMONS_CA,Rocklin Commons,EDENS,"Rocklin, CA",Shops E,ULTA,10800.0,Beauty / Personal Care,Gallelli leasing brochure / EDENS property page,Service,10k+,No,No,Yes,Yes,No,"Tenant/SF transcribed from Rocklin Commons leasing brochure/site plan; EDENS current page was used for address, GLA, and current 3/5-mile demographics.","5116 Commons Dr, Suite 103",property-2423-asset-20371.pdf,https://gallellire.com/wp-content/uploads/2023/11/property-2423-asset-20371.pdf,,ULTA,Beauty,False
EDENS_ROCKLIN_COMMONS_CA,Rocklin Commons,EDENS,"Rocklin, CA",G-101,W. Salon Suites,12880.0,Beauty / Personal Care,Gallelli leasing brochure / EDENS property page,Service,10k+,No,No,Yes,No,No,"Tenant/SF transcribed from Rocklin Commons leasing brochure/site plan; EDENS current page was used for address, GLA, and current 3/5-mile demographics.","5116 Commons Dr, Suite 103",property-2423-asset-20371.pdf,https://gallellire.com/wp-content/uploads/2023/11/property-2423-asset-20371.pdf,,W. Salon Suites,Beauty,False
EDENS_ROCKLIN_COMMONS_CA,Rocklin Commons,EDENS,"Rocklin, CA",G-111,Jersey Mike's,1600.0,Food & Beverage,Gallelli leasing brochure / EDENS property page,Food,0-3k,No,No,No,No,Yes,"Tenant/SF transcribed from Rocklin Commons leasing brochure/site plan; EDENS current page was used for address, GLA, and current 3/5-mile demographics.","5116 Commons Dr, Suite 103",property-2423-asset-20371.pdf,https://gallellire.com/wp-content/uploads/2023/11/property-2423-asset-20371.pdf,,Jersey Mike's,Restaurant,False
EDENS_ROCKLIN_COMMONS_CA,Rocklin Commons,EDENS,"Rocklin, CA",H-101,The Brass Tap,2600.0,Food & Beverage,Gallelli leasing brochure / EDENS property page,Food,0-3k,No,No,No,No,Yes,"Tenant/SF transcribed from Rocklin Commons leasing brochure/site plan; EDENS current page was used for address, GLA, and current 3/5-mile demographics.","5116 Commons Dr, Suite 103",property-2423-asset-20371.pdf,https://gallellire.com/wp-content/uploads/2023/11/property-2423-asset-20371.pdf,,The Brass Tap,Restaurant,False
EDENS_ROCKLIN_COMMONS_CA,Rocklin Commons,EDENS,"Rocklin, CA",7-101,Chipotle,2015.0,Food & Beverage,Gallelli leasing brochure / EDENS property page,Food,0-3k,No,No,No,No,Yes,"Tenant/SF transcribed from Rocklin Commons leasing brochure/site plan; EDENS current page was used for address, GLA, and current 3/5-mile demographics.","5116 Commons Dr, Suite 103",property-2423-asset-20371.pdf,https://gallellire.com/wp-content/uploads/2023/11/property-2423-asset-20371.pdf,,Chipotle,Restaurant,False
EDENS_ROCKLIN_COMMONS_CA,Rocklin Commons,EDENS,"Rocklin, CA",7-103,Menchie's,1200.0,Food & Beverage,Gallelli leasing brochure / EDENS property page,Food,0-3k,No,No,No,No,Yes,"Tenant/SF transcribed from Rocklin Commons leasing brochure/site plan; EDENS current page was used for address, GLA, and current 3/5-mile demographics.","5116 Commons Dr, Suite 103",property-2423-asset-20371.pdf,https://gallellire.com/wp-content/uploads/2023/11/property-2423-asset-20371.pdf,,Menchie's,Coffee/Dessert,False
EDENS_ROCKLIN_COMMONS_CA,Rocklin Commons,EDENS,"Rocklin, CA",7-104,Go Wireless by Verizon,1560.0,Service / Bank / Telecom,Gallelli leasing brochure / EDENS property page,Hard Goods,0-3k,No,No,No,No,Yes,"Tenant/SF transcribed from Rocklin Commons leasing brochure/site plan; EDENS current page was used for address, GLA, and current 3/5-mile demographics.","5116 Commons Dr, Suite 103",property-2423-asset-20371.pdf,https://gallellire.com/wp-content/uploads/2023/11/property-2423-asset-20371.pdf,,Go Wireless by Verizon,Office/Tech,False
EDENS_ROCKLIN_COMMONS_CA,Rocklin Commons,EDENS,"Rocklin, CA",7-105,Sassy Nails,1300.0,Beauty / Personal Care,Gallelli leasing brochure / EDENS property page,Service,0-3k,No,No,No,No,Yes,"Tenant/SF transcribed from Rocklin Commons leasing brochure/site plan; EDENS current page was used for address, GLA, and current 3/5-mile demographics.","5116 Commons Dr, Suite 103",property-2423-asset-20371.pdf,https://gallellire.com/wp-content/uploads/2023/11/property-2423-asset-20371.pdf,,Sassy Nails,Beauty,False
EDENS_ROCKLIN_COMMONS_CA,Rocklin Commons,EDENS,"Rocklin, CA",7-106,Supercuts,975.0,Beauty / Personal Care,Gallelli leasing brochure / EDENS property page,Service,0-3k,No,No,No,No,Yes,"Tenant/SF transcribed from Rocklin Commons leasing brochure/site plan; EDENS current page was used for address, GLA, and current 3/5-mile demographics.","5116 Commons Dr, Suite 103",property-2423-asset-20371.pdf,https://gallellire.com/wp-content/uploads/2023/11/property-2423-asset-20371.pdf,,Supercuts,Beauty,False
EDENS_ROCKLIN_COMMONS_CA,Rocklin Commons,EDENS,"Rocklin, CA",7-107,Crumbl Cookies,1333.0,Food & Beverage,Gallelli leasing brochure / EDENS property page,Food,0-3k,No,No,No,No,Yes,"Tenant/SF transcribed from Rocklin Commons leasing brochure/site plan; EDENS current page was used for address, GLA, and current 3/5-mile demographics.","5116 Commons Dr, Suite 103",property-2423-asset-20371.pdf,https://gallellire.com/wp-content/uploads/2023/11/property-2423-asset-20371.pdf,,Crumbl Cookies,Coffee/Dessert,False
EDENS_ROCKLIN_COMMONS_CA,Rocklin Commons,EDENS,"Rocklin, CA",7-109,Subway,1105.0,Food & Beverage,Gallelli leasing brochure / EDENS property page,Food,0-3k,No,No,No,No,Yes,"Tenant/SF transcribed from Rocklin Commons leasing brochure/site plan; EDENS current page was used for address, GLA, and current 3/5-mile demographics.","5116 Commons Dr, Suite 103",property-2423-asset-20371.pdf,https://gallellire.com/wp-content/uploads/2023/11/property-2423-asset-20371.pdf,,Subway,Restaurant,False
EDENS_ROCKLIN_COMMONS_CA,Rocklin Commons,EDENS,"Rocklin, CA",7-110,Mooyah Burger,2405.0,Food & Beverage,Gallelli leasing brochure / EDENS property page,Food,0-3k,No,No,No,No,Yes,"Tenant/SF transcribed from Rocklin Commons leasing brochure/site plan; EDENS current page was used for address, GLA, and current 3/5-mile demographics.","5116 Commons Dr, Suite 103",property-2423-asset-20371.pdf,https://gallellire.com/wp-content/uploads/2023/11/property-2423-asset-20371.pdf,,Mooyah Burger,Restaurant,False
EDENS_ROCKLIN_COMMONS_CA,Rocklin Commons,EDENS,"Rocklin, CA",8-101,Noodles & Company,2650.0,Food & Beverage,Gallelli leasing brochure / EDENS property page,Food,0-3k,No,No,No,No,Yes,"Tenant/SF transcribed from Rocklin Commons leasing brochure/site plan; EDENS current page was used for address, GLA, and current 3/5-mile demographics.","5116 Commons Dr, Suite 103",property-2423-asset-20371.pdf,https://gallellire.com/wp-content/uploads/2023/11/property-2423-asset-20371.pdf,,Noodles & Company,Restaurant,False
EDENS_ROCKLIN_COMMONS_CA,Rocklin Commons,EDENS,"Rocklin, CA",8-102,T-Mobile,1350.0,Service / Bank / Telecom,Gallelli leasing brochure / EDENS property page,Hard Goods,0-3k,No,No,No,No,Yes,"Tenant/SF transcribed from Rocklin Commons leasing brochure/site plan; EDENS current page was used for address, GLA, and current 3/5-mile demographics.","5116 Commons Dr, Suite 103",property-2423-asset-20371.pdf,https://gallellire.com/wp-content/uploads/2023/11/property-2423-asset-20371.pdf,,T-Mobile,Office/Tech,False
EDENS_ROCKLIN_COMMONS_CA,Rocklin Commons,EDENS,"Rocklin, CA",8-103,The Great Greek,2000.0,Food & Beverage,Gallelli leasing brochure / EDENS property page,Food,0-3k,No,No,No,No,Yes,"Tenant/SF transcribed from Rocklin Commons leasing brochure/site plan; EDENS current page was used for address, GLA, and current 3/5-mile demographics.","5116 Commons Dr, Suite 103",property-2423-asset-20371.pdf,https://gallellire.com/wp-content/uploads/2023/11/property-2423-asset-20371.pdf,,The Great Greek,Restaurant,False
EDENS_ROCKLIN_COMMONS_CA,Rocklin Commons,EDENS,"Rocklin, CA",11-101,Pacific Dental,3000.0,Medical / Health,Gallelli leasing brochure / EDENS property page,Service,0-3k,No,No,No,No,Yes,"Tenant/SF transcribed from Rocklin Commons leasing brochure/site plan; EDENS current page was used for address, GLA, and current 3/5-mile demographics.","5116 Commons Dr, Suite 103",property-2423-asset-20371.pdf,https://gallellire.com/wp-content/uploads/2023/11/property-2423-asset-20371.pdf,,Pacific Dental,Medical,False
EDENS_ROCKLIN_COMMONS_CA,Rocklin Commons,EDENS,"Rocklin, CA",11-103,European Wax Center,2000.0,Beauty / Personal Care,Gallelli leasing brochure / EDENS property page,Service,0-3k,No,No,No,No,Yes,"Tenant/SF transcribed from Rocklin Commons leasing brochure/site plan; EDENS current page was used for address, GLA, and current 3/5-mile demographics.","5116 Commons Dr, Suite 103",property-2423-asset-20371.pdf,https://gallellire.com/wp-content/uploads/2023/11/property-2423-asset-20371.pdf,,European Wax Center,Beauty,False
EDENS_ROCKLIN_COMMONS_CA,Rocklin Commons,EDENS,"Rocklin, CA",Pad 1,Panera Bread,4200.0,Food & Beverage,Gallelli leasing brochure / EDENS property page,Food,3k-10k,No,No,No,No,Yes,"Tenant/SF transcribed from Rocklin Commons leasing brochure/site plan; EDENS current page was used for address, GLA, and current 3/5-mile demographics.","5116 Commons Dr, Suite 103",property-2423-asset-20371.pdf,https://gallellire.com/wp-content/uploads/2023/11/property-2423-asset-20371.pdf,,Panera Bread,Restaurant,False
