Project ID,Project Name,Owner,City/State,Unit,Tenant,Tenant SF,Tenant Category,Original Category,Main Mix Group,Size Bucket,Is Grocery,Is Available,Is Anchor by SF,Explicit Anchor,0-10K Store,Manual Check Notes,TJ Address,PDF File,PDF Path,Site Plan Image Path
117210,Memorial Plaza,Kimco,,1,Trader Joe's,11065,Grocery,,Food,10k+,TRUE,FALSE,TRUE,,,,,117210-memorial-plaza-marketing-package.pdf,,
117210,Memorial Plaza,Kimco,,2,Micro Center,41724,Other,,Other,10k+,FALSE,FALSE,TRUE,,,,,117210-memorial-plaza-marketing-package.pdf,,
117210,Memorial Plaza,Kimco,,3,Massage Envy,3391,Personal Service,,Service,3k-10k,FALSE,FALSE,FALSE,,,,,117210-memorial-plaza-marketing-package.pdf,,
117210,Memorial Plaza,Kimco,,4,Available,4675,Vacancy,,Vacancy,3k-10k,FALSE,TRUE,FALSE,,,,,117210-memorial-plaza-marketing-package.pdf,,
117210,Memorial Plaza,Kimco,,5,Available (Former Restaurant),1700,Vacancy,,Vacancy,0-3k,FALSE,TRUE,FALSE,,,,,117210-memorial-plaza-marketing-package.pdf,,
125240,Highland Lakes Plaza,Kimco,,1,Perspire Sauna Studio,1750,Other,,Other,0-3k,FALSE,FALSE,FALSE,,,,,125240-highland-lakes-plaza-marketing-package.pdf,,
125240,Highland Lakes Plaza,Kimco,,2,IVX Health,2000,Medical,,Service,0-3k,FALSE,FALSE,FALSE,,,,,125240-highland-lakes-plaza-marketing-package.pdf,,
125240,Highland Lakes Plaza,Kimco,,3,Code Ninjas,1250,Other,,Other,0-3k,FALSE,FALSE,FALSE,,,,,125240-highland-lakes-plaza-marketing-package.pdf,,
125240,Highland Lakes Plaza,Kimco,,4,Anna's Massage Therapy,1895,Medical,,Service,0-3k,FALSE,FALSE,FALSE,,,,,125240-highland-lakes-plaza-marketing-package.pdf,,
125240,Highland Lakes Plaza,Kimco,,5,Orangetheory Fitness,3105,Fitness,,Service,3k-10k,FALSE,FALSE,FALSE,,,,,125240-highland-lakes-plaza-marketing-package.pdf,,
125240,Highland Lakes Plaza,Kimco,,8,J.Crew Factory,6300,Other,,Other,3k-10k,FALSE,FALSE,FALSE,,,,,125240-highland-lakes-plaza-marketing-package.pdf,,
125240,Highland Lakes Plaza,Kimco,,10,Michaels,18780,Crafts,,Hard Goods,10k+,FALSE,FALSE,TRUE,,,,,125240-highland-lakes-plaza-marketing-package.pdf,,
125240,Highland Lakes Plaza,Kimco,,11,Famous Footwear,4750,Footwear,,Soft Goods,3k-10k,FALSE,FALSE,FALSE,,,,,125240-highland-lakes-plaza-marketing-package.pdf,,
125240,Highland Lakes Plaza,Kimco,,12,Available (Former Nail Salon),1000,Vacancy,,Vacancy,0-3k,FALSE,TRUE,FALSE,,,,,125240-highland-lakes-plaza-marketing-package.pdf,,
125240,Highland Lakes Plaza,Kimco,,13,Available,1750,Vacancy,,Vacancy,0-3k,FALSE,TRUE,FALSE,,,,,125240-highland-lakes-plaza-marketing-package.pdf,,
125240,Highland Lakes Plaza,Kimco,,14,Costa Vida,1960,Other,,Other,0-3k,FALSE,FALSE,FALSE,,,,,125240-highland-lakes-plaza-marketing-package.pdf,,
125240,Highland Lakes Plaza,Kimco,,15,Trader Joe's,13045,Grocery,,Food,10k+,TRUE,FALSE,TRUE,,,,,125240-highland-lakes-plaza-marketing-package.pdf,,
125240,Highland Lakes Plaza,Kimco,,16,Barnes & Noble,21943,Books & Media,,Hard Goods,10k+,FALSE,FALSE,TRUE,,,,,125240-highland-lakes-plaza-marketing-package.pdf,,
116710,Brennan Station,Kimco,,2,Five Guys Burgers and Fries,2481,Restaurant,,Food,0-3k,FALSE,FALSE,FALSE,,,,,116710-brennan-station-marketing-package.pdf,,
116710,Brennan Station,Kimco,,3,Moe's Southwest Grill,3355,Restaurant,,Food,3k-10k,FALSE,FALSE,FALSE,,,,,116710-brennan-station-marketing-package.pdf,,
116710,Brennan Station,Kimco,,4,Available (Former Restaurant),1800,Vacancy,,Vacancy,0-3k,FALSE,TRUE,FALSE,,,,,116710-brennan-station-marketing-package.pdf,,
116710,Brennan Station,Kimco,,5,Jersey Mike's Subs,1700,Restaurant,,Food,0-3k,FALSE,FALSE,FALSE,,,,,116710-brennan-station-marketing-package.pdf,,
116710,Brennan Station,Kimco,,6,Hummus Republic,2120,Other,,Other,0-3k,FALSE,FALSE,FALSE,,,,,116710-brennan-station-marketing-package.pdf,,
116710,Brennan Station,Kimco,,7,Margaux's Restaurant,6204,Restaurant,,Food,3k-10k,FALSE,FALSE,FALSE,,,,,116710-brennan-station-marketing-package.pdf,,
116710,Brennan Station,Kimco,,8,Huntington Learning Center,2462,Education,,Service,0-3k,FALSE,FALSE,FALSE,,,,,116710-brennan-station-marketing-package.pdf,,
116710,Brennan Station,Kimco,,9,SunTan City,2600,Other,,Other,0-3k,FALSE,FALSE,FALSE,,,,,116710-brennan-station-marketing-package.pdf,,
116710,Brennan Station,Kimco,,10,Bodybar Pilates,3019,Fitness,,Service,3k-10k,FALSE,FALSE,FALSE,,,,,116710-brennan-station-marketing-package.pdf,,
116710,Brennan Station,Kimco,,11,Conte's Bike Shop,7050,Other,,Other,3k-10k,FALSE,FALSE,FALSE,,,,,116710-brennan-station-marketing-package.pdf,,
116710,Brennan Station,Kimco,,12,Lux Nails & Spa,1782,Beauty,,Soft Goods,0-3k,FALSE,FALSE,FALSE,,,,,116710-brennan-station-marketing-package.pdf,,
116710,Brennan Station,Kimco,,13,Office Depot,22391,Office Supply,,Hard Goods,10k+,FALSE,FALSE,TRUE,,,,,116710-brennan-station-marketing-package.pdf,,
116710,Brennan Station,Kimco,,14,Dollar Tree,10500,Discount Retail,,Hard Goods,10k+,FALSE,FALSE,TRUE,,,,,116710-brennan-station-marketing-package.pdf,,
116710,Brennan Station,Kimco,,15,Woof Gang Bakery & Grooming,1300,Coffee / Dessert,,Food,0-3k,FALSE,FALSE,FALSE,,,,,116710-brennan-station-marketing-package.pdf,,
116710,Brennan Station,Kimco,,16,Trader Joe’s,14679,Grocery,,Food,10k+,TRUE,FALSE,TRUE,,,,,116710-brennan-station-marketing-package.pdf,,
116710,Brennan Station,Kimco,,18,Nancy's Pizza,4260,Restaurant,,Food,3k-10k,FALSE,FALSE,FALSE,,,,,116710-brennan-station-marketing-package.pdf,,
116710,Brennan Station,Kimco,,19,Town and Country Hardware,12000,Hardware,,Hard Goods,10k+,FALSE,FALSE,TRUE,,,,,116710-brennan-station-marketing-package.pdf,,
116710,Brennan Station,Kimco,,20,Relax Foot Massage,2000,Personal Service,,Service,0-3k,FALSE,FALSE,FALSE,,,,,116710-brennan-station-marketing-package.pdf,,
116710,Brennan Station,Kimco,,21,Sola Salon Studios,4890,Beauty,,Soft Goods,3k-10k,FALSE,FALSE,FALSE,,,,,116710-brennan-station-marketing-package.pdf,,
116710,Brennan Station,Kimco,,22,Melt Well Sauna and [...],1408,Other,,Other,0-3k,FALSE,FALSE,FALSE,,,,,116710-brennan-station-marketing-package.pdf,,
116710,Brennan Station,Kimco,,23,Kazu Hibachi,1350,Other,,Other,0-3k,FALSE,FALSE,FALSE,,,,,116710-brennan-station-marketing-package.pdf,,
116710,Brennan Station,Kimco,,24,Beow's Books and Brews Café,2650,Books & Media,,Hard Goods,0-3k,FALSE,FALSE,FALSE,,,,,116710-brennan-station-marketing-package.pdf,,
116710,Brennan Station,Kimco,,25,Expedia Travel,1300,Other,,Other,0-3k,FALSE,FALSE,FALSE,,,,,116710-brennan-station-marketing-package.pdf,,
116710,Brennan Station,Kimco,,26,Tropical Smoothie Cafe,1625,Restaurant,,Food,0-3k,FALSE,FALSE,FALSE,,,,,116710-brennan-station-marketing-package.pdf,,
116710,Brennan Station,Kimco,,27,Options Medical Weight Loss,1550,Medical,,Service,0-3k,FALSE,FALSE,FALSE,,,,,116710-brennan-station-marketing-package.pdf,,
116710,Brennan Station,Kimco,,28,El Dorado Mexican Restaurant,3478,Restaurant,,Food,3k-10k,FALSE,FALSE,FALSE,,,,,116710-brennan-station-marketing-package.pdf,,
116710,Brennan Station,Kimco,,29,Topsail Steamer,1300,Coffee / Dessert,,Food,0-3k,FALSE,FALSE,FALSE,,,,,116710-brennan-station-marketing-package.pdf,,
116710,Brennan Station,Kimco,,30,Brigs Great Beginninings,2926,Other,,Other,0-3k,FALSE,FALSE,FALSE,,,,,116710-brennan-station-marketing-package.pdf,,
116710,Brennan Station,Kimco,,31,Dunkin' Donuts,1560,Coffee / Dessert,,Food,0-3k,FALSE,FALSE,FALSE,,,,,116710-brennan-station-marketing-package.pdf,,
116710,Brennan Station,Kimco,,32,Jiffy Lube,2652,Auto Service,,Service,0-3k,FALSE,FALSE,FALSE,,,,,116710-brennan-station-marketing-package.pdf,,
BRX040,Village Square Shopping Center,Brixmor,,9,Available,1966,Vacancy,,Vacancy,0-3k,FALSE,TRUE,FALSE,,,,,Village Square Shopping Center - Property Brochure.pdf,,
BRX040,Village Square Shopping Center,Brixmor,,6-Apr,Trader Joe's,12400,Grocery,,Food,10k+,TRUE,FALSE,TRUE,,,,,Village Square Shopping Center - Property Brochure.pdf,,
BRX040,Village Square Shopping Center,Brixmor,,7,Everythings Hair Limited,900,Beauty,,Soft Goods,0-3k,FALSE,FALSE,FALSE,,,,,Village Square Shopping Center - Property Brochure.pdf,,
BRX040,Village Square Shopping Center,Brixmor,,8,Nail House,862,Beauty,,Soft Goods,0-3k,FALSE,FALSE,FALSE,,,,,Village Square Shopping Center - Property Brochure.pdf,,
BRX040,Village Square Shopping Center,Brixmor,,10,Espresso Cafeto,872,Restaurant,,Food,0-3k,FALSE,FALSE,FALSE,,,,,Village Square Shopping Center - Property Brochure.pdf,,
TJ_BURLINGTON,Petco / Trader Joe’s center,Unknow,"Burlington, MA",1,Bob Discount Furniture,46605,Home Furnishing,Furnishings,Hard Goods,10k+,FALSE,FALSE,TRUE,0,0,Furnishings,51 Middlesex Turnpike,,,
TJ_BURLINGTON,Petco / Trader Joe’s center,Unknow,"Burlington, MA",2,Petco,12034,Pet Supply,Pet Stores + Supplies,Hard Goods,10k+,FALSE,FALSE,TRUE,0,0,Pet Stores + Supplies,51 Middlesex Turnpike,,,
TJ_BURLINGTON,Petco / Trader Joe’s center,Unknow,"Burlington, MA",3,Trader Joe’s,15267,Grocery,Grocery,Food,10k+,TRUE,FALSE,TRUE,0,0,,51 Middlesex Turnpike,,,
TJ_ACTON,Brookside Shops,Crosspoint Associates,"Acton, MA",1,Trader Joe’s,,Grocery,Grocery,Food,,TRUE,FALSE,TRUE,1,0,,"145 Great Road, Acton, MA 01720",,,site_plan_images/TJ_Acton.png
TJ_ACTON,Brookside Shops,Crosspoint Associates,"Acton, MA",2,Talbots,,Apparel,Apparel,Soft Goods,,FALSE,FALSE,FALSE,0,0,,"145 Great Road, Acton, MA 01720",,,site_plan_images/TJ_Acton.png
TJ_ACTON,Brookside Shops,Crosspoint Associates,"Acton, MA",3,Staples,,Office Supply,Office & Tech,Hard Goods,,FALSE,FALSE,FALSE,0,0,Office & Tech,"145 Great Road, Acton, MA 01720",,,site_plan_images/TJ_Acton.png
TJ_ACTON,Brookside Shops,Crosspoint Associates,"Acton, MA",4,X-Golf,,Entertainment Retail,Entertainment,Hard Goods,,FALSE,FALSE,FALSE,0,0,Entertainment,"145 Great Road, Acton, MA 01720",,,site_plan_images/TJ_Acton.png
TJ_ACTON,Brookside Shops,Crosspoint Associates,"Acton, MA",5,J.Crew Factory,,Apparel,Apparel,Soft Goods,,FALSE,FALSE,FALSE,0,0,,"145 Great Road, Acton, MA 01720",,,site_plan_images/TJ_Acton.png
TJ_ACTON,Brookside Shops,Crosspoint Associates,"Acton, MA",6,Wonder,,Restaurant,QSR,Food,,FALSE,FALSE,FALSE,0,0,QSR,"145 Great Road, Acton, MA 01720",,,site_plan_images/TJ_Acton.png
TJ_ACTON,Brookside Shops,Crosspoint Associates,"Acton, MA",7,NY Bagel Factory,,Restaurant,QSR,Food,,FALSE,FALSE,FALSE,0,0,QSR,"145 Great Road, Acton, MA 01720",,,site_plan_images/TJ_Acton.png
TJ_NEWTON,Newton Nexus,Crosspoint Associates,"Newton, MA",1,Trader Joe’s,,Grocery,Grocery,Food,,TRUE,FALSE,TRUE,1,0,,"165 Needham St, Newton, MA 02464 US",,,site_plan_images/TJ_Newton.png
TJ_NEWTON,Newton Nexus,Crosspoint Associates,"Newton, MA",2,Marshalls,,Discount Retail,Soft Goods / Discount Retail,Hard Goods,,FALSE,FALSE,FALSE,0,0,Soft Goods / Discount Retail,"165 Needham St, Newton, MA 02464 US",,,site_plan_images/TJ_Newton.png
TJ_NEWTON,Newton Nexus,Crosspoint Associates,"Newton, MA",3,CVS Pharmacy,,Medical,Pharmacy,Service,,FALSE,FALSE,FALSE,0,0,Pharmacy,"165 Needham St, Newton, MA 02464 US",,,site_plan_images/TJ_Newton.png
TJ_NEWTON,Newton Nexus,Crosspoint Associates,"Newton, MA",4,Chase Bank,,Financial,Financial Services,Service,,FALSE,FALSE,FALSE,0,0,Financial Services,"165 Needham St, Newton, MA 02464 US",,,site_plan_images/TJ_Newton.png
TJ_NEWTON,Newton Nexus,Crosspoint Associates,"Newton, MA",5,Pure Barre,,Fitness,Fitness,Service,,FALSE,FALSE,FALSE,0,0,,"165 Needham St, Newton, MA 02464 US",,,site_plan_images/TJ_Newton.png
TJ_NEWTON,Newton Nexus,Crosspoint Associates,"Newton, MA",6,Club Pilates,,Fitness,Fitness,Service,,FALSE,FALSE,FALSE,0,0,,"165 Needham St, Newton, MA 02464 US",,,site_plan_images/TJ_Newton.png
TJ_NEWTON,Newton Nexus,Crosspoint Associates,"Newton, MA",7,Five Guys,,Restaurant,QSR,Food,,FALSE,FALSE,FALSE,0,0,QSR,"165 Needham St, Newton, MA 02464 US",,,site_plan_images/TJ_Newton.png
TJ_NEWTON,Newton Nexus,Crosspoint Associates,"Newton, MA",8,Sweetgreen,,Restaurant,Fast Casual Restaurant,Food,,FALSE,FALSE,FALSE,0,0,Fast Casual Restaurant,"165 Needham St, Newton, MA 02464 US",,,site_plan_images/TJ_Newton.png
TJ_NEWTON,Newton Nexus,Crosspoint Associates,"Newton, MA",9,Pressed Café,,Restaurant,Café,Food,,FALSE,FALSE,FALSE,0,0,Café,"165 Needham St, Newton, MA 02464 US",,,site_plan_images/TJ_Newton.png
TJ_NEWTON,Newton Nexus,Crosspoint Associates,"Newton, MA",10,European Wax Center,,Personal Service,Personal Services,Service,,FALSE,FALSE,FALSE,0,0,Personal Services,"165 Needham St, Newton, MA 02464 US",,,site_plan_images/TJ_Newton.png
TJ_NEWTON,Newton Nexus,Crosspoint Associates,"Newton, MA",11,Lux Bond & Green,,Apparel,Jewelry,Soft Goods,,FALSE,FALSE,FALSE,0,0,Jewelry,"165 Needham St, Newton, MA 02464 US",,,site_plan_images/TJ_Newton.png
TJ_NEWTON,Newton Nexus,Crosspoint Associates,"Newton, MA",12,Restore Hyper Wellness,,Personal Service,Wellness,Service,,FALSE,FALSE,FALSE,0,0,Wellness,"165 Needham St, Newton, MA 02464 US",,,site_plan_images/TJ_Newton.png
TJ_NEWTON,Newton Nexus,Crosspoint Associates,"Newton, MA",13,AT&T,,Telecom,Telecommunications,Service,,FALSE,FALSE,FALSE,0,0,Telecommunications,"165 Needham St, Newton, MA 02464 US",,,site_plan_images/TJ_Newton.png
TJ_NEWTON,Newton Nexus,Crosspoint Associates,"Newton, MA",14,Hollywood Nails & Spa,,Personal Service,Personal Services,Service,,FALSE,FALSE,FALSE,0,0,Personal Services,"165 Needham St, Newton, MA 02464 US",,,site_plan_images/TJ_Newton.png
TJ_NEWTON,Newton Nexus,Crosspoint Associates,"Newton, MA",15,Newton Centre Chiropractic,,Medical,Medical,Service,,FALSE,FALSE,FALSE,0,0,,"165 Needham St, Newton, MA 02464 US",,,site_plan_images/TJ_Newton.png
TJ_NEWTON,Newton Nexus,Crosspoint Associates,"Newton, MA",16,Cambridge Savings Bank ATM,,Financial,Financial Services,Service,,FALSE,FALSE,FALSE,0,0,Financial Services,"165 Needham St, Newton, MA 02464 US",,,site_plan_images/TJ_Newton.png
TJ_CAMBRIDGE_FRESH_POND,Alewife Brook Parkway Shopping Center,Linear Retail Properties,"Cambridge, MA",1,Trader Joe’s,14000,Grocery,Grocery,Food,10k+,TRUE,FALSE,TRUE,1,0,,"211 Alewife Brook Pkwy, Cambridge, MA 02138",,,site_plan_images/TJ_Cambridge_Fresh_Pond.png
TJ_CAMBRIDGE_FRESH_POND,Alewife Brook Parkway Shopping Center,Linear Retail Properties,"Cambridge, MA",2,CVS Pharmacy,,Medical,Pharmacy,Service,,FALSE,FALSE,TRUE,1,0,Pharmacy,"211 Alewife Brook Pkwy, Cambridge, MA 02138",,,site_plan_images/TJ_Cambridge_Fresh_Pond.png
TJ_CAMBRIDGE_FRESH_POND,Alewife Brook Parkway Shopping Center,Linear Retail Properties,"Cambridge, MA",3,Chipotle,,Restaurant,QSR,Food,,FALSE,FALSE,FALSE,0,1,QSR,"211 Alewife Brook Pkwy, Cambridge, MA 02138",,,site_plan_images/TJ_Cambridge_Fresh_Pond.png
TJ_CAMBRIDGE_FRESH_POND,Alewife Brook Parkway Shopping Center,Linear Retail Properties,"Cambridge, MA",4,T-Mobile,,Telecom,Telecommunications,Service,,FALSE,FALSE,FALSE,0,1,Telecommunications,"211 Alewife Brook Pkwy, Cambridge, MA 02138",,,site_plan_images/TJ_Cambridge_Fresh_Pond.png
TJ_CAMBRIDGE_FRESH_POND,Alewife Brook Parkway Shopping Center,Linear Retail Properties,"Cambridge, MA",5,Sav-Mor Spirits,,Wine / Liquor,Liquor / Beverage Retail,Food,,FALSE,FALSE,FALSE,0,1,Liquor / Beverage Retail,"211 Alewife Brook Pkwy, Cambridge, MA 02138",,,site_plan_images/TJ_Cambridge_Fresh_Pond.png
TJ_CAMBRIDGE_FRESH_POND,Alewife Brook Parkway Shopping Center,Linear Retail Properties,"Cambridge, MA",6,Sleepy’s,,Home Furnishing,Furnishings / Mattress,Hard Goods,,FALSE,FALSE,FALSE,0,1,Furnishings / Mattress,"211 Alewife Brook Pkwy, Cambridge, MA 02138",,,site_plan_images/TJ_Cambridge_Fresh_Pond.png
TJ_FRAMINGHAM,Staples Plaza,The Hamilton Company,"Framingham, MA",1,Trader Joe’s,13024,Grocery,Grocery,Food,10k+,TRUE,FALSE,TRUE,1,0,,"659 Worcester Rd, Framingham, MA 01701",,,site_plan_images/TJ_Framingham.png
TJ_FRAMINGHAM,Staples Plaza,The Hamilton Company,"Framingham, MA",2,Studio Optics,1000,Medical,Medical / Optical,Service,0-3k,FALSE,FALSE,FALSE,0,1,Medical / Optical,"659 Worcester Rd, Framingham, MA 01701",,,site_plan_images/TJ_Framingham.png
TJ_FRAMINGHAM,Staples Plaza,The Hamilton Company,"Framingham, MA",3,99 Restaurant,4419,Restaurant,Restaurant,Food,3k-10k,FALSE,FALSE,FALSE,0,1,,"659 Worcester Rd, Framingham, MA 01701",,,site_plan_images/TJ_Framingham.png
TJ_FRAMINGHAM,Staples Plaza,The Hamilton Company,"Framingham, MA",4,Former Staples / Available Space,19857,Office Supply,Office & Tech / Vacant,Hard Goods,10k+,FALSE,TRUE,TRUE,0,0,Office & Tech / Vacant,"659 Worcester Rd, Framingham, MA 01701",,,site_plan_images/TJ_Framingham.png
TJ_HYANNIS,Christmas Tree Promenade / 655 Iyannough Rd Plaza,CTS FIDUCIARY LLC TR (c/o Turtle Rock LLC),"Hyannis, MA",1,Trader Joe’s,12845,Grocery,Grocery,Food,10k+,TRUE,FALSE,TRUE,1,0,,"655 Iyannough Road Rt 132, Unit 4-A, Hyannis, MA 02601",,,site_plan_images/TJ_Hyannis.png
TJ_HYANNIS,Christmas Tree Promenade / 655 Iyannough Rd Plaza,CTS FIDUCIARY LLC TR (c/o Turtle Rock LLC),"Hyannis, MA",2,Starbucks,1356,Restaurant,Café,Food,0-3k,FALSE,FALSE,FALSE,0,1,Café,"655 Iyannough Road Rt 132, Unit 4-A, Hyannis, MA 02601",,,site_plan_images/TJ_Hyannis.png
TJ_HYANNIS,Christmas Tree Promenade / 655 Iyannough Rd Plaza,CTS FIDUCIARY LLC TR (c/o Turtle Rock LLC),"Hyannis, MA",3,Cardi’s Furniture,1946,Home Furnishing,Furnishings,Hard Goods,0-3k,FALSE,FALSE,TRUE,1,0,Furnishings,"655 Iyannough Road Rt 132, Unit 4-A, Hyannis, MA 02601",,,site_plan_images/TJ_Hyannis.png
TJ_HYANNIS,Christmas Tree Promenade / 655 Iyannough Rd Plaza,CTS FIDUCIARY LLC TR (c/o Turtle Rock LLC),"Hyannis, MA",4,Best Buy,38688,Electronics,Electronics,Hard Goods,10k+,FALSE,FALSE,TRUE,1,0,,"655 Iyannough Road Rt 132, Unit 4-A, Hyannis, MA 02601",,,site_plan_images/TJ_Hyannis.png
TJ_HYANNIS,Christmas Tree Promenade / 655 Iyannough Rd Plaza,CTS FIDUCIARY LLC TR (c/o Turtle Rock LLC),"Hyannis, MA",5,Former JOANN,17645,Crafts,Crafts / Vacant,Hard Goods,10k+,FALSE,TRUE,TRUE,0,0,Crafts / Vacant,"655 Iyannough Road Rt 132, Unit 4-A, Hyannis, MA 02601",,,site_plan_images/TJ_Hyannis.png
TJ_MILFORD,Granite Heights Marketplace,Unknown,"Milford, MA",1,Trader Joe’s,21903,Grocery,Grocery,Food,10k+,TRUE,FALSE,TRUE,1,0,,"230 Fortune Blvd, Milford, MA 01757",,,site_plan_images/TJ_Milford.png
TJ_MILFORD,Granite Heights Marketplace,Unknown,"Milford, MA",2,Burlington,28000,Discount Retail,Discount Retail / Apparel,Hard Goods,10k+,FALSE,FALSE,TRUE,1,0,Discount Retail / Apparel,"230 Fortune Blvd, Milford, MA 01757",,,site_plan_images/TJ_Milford.png
TJ_MILFORD,Granite Heights Marketplace,Unknown,"Milford, MA",3,Big Box Space Available,40838,Vacancy,Vacant / Big Box Retail,Vacancy,10k+,FALSE,TRUE,TRUE,1,0,Vacant / Big Box Retail,"230 Fortune Blvd, Milford, MA 01757",,,site_plan_images/TJ_Milford.png
TJ_MILFORD,Granite Heights Marketplace,Unknown,"Milford, MA",4,Restaurant Pad Available,6354,Restaurant,Vacant / Restaurant Pad,Food,3k-10k,FALSE,TRUE,FALSE,0,1,Vacant / Restaurant Pad,"230 Fortune Blvd, Milford, MA 01757",,,site_plan_images/TJ_Milford.png
TJ_SOMERVILLE,Assembly Square,federalrealty,"Somerville, MA",1,Ashley Furniture HomeStore,20586,Home Furnishing,Furnishings,Hard Goods,10k+,FALSE,FALSE,TRUE,1,0,Furnishings,"145 Middlesex Ave, Somerville, MA 02145 US",,,site_plan_images/TJ_Somerville.png
TJ_SOMERVILLE,Assembly Square,federalrealty,"Somerville, MA",2,World Market,18361,Home Furnishing,Home Goods / Specialty Retail,Hard Goods,10k+,FALSE,FALSE,TRUE,1,0,Home Goods / Specialty Retail,"145 Middlesex Ave, Somerville, MA 02145 US",,,site_plan_images/TJ_Somerville.png
TJ_SOMERVILLE,Assembly Square,federalrealty,"Somerville, MA",3,TJ Maxx,54480,Discount Retail,Discount Retail / Apparel,Hard Goods,10k+,FALSE,FALSE,TRUE,1,0,Discount Retail / Apparel,"145 Middlesex Ave, Somerville, MA 02145 US",,,site_plan_images/TJ_Somerville.png
TJ_SOMERVILLE,Assembly Square,federalrealty,"Somerville, MA",4,Bob's Discount Furniture,38163,Home Furnishing,Furnishings,Hard Goods,10k+,FALSE,FALSE,TRUE,1,0,Furnishings,"145 Middlesex Ave, Somerville, MA 02145 US",,,site_plan_images/TJ_Somerville.png
TJ_SOMERVILLE,Assembly Square,federalrealty,"Somerville, MA",5,Burlington,45706,Discount Retail,Discount Retail / Apparel,Hard Goods,10k+,FALSE,FALSE,TRUE,1,0,Discount Retail / Apparel,"145 Middlesex Ave, Somerville, MA 02145 US",,,site_plan_images/TJ_Somerville.png
TJ_SOMERVILLE,Assembly Square,federalrealty,"Somerville, MA",6,Trader Joe's,17886,Grocery,Grocery,Food,10k+,TRUE,FALSE,TRUE,1,0,,"145 Middlesex Ave, Somerville, MA 02145 US",,,site_plan_images/TJ_Somerville.png
TJ_SOMERVILLE,Assembly Square,federalrealty,"Somerville, MA",7,Studio Xfinity,6214,Telecom,Telecommunications,Service,3k-10k,FALSE,FALSE,FALSE,0,1,Telecommunications,"145 Middlesex Ave, Somerville, MA 02145 US",,,site_plan_images/TJ_Somerville.png
TJ_SOMERVILLE,Assembly Square,federalrealty,"Somerville, MA",8,Raymour & Flanigan Furniture,51834,Home Furnishing,Furnishings,Hard Goods,10k+,FALSE,FALSE,TRUE,1,0,Furnishings,"145 Middlesex Ave, Somerville, MA 02145 US",,,site_plan_images/TJ_Somerville.png
TJ_SOMERVILLE,Assembly Square,federalrealty,"Somerville, MA",9,Staples,21800,Office Supply,Office & Tech,Hard Goods,10k+,FALSE,FALSE,TRUE,1,0,Office & Tech,"145 Middlesex Ave, Somerville, MA 02145 US",,,site_plan_images/TJ_Somerville.png
TJ_SOMERVILLE,Assembly Square,federalrealty,"Somerville, MA",10,JPMorgan Chase Bank,2300,Financial,Financial Services,Service,0-3k,FALSE,FALSE,FALSE,0,1,Financial Services,"145 Middlesex Ave, Somerville, MA 02145 US",,,site_plan_images/TJ_Somerville.png
TJ_SOMERVILLE,Assembly Square,federalrealty,"Somerville, MA",11,Starbucks,2133,Restaurant,Café,Food,0-3k,FALSE,FALSE,FALSE,0,1,Café,"145 Middlesex Ave, Somerville, MA 02145 US",,,site_plan_images/TJ_Somerville.png
TJ_SOMERVILLE,Assembly Square,federalrealty,"Somerville, MA",12,Tulip Interfaces,30312,Office Supply,Office,Hard Goods,10k+,FALSE,FALSE,TRUE,0,0,Office,"145 Middlesex Ave, Somerville, MA 02145 US",,,site_plan_images/TJ_Somerville.png
TJ_SOMERVILLE,Assembly Square,federalrealty,"Somerville, MA",13,DMG MORI USA,9523,Office Supply,Office / Industrial Services,Hard Goods,3k-10k,FALSE,FALSE,FALSE,0,1,Office / Industrial Services,"145 Middlesex Ave, Somerville, MA 02145 US",,,site_plan_images/TJ_Somerville.png
TJ_PEABODY,Peabody Place,Chase Properties,"Peabody, MA",1,TJ Maxx,25020,Discount Retail,Discount Retail / Apparel,Hard Goods,10k+,FALSE,FALSE,TRUE,1,0,Discount Retail / Apparel,"300 Andover St, Peabody, MA 01960",30-LeasingKit.pdf,pdfs/30-LeasingKit.pdf,site_plan_images/TJ_Peabody.png
TJ_PEABODY,Peabody Place,Chase Properties,"Peabody, MA",2,GameStop,2086,Electronics,Electronics / Video Games,Hard Goods,0-3k,FALSE,FALSE,FALSE,0,1,Electronics / Video Games,"300 Andover St, Peabody, MA 01960",30-LeasingKit.pdf,pdfs/30-LeasingKit.pdf,site_plan_images/TJ_Peabody.png
TJ_PEABODY,Peabody Place,Chase Properties,"Peabody, MA",3,Pinspits,1989,Entertainment Retail,Entertainment,Hard Goods,0-3k,FALSE,FALSE,FALSE,0,1,Entertainment,"300 Andover St, Peabody, MA 01960",30-LeasingKit.pdf,pdfs/30-LeasingKit.pdf,site_plan_images/TJ_Peabody.png
TJ_PEABODY,Peabody Place,Chase Properties,"Peabody, MA",4,Carter’s,4466,Apparel,Apparel,Soft Goods,3k-10k,FALSE,FALSE,FALSE,0,1,,"300 Andover St, Peabody, MA 01960",30-LeasingKit.pdf,pdfs/30-LeasingKit.pdf,site_plan_images/TJ_Peabody.png
TJ_PEABODY,Peabody Place,Chase Properties,"Peabody, MA",5,J.Crew Factory,5600,Apparel,Apparel,Soft Goods,3k-10k,FALSE,FALSE,FALSE,0,1,,"300 Andover St, Peabody, MA 01960",30-LeasingKit.pdf,pdfs/30-LeasingKit.pdf,site_plan_images/TJ_Peabody.png
TJ_PEABODY,Peabody Place,Chase Properties,"Peabody, MA",6,Miel Dental Aesthetics,2080,Medical,Medical,Service,0-3k,FALSE,FALSE,FALSE,0,1,,"300 Andover St, Peabody, MA 01960",30-LeasingKit.pdf,pdfs/30-LeasingKit.pdf,site_plan_images/TJ_Peabody.png
TJ_PEABODY,Peabody Place,Chase Properties,"Peabody, MA",7,Tokyo Steakhouse,5746,Restaurant,Restaurant,Food,3k-10k,FALSE,FALSE,FALSE,0,1,,"300 Andover St, Peabody, MA 01960",30-LeasingKit.pdf,pdfs/30-LeasingKit.pdf,site_plan_images/TJ_Peabody.png
TJ_PEABODY,Peabody Place,Chase Properties,"Peabody, MA",8,AAA Southern New England,2719,Personal Service,Services,Service,0-3k,FALSE,FALSE,FALSE,0,1,Services,"300 Andover St, Peabody, MA 01960",30-LeasingKit.pdf,pdfs/30-LeasingKit.pdf,site_plan_images/TJ_Peabody.png
TJ_PEABODY,Peabody Place,Chase Properties,"Peabody, MA",9,Music and Arts Centers,3000,Education,Education / Specialty Retail,Service,3k-10k,FALSE,FALSE,FALSE,0,1,Education / Specialty Retail,"300 Andover St, Peabody, MA 01960",30-LeasingKit.pdf,pdfs/30-LeasingKit.pdf,site_plan_images/TJ_Peabody.png
TJ_PEABODY,Peabody Place,Chase Properties,"Peabody, MA",10,Trader Joe’s,12400,Grocery,Grocery,Food,10k+,TRUE,FALSE,TRUE,1,0,,"300 Andover St, Peabody, MA 01960",30-LeasingKit.pdf,pdfs/30-LeasingKit.pdf,site_plan_images/TJ_Peabody.png
TJ_PEABODY,Peabody Place,Chase Properties,"Peabody, MA",11,Five Below,14315,Discount Retail,Discount Retail,Hard Goods,10k+,FALSE,FALSE,TRUE,1,0,,"300 Andover St, Peabody, MA 01960",30-LeasingKit.pdf,pdfs/30-LeasingKit.pdf,site_plan_images/TJ_Peabody.png
TJ_PEABODY,Peabody Place,Chase Properties,"Peabody, MA",12,Burlington,38931,Discount Retail,Discount Retail / Apparel,Hard Goods,10k+,FALSE,FALSE,TRUE,1,0,Discount Retail / Apparel,"300 Andover St, Peabody, MA 01960",30-LeasingKit.pdf,pdfs/30-LeasingKit.pdf,site_plan_images/TJ_Peabody.png
TJ_PEABODY,Peabody Place,Chase Properties,"Peabody, MA",13,Santander Bank,4855,Financial,Financial Services,Service,3k-10k,FALSE,FALSE,FALSE,0,1,Financial Services,"300 Andover St, Peabody, MA 01960",30-LeasingKit.pdf,pdfs/30-LeasingKit.pdf,site_plan_images/TJ_Peabody.png
TJ_PEABODY,Peabody Place,Chase Properties,"Peabody, MA",14,Vitamin Shoppe,2740,Personal Service,Health & Wellness Retail,Service,0-3k,FALSE,FALSE,FALSE,0,1,Health & Wellness Retail,"300 Andover St, Peabody, MA 01960",30-LeasingKit.pdf,pdfs/30-LeasingKit.pdf,site_plan_images/TJ_Peabody.png
TJ_PEABODY,Peabody Place,Chase Properties,"Peabody, MA",15,Outback Steakhouse,8600,Restaurant,Restaurant,Food,3k-10k,FALSE,FALSE,FALSE,0,1,,"300 Andover St, Peabody, MA 01960",30-LeasingKit.pdf,pdfs/30-LeasingKit.pdf,site_plan_images/TJ_Peabody.png
TJ_PEABODY,Peabody Place,Chase Properties,"Peabody, MA",16,Car Wash,3240,Auto Service,Automotive Services,Service,3k-10k,FALSE,FALSE,FALSE,0,1,Automotive Services,"300 Andover St, Peabody, MA 01960",30-LeasingKit.pdf,pdfs/30-LeasingKit.pdf,site_plan_images/TJ_Peabody.png
TJ_PEABODY,Peabody Place,Chase Properties,"Peabody, MA",17,At Home (Shadow Anchor),105000,Home Furnishing,Home Goods / Furnishings,Hard Goods,10k+,FALSE,FALSE,TRUE,1,0,Home Goods / Furnishings,"300 Andover St, Peabody, MA 01960",30-LeasingKit.pdf,pdfs/30-LeasingKit.pdf,site_plan_images/TJ_Peabody.png
TJ_SAUGUS,Shops at Saugus,Regency Centers,"Saugus, MA",1,Available Soon Fitness Space,2193,Fitness,Fitness / Vacant,Service,0-3k,FALSE,TRUE,FALSE,0,1,Fitness / Vacant,"334 Broadway / Route 1, Saugus, MA 01906",Property-Brochure-Shops-at-Saugus.pdf,pdfs/Property-Brochure-Shops-at-Saugus.pdf,site_plan_images/TJ_Saugus.png
TJ_SAUGUS,Shops at Saugus,Regency Centers,"Saugus, MA",2,LA-Z-Boy,17767,Home Furnishing,Furnishings,Hard Goods,10k+,FALSE,FALSE,TRUE,1,0,Furnishings,"334 Broadway / Route 1, Saugus, MA 01906",Property-Brochure-Shops-at-Saugus.pdf,pdfs/Property-Brochure-Shops-at-Saugus.pdf,site_plan_images/TJ_Saugus.png
TJ_SAUGUS,Shops at Saugus,Regency Centers,"Saugus, MA",3,Trader Joe’s,11000,Grocery,Grocery,Food,10k+,TRUE,FALSE,TRUE,1,0,,"334 Broadway / Route 1, Saugus, MA 01906",Property-Brochure-Shops-at-Saugus.pdf,pdfs/Property-Brochure-Shops-at-Saugus.pdf,site_plan_images/TJ_Saugus.png
TJ_SAUGUS,Shops at Saugus,Regency Centers,"Saugus, MA",4,PetSmart,24192,Pet Supply,Pet Stores + Supplies,Hard Goods,10k+,FALSE,FALSE,TRUE,1,0,Pet Stores + Supplies,"334 Broadway / Route 1, Saugus, MA 01906",Property-Brochure-Shops-at-Saugus.pdf,pdfs/Property-Brochure-Shops-at-Saugus.pdf,site_plan_images/TJ_Saugus.png
TJ_SAUGUS,Shops at Saugus,Regency Centers,"Saugus, MA",5,5.11 Tactical,5053,Apparel,Apparel / Specialty Retail,Soft Goods,3k-10k,FALSE,FALSE,FALSE,0,1,Apparel / Specialty Retail,"334 Broadway / Route 1, Saugus, MA 01906",Property-Brochure-Shops-at-Saugus.pdf,pdfs/Property-Brochure-Shops-at-Saugus.pdf,site_plan_images/TJ_Saugus.png
TJ_SAUGUS,Shops at Saugus,Regency Centers,"Saugus, MA",6,The Joint,1248,Medical,Medical / Wellness,Service,0-3k,FALSE,FALSE,FALSE,0,1,Medical / Wellness,"334 Broadway / Route 1, Saugus, MA 01906",Property-Brochure-Shops-at-Saugus.pdf,pdfs/Property-Brochure-Shops-at-Saugus.pdf,site_plan_images/TJ_Saugus.png
TJ_SAUGUS,Shops at Saugus,Regency Centers,"Saugus, MA",7,Supercuts,1200,Personal Service,Personal Services,Service,0-3k,FALSE,FALSE,FALSE,0,1,Personal Services,"334 Broadway / Route 1, Saugus, MA 01906",Property-Brochure-Shops-at-Saugus.pdf,pdfs/Property-Brochure-Shops-at-Saugus.pdf,site_plan_images/TJ_Saugus.png
TJ_SAUGUS,Shops at Saugus,Regency Centers,"Saugus, MA",8,Sen Nails,1600,Personal Service,Personal Services,Service,0-3k,FALSE,FALSE,FALSE,0,1,Personal Services,"334 Broadway / Route 1, Saugus, MA 01906",Property-Brochure-Shops-at-Saugus.pdf,pdfs/Property-Brochure-Shops-at-Saugus.pdf,site_plan_images/TJ_Saugus.png
TJ_SAUGUS,Shops at Saugus,Regency Centers,"Saugus, MA",9,Uniq Laser,1200,Personal Service,Personal Services / Wellness,Service,0-3k,FALSE,FALSE,FALSE,0,1,Personal Services / Wellness,"334 Broadway / Route 1, Saugus, MA 01906",Property-Brochure-Shops-at-Saugus.pdf,pdfs/Property-Brochure-Shops-at-Saugus.pdf,site_plan_images/TJ_Saugus.png
TJ_SAUGUS,Shops at Saugus,Regency Centers,"Saugus, MA",10,European Wax Center,1199,Personal Service,Personal Services,Service,0-3k,FALSE,FALSE,FALSE,0,1,Personal Services,"334 Broadway / Route 1, Saugus, MA 01906",Property-Brochure-Shops-at-Saugus.pdf,pdfs/Property-Brochure-Shops-at-Saugus.pdf,site_plan_images/TJ_Saugus.png
TJ_SAUGUS,Shops at Saugus,Regency Centers,"Saugus, MA",11,Massage Envy,3201,Personal Service,Personal Services / Wellness,Service,3k-10k,FALSE,FALSE,FALSE,0,1,Personal Services / Wellness,"334 Broadway / Route 1, Saugus, MA 01906",Property-Brochure-Shops-at-Saugus.pdf,pdfs/Property-Brochure-Shops-at-Saugus.pdf,site_plan_images/TJ_Saugus.png
TJ_SAUGUS,Shops at Saugus,Regency Centers,"Saugus, MA",12,Crumbl Cookies,2000,Restaurant,QSR / Dessert,Food,0-3k,FALSE,FALSE,FALSE,0,1,QSR / Dessert,"334 Broadway / Route 1, Saugus, MA 01906",Property-Brochure-Shops-at-Saugus.pdf,pdfs/Property-Brochure-Shops-at-Saugus.pdf,site_plan_images/TJ_Saugus.png
TJ_SAUGUS,Shops at Saugus,Regency Centers,"Saugus, MA",13,Starbucks,1788,Restaurant,Café,Food,0-3k,FALSE,FALSE,FALSE,0,1,Café,"334 Broadway / Route 1, Saugus, MA 01906",Property-Brochure-Shops-at-Saugus.pdf,pdfs/Property-Brochure-Shops-at-Saugus.pdf,site_plan_images/TJ_Saugus.png
TJ_SAUGUS,Shops at Saugus,Regency Centers,"Saugus, MA",14,Comcast,2200,Telecom,Telecommunications,Service,0-3k,FALSE,FALSE,FALSE,0,1,Telecommunications,"334 Broadway / Route 1, Saugus, MA 01906",Property-Brochure-Shops-at-Saugus.pdf,pdfs/Property-Brochure-Shops-at-Saugus.pdf,site_plan_images/TJ_Saugus.png
TJ_SAUGUS,Shops at Saugus,Regency Centers,"Saugus, MA",15,Lakeshore Learning Store,7352,Education,Education / Specialty Retail,Service,3k-10k,FALSE,FALSE,FALSE,0,1,Education / Specialty Retail,"334 Broadway / Route 1, Saugus, MA 01906",Property-Brochure-Shops-at-Saugus.pdf,pdfs/Property-Brochure-Shops-at-Saugus.pdf,site_plan_images/TJ_Saugus.png
TJ_SAUGUS,Shops at Saugus,Regency Centers,"Saugus, MA",16,Wingstop,1430,Restaurant,QSR,Food,0-3k,FALSE,FALSE,FALSE,0,1,QSR,"334 Broadway / Route 1, Saugus, MA 01906",Property-Brochure-Shops-at-Saugus.pdf,pdfs/Property-Brochure-Shops-at-Saugus.pdf,site_plan_images/TJ_Saugus.png
TJ_SAUGUS,Shops at Saugus,Regency Centers,"Saugus, MA",17,Harrow’s Chicken Pies,1210,Restaurant,QSR,Food,0-3k,FALSE,FALSE,FALSE,0,1,QSR,"334 Broadway / Route 1, Saugus, MA 01906",Property-Brochure-Shops-at-Saugus.pdf,pdfs/Property-Brochure-Shops-at-Saugus.pdf,site_plan_images/TJ_Saugus.png
TJ_SAUGUS,Shops at Saugus,Regency Centers,"Saugus, MA",18,Tropical Smoothie Cafe,1210,Restaurant,QSR / Café,Food,0-3k,FALSE,FALSE,FALSE,0,1,QSR / Café,"334 Broadway / Route 1, Saugus, MA 01906",Property-Brochure-Shops-at-Saugus.pdf,pdfs/Property-Brochure-Shops-at-Saugus.pdf,site_plan_images/TJ_Saugus.png
TJ_SAUGUS,Shops at Saugus,Regency Centers,"Saugus, MA",19,Border Cafe,7350,Restaurant,Restaurant,Food,3k-10k,FALSE,FALSE,FALSE,0,1,,"334 Broadway / Route 1, Saugus, MA 01906",Property-Brochure-Shops-at-Saugus.pdf,pdfs/Property-Brochure-Shops-at-Saugus.pdf,site_plan_images/TJ_Saugus.png
TJ_SHREWSBURY,77 Boston Turnpike Retail / Medical Space,Eastern Retail Properties,"Shrewsbury, MA",1,Trader Joe’s,13338,Grocery,Grocery,Food,10k+,TRUE,FALSE,TRUE,1,0,,"77 Boston Turnpike, Shrewsbury, MA 01545",Shrewsbury_MA_77_Boston_Tpke_3.pdf,pdfs/Shrewsbury_MA_77_Boston_Tpke_3.pdf,site_plan_images/TJ_Shrewsbury.png
TJ_SHREWSBURY,77 Boston Turnpike Retail / Medical Space,Eastern Retail Properties,"Shrewsbury, MA",2,Total Wine & More,24700,Wine / Liquor,Liquor / Beverage Retail,Food,10k+,FALSE,FALSE,TRUE,1,0,Liquor / Beverage Retail,"77 Boston Turnpike, Shrewsbury, MA 01545",Shrewsbury_MA_77_Boston_Tpke_3.pdf,pdfs/Shrewsbury_MA_77_Boston_Tpke_3.pdf,site_plan_images/TJ_Shrewsbury.png
TJ_SHREWSBURY,77 Boston Turnpike Retail / Medical Space,Eastern Retail Properties,"Shrewsbury, MA",3,Available Space,6895,Medical,Vacant / Retail-Medical,Service,3k-10k,FALSE,TRUE,FALSE,0,0,Vacant / Retail-Medical,"77 Boston Turnpike, Shrewsbury, MA 01545",Shrewsbury_MA_77_Boston_Tpke_3.pdf,pdfs/Shrewsbury_MA_77_Boston_Tpke_3.pdf,site_plan_images/TJ_Shrewsbury.png
TJ_SHREWSBURY,77 Boston Turnpike Retail / Medical Space,Eastern Retail Properties,"Shrewsbury, MA",4,Available Space,3074,Medical,Vacant / Retail-Medical,Service,3k-10k,FALSE,TRUE,FALSE,0,1,Vacant / Retail-Medical,"77 Boston Turnpike, Shrewsbury, MA 01545",Shrewsbury_MA_77_Boston_Tpke_3.pdf,pdfs/Shrewsbury_MA_77_Boston_Tpke_3.pdf,site_plan_images/TJ_Shrewsbury.png
TJ_SHREWSBURY,77 Boston Turnpike Retail / Medical Space,Eastern Retail Properties,"Shrewsbury, MA",5,FedEx Office,2360,Office Supply,Office & Tech / Business Services,Hard Goods,0-3k,FALSE,FALSE,FALSE,0,1,Office & Tech / Business Services,"77 Boston Turnpike, Shrewsbury, MA 01545",Shrewsbury_MA_77_Boston_Tpke_3.pdf,pdfs/Shrewsbury_MA_77_Boston_Tpke_3.pdf,site_plan_images/TJ_Shrewsbury.png
TJ_SHREWSBURY,77 Boston Turnpike Retail / Medical Space,Eastern Retail Properties,"Shrewsbury, MA",6,The Vitamin Shoppe,2400,Personal Service,Health & Wellness Retail,Service,0-3k,FALSE,FALSE,FALSE,0,1,Health & Wellness Retail,"77 Boston Turnpike, Shrewsbury, MA 01545",Shrewsbury_MA_77_Boston_Tpke_3.pdf,pdfs/Shrewsbury_MA_77_Boston_Tpke_3.pdf,site_plan_images/TJ_Shrewsbury.png
TJ_SHREWSBURY,77 Boston Turnpike Retail / Medical Space,Eastern Retail Properties,"Shrewsbury, MA",7,Lakeside,2407,Other,Specialty Retail / Services,Other,0-3k,FALSE,FALSE,FALSE,0,1,Specialty Retail / Services,"77 Boston Turnpike, Shrewsbury, MA 01545",Shrewsbury_MA_77_Boston_Tpke_3.pdf,pdfs/Shrewsbury_MA_77_Boston_Tpke_3.pdf,site_plan_images/TJ_Shrewsbury.png
TJ_SHREWSBURY,77 Boston Turnpike Retail / Medical Space,Eastern Retail Properties,"Shrewsbury, MA",8,Supercuts,1525,Personal Service,Personal Services,Service,0-3k,FALSE,FALSE,FALSE,0,1,Personal Services,"77 Boston Turnpike, Shrewsbury, MA 01545",Shrewsbury_MA_77_Boston_Tpke_3.pdf,pdfs/Shrewsbury_MA_77_Boston_Tpke_3.pdf,site_plan_images/TJ_Shrewsbury.png
TJ_SHREWSBURY,77 Boston Turnpike Retail / Medical Space,Eastern Retail Properties,"Shrewsbury, MA",9,Leslie’s Pool Supplies,4100,Other,Pool Supplies / Specialty Retail,Other,3k-10k,FALSE,FALSE,FALSE,0,1,Pool Supplies / Specialty Retail,"77 Boston Turnpike, Shrewsbury, MA 01545",Shrewsbury_MA_77_Boston_Tpke_3.pdf,pdfs/Shrewsbury_MA_77_Boston_Tpke_3.pdf,site_plan_images/TJ_Shrewsbury.png
TJ_SHREWSBURY,77 Boston Turnpike Retail / Medical Space,Eastern Retail Properties,"Shrewsbury, MA",10,Bollywood Grill,2440,Restaurant,Restaurant,Food,0-3k,FALSE,FALSE,FALSE,0,1,,"77 Boston Turnpike, Shrewsbury, MA 01545",Shrewsbury_MA_77_Boston_Tpke_3.pdf,pdfs/Shrewsbury_MA_77_Boston_Tpke_3.pdf,site_plan_images/TJ_Shrewsbury.png
TJ_SHREWSBURY,77 Boston Turnpike Retail / Medical Space,Eastern Retail Properties,"Shrewsbury, MA",11,Available Small Space,2284,Medical,Vacant / Retail-Medical,Service,0-3k,FALSE,TRUE,FALSE,0,1,Vacant / Retail-Medical,"77 Boston Turnpike, Shrewsbury, MA 01545",Shrewsbury_MA_77_Boston_Tpke_3.pdf,pdfs/Shrewsbury_MA_77_Boston_Tpke_3.pdf,site_plan_images/TJ_Shrewsbury.png
TJ_SHREWSBURY,77 Boston Turnpike Retail / Medical Space,Eastern Retail Properties,"Shrewsbury, MA",12,Chipotle,2400,Restaurant,QSR,Food,0-3k,FALSE,FALSE,FALSE,0,1,QSR,"77 Boston Turnpike, Shrewsbury, MA 01545",Shrewsbury_MA_77_Boston_Tpke_3.pdf,pdfs/Shrewsbury_MA_77_Boston_Tpke_3.pdf,site_plan_images/TJ_Shrewsbury.png
TJ_SHREWSBURY,77 Boston Turnpike Retail / Medical Space,Eastern Retail Properties,"Shrewsbury, MA",13,Available Small Space,1677,Medical,Vacant / Retail-Medical,Service,0-3k,FALSE,TRUE,FALSE,0,1,Vacant / Retail-Medical,"77 Boston Turnpike, Shrewsbury, MA 01545",Shrewsbury_MA_77_Boston_Tpke_3.pdf,pdfs/Shrewsbury_MA_77_Boston_Tpke_3.pdf,site_plan_images/TJ_Shrewsbury.png
TJ_MA_001,Continuum Allston,Samuels & Associates,"Allston, MA",1,Trader Joe’s,13000,Grocery,Grocery,Grocery,10k+,Yes,No,Yes,Yes,No,,199 N Harvard St,Allston-MA-Continuum.pdf,pdfs/Allston-MA-Continuum.pdf,site_plan_images/TJ_Allston.png
TJ_MA_001,Continuum Allston,Samuels & Associates,"Allston, MA",2,Sloane’s Restaurant,2800,Food,Food,Food,0-3k,No,No,No,No,Yes,,199 N Harvard St,Allston-MA-Continuum.pdf,pdfs/Allston-MA-Continuum.pdf,site_plan_images/TJ_Allston.png
TJ_MA_001,Continuum Allston,Samuels & Associates,"Allston, MA",3,Starbucks,3785,Food,Food,Food,3k-10k,No,No,No,No,Yes,,199 N Harvard St,Allston-MA-Continuum.pdf,pdfs/Allston-MA-Continuum.pdf,site_plan_images/TJ_Allston.png
TJ_MA_001,Continuum Allston,Samuels & Associates,"Allston, MA",4,Chase Bank,8324,Service,Service,Service,3k-10k,No,No,No,No,Yes,,199 N Harvard St,Allston-MA-Continuum.pdf,pdfs/Allston-MA-Continuum.pdf,site_plan_images/TJ_Allston.png
TJ_MA_001,Continuum Allston,Samuels & Associates,"Allston, MA",5,BKBX fitness,2700,Service,Service,Service,0-3k,No,No,No,No,Yes,,199 N Harvard St,Allston-MA-Continuum.pdf,pdfs/Allston-MA-Continuum.pdf,site_plan_images/TJ_Allston.png
TJ_MA_002,Trader Joe’s Arlington Heights,NWCA ARLINGTON LLC,"Arlington, MA",1,Trader Joe’s,9724,Grocery,Grocery,Grocery,3k-10k,Yes,No,Yes,Yes,Yes,,1427 Massachusetts Ave,,,site_plan_images/TJ_Arlington.png
TJ_MA_002,Trader Joe’s Arlington Heights,NWCA ARLINGTON LLC,"Arlington, MA",2,Walgreens,15876,Soft Goods,Soft Goods,Soft Goods,10k+,No,No,Yes,Yes,No,,1427 Massachusetts Ave,,,site_plan_images/TJ_Arlington.png
TJ_MA_002,Trader Joe’s Arlington Heights,NWCA ARLINGTON LLC,"Arlington, MA",3,Starbucks,660,Food,Food,Food,0-3k,No,No,No,No,Yes,,1427 Massachusetts Ave,,,site_plan_images/TJ_Arlington.png
TJ_MA_003,Trader Joe’s Boston - Back Bay,AP NEWBURY STREET PORTFOLIO,"Boston, MA",1,Trader Joe’s,5200,Grocery,Grocery,Grocery,3k-10k,Yes,No,Yes,Yes,Yes,,899 Boylston St,,,site_plan_images/TJ_BackBay.png
TJ_MA_004,Trader Joe’s Fort Point Seaport,Invesco Real Estate,"Boston, MA",2,Trader Joe’s,20000,Grocery,Grocery,Grocery,10k+,Yes,No,Yes,Yes,No,,44 Thomson Place,trader_joes-boston_ma.pdf,pdfs/trader_joes-boston_ma.pdf,site_plan_images/TJ_Seaport.png
TJ_MA_005,Trader Joe’s Boston - West Roxbury,CENTRE STREET HOLDINGS LLC MASS LLC,"Boston, MA",1,Trader Joe’s,15500,Grocery,Grocery,Grocery,10k+,Yes,No,Yes,Yes,No,,1999 Centre St,,,site_plan_images/TJ_WestRoxbury.png
TJ_MA_005,Trader Joe’s Boston - West Roxbury,CENTRE STREET HOLDINGS LLC MASS LLC,"Boston, MA",2,Citizens,2500,Service,Service,Service,0-3k,No,No,No,No,Yes,,1999 Centre St,,,site_plan_images/TJ_WestRoxbury.png
TJ_MA_006,Trader Joe’s Boylston St,Oxford Properties,"Boston, MA",1,Trader Joe’s,16512,Grocery,Grocery,Grocery,10k+,Yes,No,Yes,Yes,No,,500 Boylston St,,,site_plan_images/TJ_Boylston.png
TJ_MA_006,Trader Joe’s Boylston St,Oxford Properties,"Boston, MA",2,SoulCycle,,Service,Service,Service,,No,No,No,No,,,500 Boylston St,,,site_plan_images/TJ_Boylston.png
TJ_MA_006,Trader Joe’s Boylston St,Oxford Properties,"Boston, MA",3,Juice Press,,Food,Food,Food,,No,No,No,No,,,500 Boylston St,,,site_plan_images/TJ_Boylston.png
TJ_MA_007,Trader Joe’s Brookline,SPELLMAN ET AL TRS K,"Brookline, MA",1,Trader Joe’s,12500,Grocery,Grocery,Grocery,10k+,Yes,No,Yes,Yes,No,,1317 Beacon St,,,site_plan_images/TJ_Brookline.png
TJ_MA_008,Patriot Place,The Kraft Group,"Foxborough, MA",1,Trader Joe’s,16000,Grocery,Grocery,Grocery,10k+,Yes,No,Yes,Yes,No,,350 Patriot Place,Foxborough-MA-Patriot-Place-Deck.pdf,pdfs/Foxborough-MA-Patriot-Place-Deck.pdf,site_plan_images/TJ_Foxborough.png
TJ_MA_008,Patriot Place,The Kraft Group,"Foxborough, MA",2,Mass General Brigham,203000,Service,Service,Service,10k+,No,No,Yes,Yes,No,,350 Patriot Place,Foxborough-MA-Patriot-Place-Deck.pdf,pdfs/Foxborough-MA-Patriot-Place-Deck.pdf,site_plan_images/TJ_Foxborough.png
TJ_MA_008,Patriot Place,The Kraft Group,"Foxborough, MA",3,DANA FARBER,34000,Service,Service,Service,10k+,No,No,Yes,Yes,No,,350 Patriot Place,Foxborough-MA-Patriot-Place-Deck.pdf,pdfs/Foxborough-MA-Patriot-Place-Deck.pdf,site_plan_images/TJ_Foxborough.png
TJ_MA_008,Patriot Place,The Kraft Group,"Foxborough, MA",4,MassGeneral for Children,9000,Service,Service,Service,3k-10k,No,No,No,No,Yes,,350 Patriot Place,Foxborough-MA-Patriot-Place-Deck.pdf,pdfs/Foxborough-MA-Patriot-Place-Deck.pdf,site_plan_images/TJ_Foxborough.png
TJ_MA_009,Hampshire Mall,Deutsche Bank Trust Co. Americas / Wells Fargo CMBS,"Hadley, MA",1,Trader Joe’s,13000,Grocery,Grocery,Grocery,10k+,Yes,No,Yes,Yes,No,,375 Russell St,,,site_plan_images/TJ_Hadley.png
TJ_MA_009,Hampshire Mall,Deutsche Bank Trust Co. Americas / Wells Fargo CMBS,"Hadley, MA",2,Target,133506,Hard Goods,Hard Goods,Hard Goods,10k+,No,No,Yes,Yes,No,,375 Russell St,,,site_plan_images/TJ_Hadley.png
TJ_MA_009,Hampshire Mall,Deutsche Bank Trust Co. Americas / Wells Fargo CMBS,"Hadley, MA",3,PetSmart,45931,Service,Service,Service,10k+,No,No,Yes,Yes,No,,375 Russell St,,,site_plan_images/TJ_Hadley.png
TJ_MA_009,Hampshire Mall,Deutsche Bank Trust Co. Americas / Wells Fargo CMBS,"Hadley, MA",4,DICK’S SPORTING GOODS,80163,Soft Goods,Soft Goods,Soft Goods,10k+,No,No,Yes,Yes,No,,375 Russell St,,,site_plan_images/TJ_Hadley.png
TJ_MA_009,Hampshire Mall,Deutsche Bank Trust Co. Americas / Wells Fargo CMBS,"Hadley, MA",5,JCPenney,54874,Soft Goods,Soft Goods,Soft Goods,10k+,No,No,Yes,Yes,No,,375 Russell St,,,site_plan_images/TJ_Hadley.png
TJ_MA_009,Hampshire Mall,Deutsche Bank Trust Co. Americas / Wells Fargo CMBS,"Hadley, MA",6,Chase Bank,4807,Service,Service,Service,3k-10k,No,No,No,No,Yes,,375 Russell St,,,site_plan_images/TJ_Hadley.png
TJ_MA_009,Hampshire Mall,Deutsche Bank Trust Co. Americas / Wells Fargo CMBS,"Hadley, MA",7,Hampshire Mall,165374,Soft Goods,Soft Goods,Soft Goods,10k+,No,No,Yes,Yes,No,,375 Russell St,,,site_plan_images/TJ_Hadley.png
TJ_MA_009,Hampshire Mall,Deutsche Bank Trust Co. Americas / Wells Fargo CMBS,"Hadley, MA",8,Cinemark,62356,Service,Service,Service,10k+,No,No,Yes,Yes,No,,375 Russell St,,,site_plan_images/TJ_Hadley.png
TJ_MA_010,Hanover Crossing,PREP Property Group,"Hanover, MA",1,Trader Joe’s,,Grocery,Grocery,Grocery,,Yes,No,Yes,Yes,,,1775 Washington St,Hanover-MA-Hanover-Crossing.pdf,pdfs/Hanover-MA-Hanover-Crossing.pdf,site_plan_images/TJ_Hanover.png
TJ_MA_010,Hanover Crossing,PREP Property Group,"Hanover, MA",2,Market Basket,80000,Grocery,Grocery,Grocery,10k+,Yes,No,Yes,Yes,No,,1775 Washington St,Hanover-MA-Hanover-Crossing.pdf,pdfs/Hanover-MA-Hanover-Crossing.pdf,site_plan_images/TJ_Hanover.png
TJ_MA_010,Hanover Crossing,PREP Property Group,"Hanover, MA",3,Macy’s,,Soft Goods,Soft Goods,Soft Goods,,No,No,No,No,,,1775 Washington St,Hanover-MA-Hanover-Crossing.pdf,pdfs/Hanover-MA-Hanover-Crossing.pdf,site_plan_images/TJ_Hanover.png
TJ_MA_010,Hanover Crossing,PREP Property Group,"Hanover, MA",4,Dick’s Sporting Goods,,Hard Goods,Hard Goods,Hard Goods,,No,No,No,No,,,1775 Washington St,Hanover-MA-Hanover-Crossing.pdf,pdfs/Hanover-MA-Hanover-Crossing.pdf,site_plan_images/TJ_Hanover.png
TJ_MA_010,Hanover Crossing,PREP Property Group,"Hanover, MA",5,Petco,,Hard Goods,Hard Goods,Hard Goods,,No,No,No,No,,,1775 Washington St,Hanover-MA-Hanover-Crossing.pdf,pdfs/Hanover-MA-Hanover-Crossing.pdf,site_plan_images/TJ_Hanover.png
TJ_MA_010,Hanover Crossing,PREP Property Group,"Hanover, MA",6,Panera Bread,,Food,Food,Food,,No,No,No,No,,,1775 Washington St,Hanover-MA-Hanover-Crossing.pdf,pdfs/Hanover-MA-Hanover-Crossing.pdf,site_plan_images/TJ_Hanover.png
TJ_MA_010,Hanover Crossing,PREP Property Group,"Hanover, MA",7,L.L.Bean,,Soft Goods,Soft Goods,Soft Goods,,No,No,No,No,,,1775 Washington St,Hanover-MA-Hanover-Crossing.pdf,pdfs/Hanover-MA-Hanover-Crossing.pdf,site_plan_images/TJ_Hanover.png
TJ_MA_010,Hanover Crossing,PREP Property Group,"Hanover, MA",8,Old Navy,,Soft Goods,Soft Goods,Soft Goods,,No,No,No,No,,,1775 Washington St,Hanover-MA-Hanover-Crossing.pdf,pdfs/Hanover-MA-Hanover-Crossing.pdf,site_plan_images/TJ_Hanover.png
TJ_MA_010,Hanover Crossing,PREP Property Group,"Hanover, MA",9,Showcase Cinema,,Other,Other,Other,,No,No,No,No,,,1775 Washington St,Hanover-MA-Hanover-Crossing.pdf,pdfs/Hanover-MA-Hanover-Crossing.pdf,site_plan_images/TJ_Hanover.png
TJ_MA_010,Hanover Crossing,PREP Property Group,"Hanover, MA",10,110 Grill,,Food,Food,Food,,No,No,No,No,,,1775 Washington St,Hanover-MA-Hanover-Crossing.pdf,pdfs/Hanover-MA-Hanover-Crossing.pdf,site_plan_images/TJ_Hanover.png
TJ_MA_010,Hanover Crossing,PREP Property Group,"Hanover, MA",11,Evviva Trattoria,,Food,Food,Food,,No,No,No,No,,,1775 Washington St,Hanover-MA-Hanover-Crossing.pdf,pdfs/Hanover-MA-Hanover-Crossing.pdf,site_plan_images/TJ_Hanover.png
TJ_MA_011,Trader Joe’s Hingham,HINGHAM LAUNCH PROPERTY LLC,"Hingham, MA",1,Trader Joe’s,13594,Grocery,Grocery,Grocery,10k+,Yes,No,Yes,Yes,No,,5 Essington Drive,,,site_plan_images/TJ_Hingham.png
TJ_MA_011,Trader Joe’s Hingham,HINGHAM LAUNCH PROPERTY LLC,"Hingham, MA",2,Talbots Outlet,18000,Soft Goods,Soft Goods,Soft Goods,10k+,No,No,Yes,Yes,No,,5 Essington Drive,,,site_plan_images/TJ_Hingham.png
TJ_MA_012,Trader Joe’s Needham Heights,"HIGHLAND MONTROSE, LLC","Needham, MA",1,Trader Joe’s,,Grocery,Grocery,Grocery,,Yes,No,Yes,Yes,,,958 Highland Ave,,,site_plan_images/TJ_Needham.png
TJ_MA_012,Trader Joe’s Needham Heights,"HIGHLAND MONTROSE, LLC","Needham, MA",2,Carewell Urgent Care,,Service,Service,Service,,No,No,No,No,,,958 Highland Ave,,,site_plan_images/TJ_Needham.png
TJ_MA_012,Trader Joe’s Needham Heights,"HIGHLAND MONTROSE, LLC","Needham, MA",3,Harmony Heating & Air Conditioning,,Service,Service,Service,,No,No,No,No,,,958 Highland Ave,,,site_plan_images/TJ_Needham.png
TJ_MA_013,Quincy Center Mixed-Use Development,Atlantic Development,"Quincy, MA",1,Trader Joe’s,14435,Grocery,Grocery,Grocery,10k+,Yes,No,Yes,Yes,No,,111 General McConville Way,Quincy-MA-McConville-Way.pdf,pdfs/Quincy-MA-McConville-Way.pdf,site_plan_images/TJ_Quincy.png
TJ_MA_013,Quincy Center Mixed-Use Development,Atlantic Development,"Quincy, MA",2,Chipotle,2510,Food,Food,Food,0-3k,No,No,No,No,Yes,,111 General McConville Way,Quincy-MA-McConville-Way.pdf,pdfs/Quincy-MA-McConville-Way.pdf,site_plan_images/TJ_Quincy.png
TJ_MA_013,Quincy Center Mixed-Use Development,Atlantic Development,"Quincy, MA",3,Needham Bank,3020,Service,Service,Service,3k-10k,No,No,No,No,Yes,,111 General McConville Way,Quincy-MA-McConville-Way.pdf,pdfs/Quincy-MA-McConville-Way.pdf,site_plan_images/TJ_Quincy.png
TJ_MA_014,The Crossing at Walkers Brook,Wilder,"Reading, MA",1,Trader Joe’s,13777,Grocery,Grocery,Grocery,10k+,Yes,No,Yes,Yes,No,,34 Walkers Brook Drive,Reading-MA-Walkers-Brook.pdf,pdfs/Reading-MA-Walkers-Brook.pdf,site_plan_images/TJ_Reading.png
TJ_MA_014,The Crossing at Walkers Brook,Wilder,"Reading, MA",2,Jordan’s Furniture,,Hard Goods,Hard Goods,Hard Goods,,No,No,No,No,,,34 Walkers Brook Drive,Reading-MA-Walkers-Brook.pdf,pdfs/Reading-MA-Walkers-Brook.pdf,site_plan_images/TJ_Reading.png
TJ_MA_014,The Crossing at Walkers Brook,Wilder,"Reading, MA",3,The Home Depot,,Hard Goods,Hard Goods,Hard Goods,,No,No,No,No,,,34 Walkers Brook Drive,Reading-MA-Walkers-Brook.pdf,pdfs/Reading-MA-Walkers-Brook.pdf,site_plan_images/TJ_Reading.png
TJ_MA_014,The Crossing at Walkers Brook,Wilder,"Reading, MA",4,Golf Galaxy,,Hard Goods,Hard Goods,Hard Goods,,No,No,No,No,,,34 Walkers Brook Drive,Reading-MA-Walkers-Brook.pdf,pdfs/Reading-MA-Walkers-Brook.pdf,site_plan_images/TJ_Reading.png
TJ_MA_014,The Crossing at Walkers Brook,Wilder,"Reading, MA",5,The Paper Store,,Soft Goods,Soft Goods,Soft Goods,,No,No,No,No,,,34 Walkers Brook Drive,Reading-MA-Walkers-Brook.pdf,pdfs/Reading-MA-Walkers-Brook.pdf,site_plan_images/TJ_Reading.png
TJ_MA_014,The Crossing at Walkers Brook,Wilder,"Reading, MA",6,Anthony’s Coal Fired Pizza,,Food,Food,Food,,No,No,No,No,,,34 Walkers Brook Drive,Reading-MA-Walkers-Brook.pdf,pdfs/Reading-MA-Walkers-Brook.pdf,site_plan_images/TJ_Reading.png
TJ_MA_014,The Crossing at Walkers Brook,Wilder,"Reading, MA",7,Starbucks,,Food,Food,Food,,No,No,No,No,,,34 Walkers Brook Drive,Reading-MA-Walkers-Brook.pdf,pdfs/Reading-MA-Walkers-Brook.pdf,site_plan_images/TJ_Reading.png
TJ_MA_014,The Crossing at Walkers Brook,Wilder,"Reading, MA",8,Chipotle,,Food,Food,Food,,No,No,No,No,,,34 Walkers Brook Drive,Reading-MA-Walkers-Brook.pdf,pdfs/Reading-MA-Walkers-Brook.pdf,site_plan_images/TJ_Reading.png
TJ_MA_014,The Crossing at Walkers Brook,Wilder,"Reading, MA",9,Supercuts,,Service,Service,Service,,No,No,No,No,,,34 Walkers Brook Drive,Reading-MA-Walkers-Brook.pdf,pdfs/Reading-MA-Walkers-Brook.pdf,site_plan_images/TJ_Reading.png
TJ_MA_015,Trader Joe’s West Newton / 1121 Washington Street,JACKSON NEWTON LP,"West Newton, MA",1,Trader Joe’s,10000,Grocery,Grocery,Grocery,10k+,Yes,No,Yes,Yes,Yes,,1121 Washington St,,,site_plan_images/TJ_West_Newton.png
TJ_MA_015,Trader Joe’s West Newton / 1121 Washington Street,JACKSON NEWTON LP,"West Newton, MA",2,Loft Office Suites,6000,Service,Service,Service,3k-10k,No,No,No,No,Yes,,1121 Washington St,,,site_plan_images/TJ_West_Newton.png
PE_APACHE_SHOPPES,Apache Shoppes,Phillips Edison & Company,"Rochester, MN",11,Lasker Jewelers,3000,Jewelry,Jewelry,Hard Goods,0-3k,No,No,No,No,Yes,,,Apache Shoppes - Flyer.pdf,pdfs/Apache Shoppes - Flyer.pdf,
PE_APACHE_SHOPPES,Apache Shoppes,Phillips Edison & Company,"Rochester, MN",150,TerraLoco Running & Yoga,3775,Sporting Goods,Sporting Goods,Hard Goods,3k-10k,No,No,No,No,Yes,,,Apache Shoppes - Flyer.pdf,pdfs/Apache Shoppes - Flyer.pdf,
PE_APACHE_SHOPPES,Apache Shoppes,Phillips Edison & Company,"Rochester, MN",200,Verizon,2890,Office/Tech,Office/Tech,Service,0-3k,No,No,No,No,Yes,,,Apache Shoppes - Flyer.pdf,pdfs/Apache Shoppes - Flyer.pdf,
PE_APACHE_SHOPPES,Apache Shoppes,Phillips Edison & Company,"Rochester, MN",400,UC Nails,1232,Beauty,Beauty,Service,0-3k,No,No,No,No,Yes,,,Apache Shoppes - Flyer.pdf,pdfs/Apache Shoppes - Flyer.pdf,
PE_APACHE_SHOPPES,Apache Shoppes,Phillips Edison & Company,"Rochester, MN",400A,Hot Chip Burger Bar (Storage),142,Restaurant Storage,Restaurant Storage,Food,0-3k,No,No,No,No,Yes,,,Apache Shoppes - Flyer.pdf,pdfs/Apache Shoppes - Flyer.pdf,
PE_APACHE_SHOPPES,Apache Shoppes,Phillips Edison & Company,"Rochester, MN",600,Hot Chip Burger Bar,4002,Restaurant,Restaurant,Food,3k-10k,No,No,No,No,Yes,,,Apache Shoppes - Flyer.pdf,pdfs/Apache Shoppes - Flyer.pdf,
PE_APACHE_SHOPPES,Apache Shoppes,Phillips Edison & Company,"Rochester, MN",1200,Trader Joe's,15960,Grocery,Grocery,Food,10k+,Yes,No,Yes,Yes,No,,"1200 16th Street SW, Rochester, MN",Apache Shoppes - Flyer.pdf,pdfs/Apache Shoppes - Flyer.pdf,
PE_APACHE_SHOPPES,Apache Shoppes,Phillips Edison & Company,"Rochester, MN",1220,Erik's Bike Shop,7950,Sporting Goods,Sporting Goods,Hard Goods,3k-10k,No,No,No,No,Yes,,,Apache Shoppes - Flyer.pdf,pdfs/Apache Shoppes - Flyer.pdf,
PE_APACHE_SHOPPES,Apache Shoppes,Phillips Edison & Company,"Rochester, MN",1250,Sierra,18540,Apparel,Apparel,Soft Goods,10k+,No,No,Yes,No,No,,,Apache Shoppes - Flyer.pdf,pdfs/Apache Shoppes - Flyer.pdf,
PE_CORONADO_CENTER,Coronado Center,Phillips Edison & Company,"Santa Fe, NM",504,New Mexico Bike N Sport,14200,Sporting Goods,Sporting Goods,Hard Goods,10k+,No,No,Yes,No,No,,,Coronado Center - Flyer.pdf,pdfs/Coronado Center - Flyer.pdf,
PE_CORONADO_CENTER,Coronado Center,Phillips Edison & Company,"Santa Fe, NM",510,Sleep & Dream,3860,Furnishings,Furnishings,Hard Goods,3k-10k,No,No,No,No,Yes,,,Coronado Center - Flyer.pdf,pdfs/Coronado Center - Flyer.pdf,
PE_CORONADO_CENTER,Coronado Center,Phillips Edison & Company,"Santa Fe, NM",518-B,Wild Birds Unlimited,3000,Pet Stores,Pet Stores,Hard Goods,0-3k,No,No,No,No,Yes,,,Coronado Center - Flyer.pdf,pdfs/Coronado Center - Flyer.pdf,
PE_CORONADO_CENTER,Coronado Center,Phillips Edison & Company,"Santa Fe, NM",524-C,Linda's Nails,1600,Beauty,Beauty,Service,0-3k,No,No,No,No,Yes,,,Coronado Center - Flyer.pdf,pdfs/Coronado Center - Flyer.pdf,
PE_CORONADO_CENTER,Coronado Center,Phillips Edison & Company,"Santa Fe, NM",530-1,Trader Joe's,16700,Grocery,Grocery,Food,10k+,Yes,No,Yes,Yes,No,,"504 W. Cordova Road, Santa Fe, NM",Coronado Center - Flyer.pdf,pdfs/Coronado Center - Flyer.pdf,
PE_CORONADO_CENTER,Coronado Center,Phillips Edison & Company,"Santa Fe, NM",540-B,The Joint,1000,Medical,Medical,Service,0-3k,No,No,No,No,Yes,,,Coronado Center - Flyer.pdf,pdfs/Coronado Center - Flyer.pdf,
PE_CORONADO_CENTER,Coronado Center,Phillips Edison & Company,"Santa Fe, NM",504A,The New Baking Company,4500,Coffee/Dessert,Coffee/Dessert,Food,3k-10k,No,No,No,No,Yes,,,Coronado Center - Flyer.pdf,pdfs/Coronado Center - Flyer.pdf,
PE_CORONADO_CENTER,Coronado Center,Phillips Edison & Company,"Santa Fe, NM",514,Fun Noodle Bar,2640,Restaurant,Restaurant,Food,0-3k,No,No,No,No,Yes,,,Coronado Center - Flyer.pdf,pdfs/Coronado Center - Flyer.pdf,
PE_CORONADO_CENTER,Coronado Center,Phillips Edison & Company,"Santa Fe, NM",522,Empire Sushi Buffet,10770,Restaurant,Restaurant,Food,10k+,No,No,Yes,No,No,,,Coronado Center - Flyer.pdf,pdfs/Coronado Center - Flyer.pdf,
PE_CORONADO_CENTER,Coronado Center,Phillips Edison & Company,"Santa Fe, NM",524-D,O'Reilly Auto Parts,6071,Auto Parts,Auto Parts,Hard Goods,3k-10k,No,No,No,No,Yes,,,Coronado Center - Flyer.pdf,pdfs/Coronado Center - Flyer.pdf,
PE_CORONADO_CENTER,Coronado Center,Phillips Edison & Company,"Santa Fe, NM",530-2,J. Crew Factory,4183,Apparel,Apparel,Soft Goods,3k-10k,No,No,No,No,Yes,,,Coronado Center - Flyer.pdf,pdfs/Coronado Center - Flyer.pdf,
PE_CORONADO_CENTER,Coronado Center,Phillips Edison & Company,"Santa Fe, NM",540-C,Subway,1250,Restaurant,Restaurant,Food,0-3k,No,No,No,No,Yes,,,Coronado Center - Flyer.pdf,pdfs/Coronado Center - Flyer.pdf,
PE_CORONADO_CENTER,Coronado Center,Phillips Edison & Company,"Santa Fe, NM",506,Marty's Meals,7771,Restaurant,Restaurant,Food,3k-10k,No,No,No,No,Yes,,,Coronado Center - Flyer.pdf,pdfs/Coronado Center - Flyer.pdf,
PE_CORONADO_CENTER,Coronado Center,Phillips Edison & Company,"Santa Fe, NM",516,Orangetheory Fitness,2640,Fitness,Fitness,Service,0-3k,No,No,No,No,Yes,,,Coronado Center - Flyer.pdf,pdfs/Coronado Center - Flyer.pdf,
PE_CORONADO_CENTER,Coronado Center,Phillips Edison & Company,"Santa Fe, NM",524-A,Nothing Bundt Cakes,3000,Coffee/Dessert,Coffee/Dessert,Food,0-3k,No,No,No,No,Yes,,,Coronado Center - Flyer.pdf,pdfs/Coronado Center - Flyer.pdf,
PE_CORONADO_CENTER,Coronado Center,Phillips Edison & Company,"Santa Fe, NM",528,AVAILABLE,7577,Vacancy,Vacancy,Other,3k-10k,No,Yes,No,No,Yes,,,Coronado Center - Flyer.pdf,pdfs/Coronado Center - Flyer.pdf,
PE_CORONADO_CENTER,Coronado Center,Phillips Edison & Company,"Santa Fe, NM",530-3,Great Clips,900,Beauty,Beauty,Service,0-3k,No,No,No,No,Yes,,,Coronado Center - Flyer.pdf,pdfs/Coronado Center - Flyer.pdf,
PE_CORONADO_CENTER,Coronado Center,Phillips Edison & Company,"Santa Fe, NM",508,AVAILABLE,2650,Vacancy,Vacancy,Other,0-3k,No,Yes,No,No,Yes,,,Coronado Center - Flyer.pdf,pdfs/Coronado Center - Flyer.pdf,
PE_CORONADO_CENTER,Coronado Center,Phillips Edison & Company,"Santa Fe, NM",518-A,Dollar Tree,10300,Discount Retail,Discount Retail,Hard Goods,10k+,No,No,Yes,No,No,,,Coronado Center - Flyer.pdf,pdfs/Coronado Center - Flyer.pdf,
PE_CORONADO_CENTER,Coronado Center,Phillips Edison & Company,"Santa Fe, NM",524-B,Trove Beauty - Alpha Bar,3220,Beauty,Beauty,Service,3k-10k,No,No,No,No,Yes,,,Coronado Center - Flyer.pdf,pdfs/Coronado Center - Flyer.pdf,
PE_CORONADO_CENTER,Coronado Center,Phillips Edison & Company,"Santa Fe, NM",528B,AT&T,5423,Office/Tech,Office/Tech,Service,3k-10k,No,No,No,No,Yes,,,Coronado Center - Flyer.pdf,pdfs/Coronado Center - Flyer.pdf,
PE_CORONADO_CENTER,Coronado Center,Phillips Edison & Company,"Santa Fe, NM",540-A,First National Bank of Santa Fe,2750,Bank,Bank,Service,0-3k,No,No,No,No,Yes,,,Coronado Center - Flyer.pdf,pdfs/Coronado Center - Flyer.pdf,
PE_TRADER_JOES_CENTER,Trader Joe's Center,Phillips Edison & Company,"Dublin, OH",6301,Comfort Dental,3400,Medical,Medical,Service,3k-10k,No,No,No,No,Yes,,,Trader Joe's Center - Flyer.pdf,pdfs/Trader Joe's Center - Flyer.pdf,
PE_TRADER_JOES_CENTER,Trader Joe's Center,Phillips Edison & Company,"Dublin, OH",6305,Funky Scissors,1440,Beauty,Beauty,Service,0-3k,No,No,No,No,Yes,,,Trader Joe's Center - Flyer.pdf,pdfs/Trader Joe's Center - Flyer.pdf,
PE_TRADER_JOES_CENTER,Trader Joe's Center,Phillips Edison & Company,"Dublin, OH",6307,H&B Nail Spa,3360,Beauty,Beauty,Service,3k-10k,No,No,No,No,Yes,,,Trader Joe's Center - Flyer.pdf,pdfs/Trader Joe's Center - Flyer.pdf,
PE_TRADER_JOES_CENTER,Trader Joe's Center,Phillips Edison & Company,"Dublin, OH",6313,Melt 'n Dip,2560,Coffee/Dessert,Coffee/Dessert,Food,0-3k,No,No,No,No,Yes,,,Trader Joe's Center - Flyer.pdf,pdfs/Trader Joe's Center - Flyer.pdf,
PE_TRADER_JOES_CENTER,Trader Joe's Center,Phillips Edison & Company,"Dublin, OH",6315,Sola Salon Studios,5042,Beauty,Beauty,Service,3k-10k,No,No,No,No,Yes,,,Trader Joe's Center - Flyer.pdf,pdfs/Trader Joe's Center - Flyer.pdf,
PE_TRADER_JOES_CENTER,Trader Joe's Center,Phillips Edison & Company,"Dublin, OH",6321,Rettig Music,2800,Music Store,Music Store,Hard Goods,0-3k,No,No,No,No,Yes,,,Trader Joe's Center - Flyer.pdf,pdfs/Trader Joe's Center - Flyer.pdf,
PE_TRADER_JOES_CENTER,Trader Joe's Center,Phillips Edison & Company,"Dublin, OH",6325,Yummy Bakery,1400,Coffee/Dessert,Coffee/Dessert,Food,0-3k,No,No,No,No,Yes,,,Trader Joe's Center - Flyer.pdf,pdfs/Trader Joe's Center - Flyer.pdf,
PE_TRADER_JOES_CENTER,Trader Joe's Center,Phillips Edison & Company,"Dublin, OH",6327,Little Diggers,3000,Entertainment,Entertainment,Service,0-3k,No,No,No,No,Yes,,,Trader Joe's Center - Flyer.pdf,pdfs/Trader Joe's Center - Flyer.pdf,
PE_TRADER_JOES_CENTER,Trader Joe's Center,Phillips Edison & Company,"Dublin, OH",6331,Nissin Travel,5380,Travel Service,Travel Service,Service,3k-10k,No,No,No,No,Yes,,,Trader Joe's Center - Flyer.pdf,pdfs/Trader Joe's Center - Flyer.pdf,
PE_TRADER_JOES_CENTER,Trader Joe's Center,Phillips Edison & Company,"Dublin, OH",6339,Wendy's Bridal Shoppes,6705,Apparel,Apparel,Soft Goods,3k-10k,No,No,No,No,Yes,,,Trader Joe's Center - Flyer.pdf,pdfs/Trader Joe's Center - Flyer.pdf,
PE_TRADER_JOES_CENTER,Trader Joe's Center,Phillips Edison & Company,"Dublin, OH",6347,Ideal Image,3200,Beauty,Beauty,Service,3k-10k,No,No,No,No,Yes,,,Trader Joe's Center - Flyer.pdf,pdfs/Trader Joe's Center - Flyer.pdf,
PE_TRADER_JOES_CENTER,Trader Joe's Center,Phillips Edison & Company,"Dublin, OH",6351,Parry Custom Homes,2400,Home Services,Home Services,Service,0-3k,No,No,No,No,Yes,,,Trader Joe's Center - Flyer.pdf,pdfs/Trader Joe's Center - Flyer.pdf,
PE_TRADER_JOES_CENTER,Trader Joe's Center,Phillips Edison & Company,"Dublin, OH",6355,Trader Joe's,12788,Grocery,Grocery,Food,10k+,Yes,No,Yes,Yes,No,,"6301-6393 Sawmill Road, Dublin, OH",Trader Joe's Center - Flyer.pdf,pdfs/Trader Joe's Center - Flyer.pdf,
PE_TRADER_JOES_CENTER,Trader Joe's Center,Phillips Edison & Company,"Dublin, OH",6367A,Hippie Hut,2876,Other Retail,Other Retail,Other,0-3k,No,No,No,No,Yes,,,Trader Joe's Center - Flyer.pdf,pdfs/Trader Joe's Center - Flyer.pdf,
PE_TRADER_JOES_CENTER,Trader Joe's Center,Phillips Edison & Company,"Dublin, OH",6367B,Vivi Bubble Tea,1600,Coffee/Dessert,Coffee/Dessert,Food,0-3k,No,No,No,No,Yes,,,Trader Joe's Center - Flyer.pdf,pdfs/Trader Joe's Center - Flyer.pdf,
PE_TRADER_JOES_CENTER,Trader Joe's Center,Phillips Edison & Company,"Dublin, OH",6371,AVAILABLE,3710,Vacancy,Vacancy,Other,3k-10k,No,Yes,No,No,Yes,,,Trader Joe's Center - Flyer.pdf,pdfs/Trader Joe's Center - Flyer.pdf,
PE_TRADER_JOES_CENTER,Trader Joe's Center,Phillips Edison & Company,"Dublin, OH",6377,Bikanervala,2800,Restaurant,Restaurant,Food,0-3k,No,No,No,No,Yes,,,Trader Joe's Center - Flyer.pdf,pdfs/Trader Joe's Center - Flyer.pdf,
PE_TRADER_JOES_CENTER,Trader Joe's Center,Phillips Edison & Company,"Dublin, OH",6381,Pinot's Palette,2845,Entertainment,Entertainment,Service,0-3k,No,No,No,No,Yes,,,Trader Joe's Center - Flyer.pdf,pdfs/Trader Joe's Center - Flyer.pdf,
PE_TRADER_JOES_CENTER,Trader Joe's Center,Phillips Edison & Company,"Dublin, OH",6385,CosmoProf,3000,Beauty Supply,Beauty Supply,Hard Goods,0-3k,No,No,No,No,Yes,,,Trader Joe's Center - Flyer.pdf,pdfs/Trader Joe's Center - Flyer.pdf,
PE_TRADER_JOES_CENTER,Trader Joe's Center,Phillips Edison & Company,"Dublin, OH",6389,H&R Block,1600,Financial/Tax Service,Financial/Tax Service,Service,0-3k,No,No,No,No,Yes,,,Trader Joe's Center - Flyer.pdf,pdfs/Trader Joe's Center - Flyer.pdf,
PE_TRADER_JOES_CENTER,Trader Joe's Center,Phillips Edison & Company,"Dublin, OH",6391,Romanoff's Classic Tuxedo,1600,Apparel,Apparel,Soft Goods,0-3k,No,No,No,No,Yes,,,Trader Joe's Center - Flyer.pdf,pdfs/Trader Joe's Center - Flyer.pdf,
PE_TRADER_JOES_CENTER,Trader Joe's Center,Phillips Edison & Company,"Dublin, OH",6393,Vincenzo's,2000,Restaurant,Restaurant,Food,0-3k,No,No,No,No,Yes,,,Trader Joe's Center - Flyer.pdf,pdfs/Trader Joe's Center - Flyer.pdf,
PE_VINEYARD_CENTER,Vineyard Center,Phillips Edison & Company,"Templeton, CA",1111,Trader Joe's,12770,Grocery,Grocery,Food,10k+,Yes,No,Yes,Yes,No,,"1111-1115 Rossi Road, Templeton, CA",Vineyard Center - Flyer.pdf,pdfs/Vineyard Center - Flyer.pdf,
PE_VINEYARD_CENTER,Vineyard Center,Phillips Edison & Company,"Templeton, CA",1121A,Sinton & Sons - Local Meat and Provisions,1338,Specialty Food,Specialty Food,Food,0-3k,No,No,No,No,Yes,,,Vineyard Center - Flyer.pdf,pdfs/Vineyard Center - Flyer.pdf,
PE_VINEYARD_CENTER,Vineyard Center,Phillips Edison & Company,"Templeton, CA",1121B,AVAILABLE,1339,Vacancy,Vacancy,Other,0-3k,No,Yes,No,No,Yes,,,Vineyard Center - Flyer.pdf,pdfs/Vineyard Center - Flyer.pdf,
PE_VINEYARD_CENTER,Vineyard Center,Phillips Edison & Company,"Templeton, CA",1121C,COMING AVAILABLE,992,Vacancy,Vacancy,Other,0-3k,No,Yes,No,No,Yes,Coming Available,,Vineyard Center - Flyer.pdf,pdfs/Vineyard Center - Flyer.pdf,
PE_VINEYARD_CENTER,Vineyard Center,Phillips Edison & Company,"Templeton, CA",1121D,Cedar and Oak Salon,1212,Beauty,Beauty,Service,0-3k,No,No,No,No,Yes,,,Vineyard Center - Flyer.pdf,pdfs/Vineyard Center - Flyer.pdf,
PE_VINEYARD_CENTER,Vineyard Center,Phillips Edison & Company,"Templeton, CA",1121E,Maddie Mae's Pet Pantry,1117,Pet Stores,Pet Stores,Hard Goods,0-3k,No,No,No,No,Yes,,,Vineyard Center - Flyer.pdf,pdfs/Vineyard Center - Flyer.pdf,
PE_VINEYARD_CENTER,Vineyard Center,Phillips Edison & Company,"Templeton, CA",1131A,Pier 46 Seafood,1300,Specialty Food,Specialty Food,Food,0-3k,No,No,No,No,Yes,,,Vineyard Center - Flyer.pdf,pdfs/Vineyard Center - Flyer.pdf,
PE_VINEYARD_CENTER,Vineyard Center,Phillips Edison & Company,"Templeton, CA",1131B,Templeton Nails,1049,Beauty,Beauty,Service,0-3k,No,No,No,No,Yes,,,Vineyard Center - Flyer.pdf,pdfs/Vineyard Center - Flyer.pdf,
FRT_TYSONS_STATION_VA,Tysons Station,Federal Realty Investment Trust,"Falls Church, VA",1,Tyson's Barber,405,Beauty / Personal Service,Federal Realty Tenant Roster,Service,0-3k,No,No,No,No,Yes,Tenant SF from Federal Realty tenant roster; site plan provided by user.,"7514 Leesburg Turnpike, Falls Church, VA 22043",Tysons Station - Site Plan.pdf,https://properties.federalrealty.com/property/Tysons-Station/3314036,
FRT_TYSONS_STATION_VA,Tysons Station,Federal Realty Investment Trust,"Falls Church, VA",2A,Tysons Dentist,1811,Medical / Health / Education,Federal Realty Tenant Roster,Service,0-3k,No,No,No,No,Yes,Tenant SF from Federal Realty tenant roster; site plan provided by user.,"7514 Leesburg Turnpike, Falls Church, VA 22043",Tysons Station - Site Plan.pdf,https://properties.federalrealty.com/property/Tysons-Station/3314036,
FRT_TYSONS_STATION_VA,Tysons Station,Federal Realty Investment Trust,"Falls Church, VA",2B,Olivia Massage Spa,854,Beauty / Personal Service,Federal Realty Tenant Roster,Service,0-3k,No,No,No,No,Yes,Tenant SF from Federal Realty tenant roster; site plan provided by user.,"7514 Leesburg Turnpike, Falls Church, VA 22043",Tysons Station - Site Plan.pdf,https://properties.federalrealty.com/property/Tysons-Station/3314036,
FRT_TYSONS_STATION_VA,Tysons Station,Federal Realty Investment Trust,"Falls Church, VA",3,Crisp & Juicy,1273,Restaurant / Food & Beverage,Federal Realty Tenant Roster,Food,0-3k,No,No,No,No,Yes,Tenant SF from Federal Realty tenant roster; site plan provided by user.,"7514 Leesburg Turnpike, Falls Church, VA 22043",Tysons Station - Site Plan.pdf,https://properties.federalrealty.com/property/Tysons-Station/3314036,
FRT_TYSONS_STATION_VA,Tysons Station,Federal Realty Investment Trust,"Falls Church, VA",4A,Java Loco,1385,Other,Federal Realty Tenant Roster,Other,0-3k,No,No,No,No,Yes,Tenant SF from Federal Realty tenant roster; site plan provided by user.,"7514 Leesburg Turnpike, Falls Church, VA 22043",Tysons Station - Site Plan.pdf,https://properties.federalrealty.com/property/Tysons-Station/3314036,
FRT_TYSONS_STATION_VA,Tysons Station,Federal Realty Investment Trust,"Falls Church, VA","5, 4",Trader Joe's,15286,Grocery,Federal Realty Tenant Roster,Food,10k+,Yes,No,Yes,Yes,No,Tenant SF from Federal Realty tenant roster; site plan provided by user.,"7514 Leesburg Turnpike, Falls Church, VA 22043",Tysons Station - Site Plan.pdf,https://properties.federalrealty.com/property/Tysons-Station/3314036,
FRT_TYSONS_STATION_VA,Tysons Station,Federal Realty Investment Trust,"Falls Church, VA",6,Ledo Pizza,2911,Restaurant / Food & Beverage,Federal Realty Tenant Roster,Food,0-3k,No,No,No,No,Yes,Tenant SF from Federal Realty tenant roster; site plan provided by user.,"7514 Leesburg Turnpike, Falls Church, VA 22043",Tysons Station - Site Plan.pdf,https://properties.federalrealty.com/property/Tysons-Station/3314036,
FRT_TYSONS_STATION_VA,Tysons Station,Federal Realty Investment Trust,"Falls Church, VA",7,European Wax Center,1187,Beauty / Personal Service,Federal Realty Tenant Roster,Service,0-3k,No,No,No,No,Yes,Tenant SF from Federal Realty tenant roster; site plan provided by user.,"7514 Leesburg Turnpike, Falls Church, VA 22043",Tysons Station - Site Plan.pdf,https://properties.federalrealty.com/property/Tysons-Station/3314036,
FRT_TYSONS_STATION_VA,Tysons Station,Federal Realty Investment Trust,"Falls Church, VA",8,Juice Time and Papa Kanafa,1418,Restaurant / Food & Beverage,Federal Realty Tenant Roster,Food,0-3k,No,No,No,No,Yes,Tenant SF from Federal Realty tenant roster; site plan provided by user.,"7514 Leesburg Turnpike, Falls Church, VA 22043",Tysons Station - Site Plan.pdf,https://properties.federalrealty.com/property/Tysons-Station/3314036,
FRT_TYSONS_STATION_VA,Tysons Station,Federal Realty Investment Trust,"Falls Church, VA",9A,Woof Gang Bakery & Grooming,1518,Pet Stores,Federal Realty Tenant Roster,Hard Goods,0-3k,No,No,No,No,Yes,Tenant SF from Federal Realty tenant roster; site plan provided by user.,"7514 Leesburg Turnpike, Falls Church, VA 22043",Tysons Station - Site Plan.pdf,https://properties.federalrealty.com/property/Tysons-Station/3314036,
FRT_TYSONS_STATION_VA,Tysons Station,Federal Realty Investment Trust,"Falls Church, VA",9B,Nash & Smashed,2130,Other,Federal Realty Tenant Roster,Other,0-3k,No,No,No,No,Yes,Tenant SF from Federal Realty tenant roster; site plan provided by user.,"7514 Leesburg Turnpike, Falls Church, VA 22043",Tysons Station - Site Plan.pdf,https://properties.federalrealty.com/property/Tysons-Station/3314036,
FRT_TYSONS_STATION_VA,Tysons Station,Federal Realty Investment Trust,"Falls Church, VA",9C,Blazin,1849,Restaurant / Food & Beverage,Federal Realty Tenant Roster,Food,0-3k,No,No,No,No,Yes,Tenant SF from Federal Realty tenant roster; site plan provided by user.,"7514 Leesburg Turnpike, Falls Church, VA 22043",Tysons Station - Site Plan.pdf,https://properties.federalrealty.com/property/Tysons-Station/3314036,
FRT_TYSONS_STATION_VA,Tysons Station,Federal Realty Investment Trust,"Falls Church, VA",10,China King,2281,Restaurant / Food & Beverage,Federal Realty Tenant Roster,Food,0-3k,No,No,No,No,Yes,Tenant SF from Federal Realty tenant roster; site plan provided by user.,"7514 Leesburg Turnpike, Falls Church, VA 22043",Tysons Station - Site Plan.pdf,https://properties.federalrealty.com/property/Tysons-Station/3314036,
FRT_TYSONS_STATION_VA,Tysons Station,Federal Realty Investment Trust,"Falls Church, VA",11,VEG ER for Pets,5054,Medical / Health / Education,Federal Realty Tenant Roster,Service,3k-10k,No,No,No,No,Yes,Tenant SF from Federal Realty tenant roster; site plan provided by user.,"7514 Leesburg Turnpike, Falls Church, VA 22043",Tysons Station - Site Plan.pdf,https://properties.federalrealty.com/property/Tysons-Station/3314036,
FRT_TYSONS_STATION_VA,Tysons Station,Federal Realty Investment Trust,"Falls Church, VA",12A,PJ's Sports,2255,Fitness / Recreation,Federal Realty Tenant Roster,Service,0-3k,No,No,No,No,Yes,Tenant SF from Federal Realty tenant roster; site plan provided by user.,"7514 Leesburg Turnpike, Falls Church, VA 22043",Tysons Station - Site Plan.pdf,https://properties.federalrealty.com/property/Tysons-Station/3314036,
FRT_TYSONS_STATION_VA,Tysons Station,Federal Realty Investment Trust,"Falls Church, VA",12B,Koncept Nails Bar,2130,Beauty / Personal Service,Federal Realty Tenant Roster,Service,0-3k,No,No,No,No,Yes,Tenant SF from Federal Realty tenant roster; site plan provided by user.,"7514 Leesburg Turnpike, Falls Church, VA 22043",Tysons Station - Site Plan.pdf,https://properties.federalrealty.com/property/Tysons-Station/3314036,
FRT_TYSONS_STATION_VA,Tysons Station,Federal Realty Investment Trust,"Falls Church, VA",13,7-Eleven,2400,Convenience / Bank / Telecom,Federal Realty Tenant Roster,Service,0-3k,No,No,No,No,Yes,Tenant SF from Federal Realty tenant roster; site plan provided by user.,"7514 Leesburg Turnpike, Falls Church, VA 22043",Tysons Station - Site Plan.pdf,https://properties.federalrealty.com/property/Tysons-Station/3314036,
FRT_TYSONS_STATION_VA,Tysons Station,Federal Realty Investment Trust,"Falls Church, VA",14,Sunoco,1624,Convenience / Bank / Telecom,Federal Realty Tenant Roster,Service,0-3k,No,No,No,No,Yes,Tenant SF from Federal Realty tenant roster; site plan provided by user.,"7514 Leesburg Turnpike, Falls Church, VA 22043",Tysons Station - Site Plan.pdf,https://properties.federalrealty.com/property/Tysons-Station/3314036,
FRT_BRICK_PLAZA_NJ,Brick Plaza,Federal Realty Investment Trust,"Brick, NJ",6,LA Fitness,34028,Fitness / Recreation,Federal Realty Tenant Roster,Service,10k+,No,No,Yes,Yes,No,Tenant SF from Federal Realty tenant roster; site plan provided by user.,"110 Brick Plaza, Brick, NJ 08723",Brick Plaza - Site Plan.pdf,https://properties.federalrealty.com/property/Brick-Plaza/3313951,
FRT_BRICK_PLAZA_NJ,Brick Plaza,Federal Realty Investment Trust,"Brick, NJ",7,PetSmart,25678,Pet Stores,Federal Realty Tenant Roster,Hard Goods,10k+,No,No,Yes,Yes,No,Tenant SF from Federal Realty tenant roster; site plan provided by user.,"110 Brick Plaza, Brick, NJ 08723",Brick Plaza - Site Plan.pdf,https://properties.federalrealty.com/property/Brick-Plaza/3313951,
FRT_BRICK_PLAZA_NJ,Brick Plaza,Federal Realty Investment Trust,"Brick, NJ",8,Immediate Care Medical Walk-In,8033,Medical / Health / Education,Federal Realty Tenant Roster,Service,3k-10k,No,No,No,No,Yes,Tenant SF from Federal Realty tenant roster; site plan provided by user.,"110 Brick Plaza, Brick, NJ 08723",Brick Plaza - Site Plan.pdf,https://properties.federalrealty.com/property/Brick-Plaza/3313951,
FRT_BRICK_PLAZA_NJ,Brick Plaza,Federal Realty Investment Trust,"Brick, NJ",9,Amara Dental,2859,Medical / Health / Education,Federal Realty Tenant Roster,Service,0-3k,No,No,No,No,Yes,Tenant SF from Federal Realty tenant roster; site plan provided by user.,"110 Brick Plaza, Brick, NJ 08723",Brick Plaza - Site Plan.pdf,https://properties.federalrealty.com/property/Brick-Plaza/3313951,
FRT_BRICK_PLAZA_NJ,Brick Plaza,Federal Realty Investment Trust,"Brick, NJ",10,Jersey Mike's Subs,1608,Restaurant / Food & Beverage,Federal Realty Tenant Roster,Food,0-3k,No,No,No,No,Yes,Tenant SF from Federal Realty tenant roster; site plan provided by user.,"110 Brick Plaza, Brick, NJ 08723",Brick Plaza - Site Plan.pdf,https://properties.federalrealty.com/property/Brick-Plaza/3313951,
FRT_BRICK_PLAZA_NJ,Brick Plaza,Federal Realty Investment Trust,"Brick, NJ",11A,Available,1144,Vacancy,Federal Realty Tenant Roster,Vacancy,0-3k,No,Yes,No,No,Yes,Tenant SF from Federal Realty tenant roster; site plan provided by user.,"110 Brick Plaza, Brick, NJ 08723",Brick Plaza - Site Plan.pdf,https://properties.federalrealty.com/property/Brick-Plaza/3313951,
FRT_BRICK_PLAZA_NJ,Brick Plaza,Federal Realty Investment Trust,"Brick, NJ",11B,GameStop,1206,Hard Goods / Home / Specialty Retail,Federal Realty Tenant Roster,Hard Goods,0-3k,No,No,No,No,Yes,Tenant SF from Federal Realty tenant roster; site plan provided by user.,"110 Brick Plaza, Brick, NJ 08723",Brick Plaza - Site Plan.pdf,https://properties.federalrealty.com/property/Brick-Plaza/3313951,
FRT_BRICK_PLAZA_NJ,Brick Plaza,Federal Realty Investment Trust,"Brick, NJ",12,Brick Nails,1145,Beauty / Personal Service,Federal Realty Tenant Roster,Service,0-3k,No,No,No,No,Yes,Tenant SF from Federal Realty tenant roster; site plan provided by user.,"110 Brick Plaza, Brick, NJ 08723",Brick Plaza - Site Plan.pdf,https://properties.federalrealty.com/property/Brick-Plaza/3313951,
FRT_BRICK_PLAZA_NJ,Brick Plaza,Federal Realty Investment Trust,"Brick, NJ",13,Supercuts,1200,Beauty / Personal Service,Federal Realty Tenant Roster,Service,0-3k,No,No,No,No,Yes,Tenant SF from Federal Realty tenant roster; site plan provided by user.,"110 Brick Plaza, Brick, NJ 08723",Brick Plaza - Site Plan.pdf,https://properties.federalrealty.com/property/Brick-Plaza/3313951,
FRT_BRICK_PLAZA_NJ,Brick Plaza,Federal Realty Investment Trust,"Brick, NJ",14,DAE GEE,1587,Restaurant / Food & Beverage,Federal Realty Tenant Roster,Food,0-3k,No,No,No,No,Yes,Tenant SF from Federal Realty tenant roster; site plan provided by user.,"110 Brick Plaza, Brick, NJ 08723",Brick Plaza - Site Plan.pdf,https://properties.federalrealty.com/property/Brick-Plaza/3313951,
FRT_BRICK_PLAZA_NJ,Brick Plaza,Federal Realty Investment Trust,"Brick, NJ",15,Available,1205,Vacancy,Federal Realty Tenant Roster,Vacancy,0-3k,No,Yes,No,No,Yes,Tenant SF from Federal Realty tenant roster; site plan provided by user.,"110 Brick Plaza, Brick, NJ 08723",Brick Plaza - Site Plan.pdf,https://properties.federalrealty.com/property/Brick-Plaza/3313951,
FRT_BRICK_PLAZA_NJ,Brick Plaza,Federal Realty Investment Trust,"Brick, NJ",16,Wonder,2788,Restaurant / Food & Beverage,Federal Realty Tenant Roster,Food,0-3k,No,No,No,No,Yes,Tenant SF from Federal Realty tenant roster; site plan provided by user.,"110 Brick Plaza, Brick, NJ 08723",Brick Plaza - Site Plan.pdf,https://properties.federalrealty.com/property/Brick-Plaza/3313951,
FRT_BRICK_PLAZA_NJ,Brick Plaza,Federal Realty Investment Trust,"Brick, NJ",17,Chuck E. Cheese,9325,Entertainment,Federal Realty Tenant Roster,Other,3k-10k,No,No,No,No,Yes,Tenant SF from Federal Realty tenant roster; site plan provided by user.,"110 Brick Plaza, Brick, NJ 08723",Brick Plaza - Site Plan.pdf,https://properties.federalrealty.com/property/Brick-Plaza/3313951,
FRT_BRICK_PLAZA_NJ,Brick Plaza,Federal Realty Investment Trust,"Brick, NJ",19,Hand & Stone Massage & Facial,4159,Beauty / Personal Service,Federal Realty Tenant Roster,Service,3k-10k,No,No,No,No,Yes,Tenant SF from Federal Realty tenant roster; site plan provided by user.,"110 Brick Plaza, Brick, NJ 08723",Brick Plaza - Site Plan.pdf,https://properties.federalrealty.com/property/Brick-Plaza/3313951,
FRT_BRICK_PLAZA_NJ,Brick Plaza,Federal Realty Investment Trust,"Brick, NJ",20,European Wax Center,1538,Beauty / Personal Service,Federal Realty Tenant Roster,Service,0-3k,No,No,No,No,Yes,Tenant SF from Federal Realty tenant roster; site plan provided by user.,"110 Brick Plaza, Brick, NJ 08723",Brick Plaza - Site Plan.pdf,https://properties.federalrealty.com/property/Brick-Plaza/3313951,
FRT_BRICK_PLAZA_NJ,Brick Plaza,Federal Realty Investment Trust,"Brick, NJ",20A,xfinity,1905,Convenience / Bank / Telecom,Federal Realty Tenant Roster,Service,0-3k,No,No,No,No,Yes,Tenant SF from Federal Realty tenant roster; site plan provided by user.,"110 Brick Plaza, Brick, NJ 08723",Brick Plaza - Site Plan.pdf,https://properties.federalrealty.com/property/Brick-Plaza/3313951,
FRT_BRICK_PLAZA_NJ,Brick Plaza,Federal Realty Investment Trust,"Brick, NJ",21,Crumbl Cookies,2500,Restaurant / Food & Beverage,Federal Realty Tenant Roster,Food,0-3k,No,No,No,No,Yes,Tenant SF from Federal Realty tenant roster; site plan provided by user.,"110 Brick Plaza, Brick, NJ 08723",Brick Plaza - Site Plan.pdf,https://properties.federalrealty.com/property/Brick-Plaza/3313951,
FRT_BRICK_PLAZA_NJ,Brick Plaza,Federal Realty Investment Trust,"Brick, NJ",22,Gap Factory Store,8341,Apparel / Soft Goods,Federal Realty Tenant Roster,Soft Goods,3k-10k,No,No,No,No,Yes,Tenant SF from Federal Realty tenant roster; site plan provided by user.,"110 Brick Plaza, Brick, NJ 08723",Brick Plaza - Site Plan.pdf,https://properties.federalrealty.com/property/Brick-Plaza/3313951,
FRT_BRICK_PLAZA_NJ,Brick Plaza,Federal Realty Investment Trust,"Brick, NJ",23,Barnes & Noble,22800,Hard Goods / Home / Specialty Retail,Federal Realty Tenant Roster,Hard Goods,10k+,No,No,Yes,Yes,No,Tenant SF from Federal Realty tenant roster; site plan provided by user.,"110 Brick Plaza, Brick, NJ 08723",Brick Plaza - Site Plan.pdf,https://properties.federalrealty.com/property/Brick-Plaza/3313951,
FRT_BRICK_PLAZA_NJ,Brick Plaza,Federal Realty Investment Trust,"Brick, NJ",23A,The Good Feet Store,2924,Hard Goods / Home / Specialty Retail,Federal Realty Tenant Roster,Hard Goods,0-3k,No,No,No,No,Yes,Tenant SF from Federal Realty tenant roster; site plan provided by user.,"110 Brick Plaza, Brick, NJ 08723",Brick Plaza - Site Plan.pdf,https://properties.federalrealty.com/property/Brick-Plaza/3313951,
FRT_BRICK_PLAZA_NJ,Brick Plaza,Federal Realty Investment Trust,"Brick, NJ",24,Applebee's Neighborhood Grill,6000,Restaurant / Food & Beverage,Federal Realty Tenant Roster,Food,3k-10k,No,No,No,No,Yes,Tenant SF from Federal Realty tenant roster; site plan provided by user.,"110 Brick Plaza, Brick, NJ 08723",Brick Plaza - Site Plan.pdf,https://properties.federalrealty.com/property/Brick-Plaza/3313951,
FRT_BRICK_PLAZA_NJ,Brick Plaza,Federal Realty Investment Trust,"Brick, NJ",25,Jersey Juice Co.,989,Restaurant / Food & Beverage,Federal Realty Tenant Roster,Food,0-3k,No,No,No,No,Yes,Tenant SF from Federal Realty tenant roster; site plan provided by user.,"110 Brick Plaza, Brick, NJ 08723",Brick Plaza - Site Plan.pdf,https://properties.federalrealty.com/property/Brick-Plaza/3313951,
FRT_BRICK_PLAZA_NJ,Brick Plaza,Federal Realty Investment Trust,"Brick, NJ",25B,Available,2013,Vacancy,Federal Realty Tenant Roster,Vacancy,0-3k,No,Yes,No,No,Yes,Tenant SF from Federal Realty tenant roster; site plan provided by user.,"110 Brick Plaza, Brick, NJ 08723",Brick Plaza - Site Plan.pdf,https://properties.federalrealty.com/property/Brick-Plaza/3313951,
FRT_BRICK_PLAZA_NJ,Brick Plaza,Federal Realty Investment Trust,"Brick, NJ",26,Burlington,43290,Apparel / Soft Goods,Federal Realty Tenant Roster,Soft Goods,10k+,No,No,Yes,Yes,No,Tenant SF from Federal Realty tenant roster; site plan provided by user.,"110 Brick Plaza, Brick, NJ 08723",Brick Plaza - Site Plan.pdf,https://properties.federalrealty.com/property/Brick-Plaza/3313951,
FRT_BRICK_PLAZA_NJ,Brick Plaza,Federal Realty Investment Trust,"Brick, NJ",26B,Golf Kings,10492,Fitness / Recreation,Federal Realty Tenant Roster,Service,10k+,No,No,Yes,Yes,No,Tenant SF from Federal Realty tenant roster; site plan provided by user.,"110 Brick Plaza, Brick, NJ 08723",Brick Plaza - Site Plan.pdf,https://properties.federalrealty.com/property/Brick-Plaza/3313951,
FRT_BRICK_PLAZA_NJ,Brick Plaza,Federal Realty Investment Trust,"Brick, NJ",27A,MeeMoms,2520,Restaurant / Food & Beverage,Federal Realty Tenant Roster,Food,0-3k,No,No,No,No,Yes,Tenant SF from Federal Realty tenant roster; site plan provided by user.,"110 Brick Plaza, Brick, NJ 08723",Brick Plaza - Site Plan.pdf,https://properties.federalrealty.com/property/Brick-Plaza/3313951,
FRT_BRICK_PLAZA_NJ,Brick Plaza,Federal Realty Investment Trust,"Brick, NJ",27B,HomeGoods,22257,Hard Goods / Home / Specialty Retail,Federal Realty Tenant Roster,Hard Goods,10k+,No,No,Yes,Yes,No,Tenant SF from Federal Realty tenant roster; site plan provided by user.,"110 Brick Plaza, Brick, NJ 08723",Brick Plaza - Site Plan.pdf,https://properties.federalrealty.com/property/Brick-Plaza/3313951,
FRT_BRICK_PLAZA_NJ,Brick Plaza,Federal Realty Investment Trust,"Brick, NJ",27C,Michaels,22840,Hard Goods / Home / Specialty Retail,Federal Realty Tenant Roster,Hard Goods,10k+,No,No,Yes,Yes,No,Tenant SF from Federal Realty tenant roster; site plan provided by user.,"110 Brick Plaza, Brick, NJ 08723",Brick Plaza - Site Plan.pdf,https://properties.federalrealty.com/property/Brick-Plaza/3313951,
FRT_BRICK_PLAZA_NJ,Brick Plaza,Federal Realty Investment Trust,"Brick, NJ",28,ULTA Beauty,10457,Beauty / Personal Service,Federal Realty Tenant Roster,Service,10k+,No,No,Yes,Yes,No,Tenant SF from Federal Realty tenant roster; site plan provided by user.,"110 Brick Plaza, Brick, NJ 08723",Brick Plaza - Site Plan.pdf,https://properties.federalrealty.com/property/Brick-Plaza/3313951,
FRT_BRICK_PLAZA_NJ,Brick Plaza,Federal Realty Investment Trust,"Brick, NJ",29,DSW,13968,Apparel / Soft Goods,Federal Realty Tenant Roster,Soft Goods,10k+,No,No,Yes,Yes,No,Tenant SF from Federal Realty tenant roster; site plan provided by user.,"110 Brick Plaza, Brick, NJ 08723",Brick Plaza - Site Plan.pdf,https://properties.federalrealty.com/property/Brick-Plaza/3313951,
FRT_BRICK_PLAZA_NJ,Brick Plaza,Federal Realty Investment Trust,"Brick, NJ",30,Chipotle Mexican Grill,2717,Restaurant / Food & Beverage,Federal Realty Tenant Roster,Food,0-3k,No,No,No,No,Yes,Tenant SF from Federal Realty tenant roster; site plan provided by user.,"110 Brick Plaza, Brick, NJ 08723",Brick Plaza - Site Plan.pdf,https://properties.federalrealty.com/property/Brick-Plaza/3313951,
FRT_BRICK_PLAZA_NJ,Brick Plaza,Federal Realty Investment Trust,"Brick, NJ",31,J.Crew Factory,5451,Apparel / Soft Goods,Federal Realty Tenant Roster,Soft Goods,3k-10k,No,No,No,No,Yes,Tenant SF from Federal Realty tenant roster; site plan provided by user.,"110 Brick Plaza, Brick, NJ 08723",Brick Plaza - Site Plan.pdf,https://properties.federalrealty.com/property/Brick-Plaza/3313951,
FRT_BRICK_PLAZA_NJ,Brick Plaza,Federal Realty Investment Trust,"Brick, NJ",32,PNC Bank,3398,Convenience / Bank / Telecom,Federal Realty Tenant Roster,Service,3k-10k,No,No,No,No,Yes,Tenant SF from Federal Realty tenant roster; site plan provided by user.,"110 Brick Plaza, Brick, NJ 08723",Brick Plaza - Site Plan.pdf,https://properties.federalrealty.com/property/Brick-Plaza/3313951,
FRT_BRICK_PLAZA_NJ,Brick Plaza,Federal Realty Investment Trust,"Brick, NJ",33,AutoZone,6786,Hard Goods / Home / Specialty Retail,Federal Realty Tenant Roster,Hard Goods,3k-10k,No,No,No,No,Yes,Tenant SF from Federal Realty tenant roster; site plan provided by user.,"110 Brick Plaza, Brick, NJ 08723",Brick Plaza - Site Plan.pdf,https://properties.federalrealty.com/property/Brick-Plaza/3313951,
FRT_BRICK_PLAZA_NJ,Brick Plaza,Federal Realty Investment Trust,"Brick, NJ",38,Bubbles07,1056,Beauty / Personal Service,Federal Realty Tenant Roster,Service,0-3k,No,No,No,No,Yes,Tenant SF from Federal Realty tenant roster; site plan provided by user.,"110 Brick Plaza, Brick, NJ 08723",Brick Plaza - Site Plan.pdf,https://properties.federalrealty.com/property/Brick-Plaza/3313951,
FRT_BRICK_PLAZA_NJ,Brick Plaza,Federal Realty Investment Trust,"Brick, NJ",40,Ikko Hibachi Steak House,4690,Restaurant / Food & Beverage,Federal Realty Tenant Roster,Food,3k-10k,No,No,No,No,Yes,Tenant SF from Federal Realty tenant roster; site plan provided by user.,"110 Brick Plaza, Brick, NJ 08723",Brick Plaza - Site Plan.pdf,https://properties.federalrealty.com/property/Brick-Plaza/3313951,
FRT_BRICK_PLAZA_NJ,Brick Plaza,Federal Realty Investment Trust,"Brick, NJ",41,Gravity Vault Brick,13524,Fitness / Recreation,Federal Realty Tenant Roster,Service,10k+,No,No,Yes,Yes,No,Tenant SF from Federal Realty tenant roster; site plan provided by user.,"110 Brick Plaza, Brick, NJ 08723",Brick Plaza - Site Plan.pdf,https://properties.federalrealty.com/property/Brick-Plaza/3313951,
FRT_BRICK_PLAZA_NJ,Brick Plaza,Federal Realty Investment Trust,"Brick, NJ",42,Wine Outlet,5474,Wine / Liquor,Federal Realty Tenant Roster,Other,3k-10k,No,No,No,No,Yes,Tenant SF from Federal Realty tenant roster; site plan provided by user.,"110 Brick Plaza, Brick, NJ 08723",Brick Plaza - Site Plan.pdf,https://properties.federalrealty.com/property/Brick-Plaza/3313951,
FRT_BRICK_PLAZA_NJ,Brick Plaza,Federal Realty Investment Trust,"Brick, NJ",43A,Trader Joe's,13760,Grocery,Federal Realty Tenant Roster,Food,10k+,Yes,No,Yes,Yes,No,Tenant SF from Federal Realty tenant roster; site plan provided by user.,"110 Brick Plaza, Brick, NJ 08723",Brick Plaza - Site Plan.pdf,https://properties.federalrealty.com/property/Brick-Plaza/3313951,
FRT_BRICK_PLAZA_NJ,Brick Plaza,Federal Realty Investment Trust,"Brick, NJ",44,Blank,3223,Vacancy,Federal Realty Tenant Roster,Vacancy,3k-10k,No,Yes,No,No,Yes,Tenant SF from Federal Realty tenant roster; site plan provided by user.,"110 Brick Plaza, Brick, NJ 08723",Brick Plaza - Site Plan.pdf,https://properties.federalrealty.com/property/Brick-Plaza/3313951,
FRT_BRICK_PLAZA_NJ,Brick Plaza,Federal Realty Investment Trust,"Brick, NJ",50,AMC,44962,Entertainment,Federal Realty Tenant Roster,Other,10k+,No,No,Yes,Yes,No,Tenant SF from Federal Realty tenant roster; site plan provided by user.,"110 Brick Plaza, Brick, NJ 08723",Brick Plaza - Site Plan.pdf,https://properties.federalrealty.com/property/Brick-Plaza/3313951,
FRT_BRICK_PLAZA_NJ,Brick Plaza,Federal Realty Investment Trust,"Brick, NJ",52A,Raising Cane's,2818,Restaurant / Food & Beverage,Federal Realty Tenant Roster,Food,0-3k,No,No,No,No,Yes,Tenant SF from Federal Realty tenant roster; site plan provided by user.,"110 Brick Plaza, Brick, NJ 08723",Brick Plaza - Site Plan.pdf,https://properties.federalrealty.com/property/Brick-Plaza/3313951,
FRT_BRICK_PLAZA_NJ,Brick Plaza,Federal Realty Investment Trust,"Brick, NJ",53A,Cava Grill,2161,Restaurant / Food & Beverage,Federal Realty Tenant Roster,Food,0-3k,No,No,No,No,Yes,Tenant SF from Federal Realty tenant roster; site plan provided by user.,"110 Brick Plaza, Brick, NJ 08723",Brick Plaza - Site Plan.pdf,https://properties.federalrealty.com/property/Brick-Plaza/3313951,
FRT_BRICK_PLAZA_NJ,Brick Plaza,Federal Realty Investment Trust,"Brick, NJ",53B,Gregorys Coffee,1827,Restaurant / Food & Beverage,Federal Realty Tenant Roster,Food,0-3k,No,No,No,No,Yes,Tenant SF from Federal Realty tenant roster; site plan provided by user.,"110 Brick Plaza, Brick, NJ 08723",Brick Plaza - Site Plan.pdf,https://properties.federalrealty.com/property/Brick-Plaza/3313951,
FRT_BRICK_PLAZA_NJ,Brick Plaza,Federal Realty Investment Trust,"Brick, NJ",54,Cuzin's Seafood & Steak House,10102,Restaurant / Food & Beverage,Federal Realty Tenant Roster,Food,10k+,No,No,Yes,Yes,No,Tenant SF from Federal Realty tenant roster; site plan provided by user.,"110 Brick Plaza, Brick, NJ 08723",Brick Plaza - Site Plan.pdf,https://properties.federalrealty.com/property/Brick-Plaza/3313951,
FRT_BRICK_PLAZA_NJ,Brick Plaza,Federal Realty Investment Trust,"Brick, NJ",55,Red Robin Gourmet Burgers & Brews,6000,Restaurant / Food & Beverage,Federal Realty Tenant Roster,Food,3k-10k,No,No,No,No,Yes,Tenant SF from Federal Realty tenant roster; site plan provided by user.,"110 Brick Plaza, Brick, NJ 08723",Brick Plaza - Site Plan.pdf,https://properties.federalrealty.com/property/Brick-Plaza/3313951,
FRT_BRICK_PLAZA_NJ,Brick Plaza,Federal Realty Investment Trust,"Brick, NJ",56A,AT&T,3000,Convenience / Bank / Telecom,Federal Realty Tenant Roster,Service,0-3k,No,No,No,No,Yes,Tenant SF from Federal Realty tenant roster; site plan provided by user.,"110 Brick Plaza, Brick, NJ 08723",Brick Plaza - Site Plan.pdf,https://properties.federalrealty.com/property/Brick-Plaza/3313951,
FRT_BRICK_PLAZA_NJ,Brick Plaza,Federal Realty Investment Trust,"Brick, NJ",56B,Smashburger,3000,Restaurant / Food & Beverage,Federal Realty Tenant Roster,Food,0-3k,No,No,No,No,Yes,Tenant SF from Federal Realty tenant roster; site plan provided by user.,"110 Brick Plaza, Brick, NJ 08723",Brick Plaza - Site Plan.pdf,https://properties.federalrealty.com/property/Brick-Plaza/3313951,
FRT_SAN_ANTONIO_CENTER_CA,San Antonio Center,Federal Realty Investment Trust,"Mountain View, CA",350,Available,65100,Vacancy,Federal Realty Tenant Roster,Vacancy,10k+,No,Yes,Yes,Yes,No,Tenant SF from Federal Realty tenant roster; site plan provided by user.,"590 Showers Drive, Mountain View, CA 94040",San Antonio Center - Site Plan.pdf,https://properties.federalrealty.com/property/San-Antonio-Center/3314023,
FRT_SAN_ANTONIO_CENTER_CA,San Antonio Center,Federal Realty Investment Trust,"Mountain View, CA",435,Available,16213,Vacancy,Federal Realty Tenant Roster,Vacancy,10k+,No,Yes,Yes,Yes,No,Tenant SF from Federal Realty tenant roster; site plan provided by user.,"590 Showers Drive, Mountain View, CA 94040",San Antonio Center - Site Plan.pdf,https://properties.federalrealty.com/property/San-Antonio-Center/3314023,
FRT_SAN_ANTONIO_CENTER_CA,San Antonio Center,Federal Realty Investment Trust,"Mountain View, CA",2535,Available,44043,Vacancy,Federal Realty Tenant Roster,Vacancy,10k+,No,Yes,Yes,Yes,No,Tenant SF from Federal Realty tenant roster; site plan provided by user.,"590 Showers Drive, Mountain View, CA 94040",San Antonio Center - Site Plan.pdf,https://properties.federalrealty.com/property/San-Antonio-Center/3314023,
FRT_SAN_ANTONIO_CENTER_CA,San Antonio Center,Federal Realty Investment Trust,"Mountain View, CA",2535,Available,32946,Vacancy,Federal Realty Tenant Roster,Vacancy,10k+,No,Yes,Yes,Yes,No,Tenant SF from Federal Realty tenant roster; site plan provided by user.,"590 Showers Drive, Mountain View, CA 94040",San Antonio Center - Site Plan.pdf,https://properties.federalrealty.com/property/San-Antonio-Center/3314023,
FRT_SAN_ANTONIO_CENTER_CA,San Antonio Center,Federal Realty Investment Trust,"Mountain View, CA",A001,Available,1800,Vacancy,Federal Realty Tenant Roster,Vacancy,0-3k,No,Yes,No,No,Yes,Tenant SF from Federal Realty tenant roster; site plan provided by user.,"590 Showers Drive, Mountain View, CA 94040",San Antonio Center - Site Plan.pdf,https://properties.federalrealty.com/property/San-Antonio-Center/3314023,
FRT_SAN_ANTONIO_CENTER_CA,San Antonio Center,Federal Realty Investment Trust,"Mountain View, CA",A002,Available,1134,Vacancy,Federal Realty Tenant Roster,Vacancy,0-3k,No,Yes,No,No,Yes,Tenant SF from Federal Realty tenant roster; site plan provided by user.,"590 Showers Drive, Mountain View, CA 94040",San Antonio Center - Site Plan.pdf,https://properties.federalrealty.com/property/San-Antonio-Center/3314023,
FRT_SAN_ANTONIO_CENTER_CA,San Antonio Center,Federal Realty Investment Trust,"Mountain View, CA",AA01,Sourdough & Co.,1200,Restaurant / Food & Beverage,Federal Realty Tenant Roster,Food,0-3k,No,No,No,No,Yes,Tenant SF from Federal Realty tenant roster; site plan provided by user.,"590 Showers Drive, Mountain View, CA 94040",San Antonio Center - Site Plan.pdf,https://properties.federalrealty.com/property/San-Antonio-Center/3314023,
FRT_SAN_ANTONIO_CENTER_CA,San Antonio Center,Federal Realty Investment Trust,"Mountain View, CA",AA02,xfinity,2400,Convenience / Bank / Telecom,Federal Realty Tenant Roster,Service,0-3k,No,No,No,No,Yes,Tenant SF from Federal Realty tenant roster; site plan provided by user.,"590 Showers Drive, Mountain View, CA 94040",San Antonio Center - Site Plan.pdf,https://properties.federalrealty.com/property/San-Antonio-Center/3314023,
FRT_SAN_ANTONIO_CENTER_CA,San Antonio Center,Federal Realty Investment Trust,"Mountain View, CA",AA03,San Antonio Dental,1055,Medical / Health / Education,Federal Realty Tenant Roster,Service,0-3k,No,No,No,No,Yes,Tenant SF from Federal Realty tenant roster; site plan provided by user.,"590 Showers Drive, Mountain View, CA 94040",San Antonio Center - Site Plan.pdf,https://properties.federalrealty.com/property/San-Antonio-Center/3314023,
FRT_SAN_ANTONIO_CENTER_CA,San Antonio Center,Federal Realty Investment Trust,"Mountain View, CA",AA04,Eighty-Eight Sushi & Ramen,2759,Restaurant / Food & Beverage,Federal Realty Tenant Roster,Food,0-3k,No,No,No,No,Yes,Tenant SF from Federal Realty tenant roster; site plan provided by user.,"590 Showers Drive, Mountain View, CA 94040",San Antonio Center - Site Plan.pdf,https://properties.federalrealty.com/property/San-Antonio-Center/3314023,
FRT_SAN_ANTONIO_CENTER_CA,San Antonio Center,Federal Realty Investment Trust,"Mountain View, CA",AA05,Grateful Head,1060,Other,Federal Realty Tenant Roster,Other,0-3k,No,No,No,No,Yes,Tenant SF from Federal Realty tenant roster; site plan provided by user.,"590 Showers Drive, Mountain View, CA 94040",San Antonio Center - Site Plan.pdf,https://properties.federalrealty.com/property/San-Antonio-Center/3314023,
FRT_SAN_ANTONIO_CENTER_CA,San Antonio Center,Federal Realty Investment Trust,"Mountain View, CA",AA06,Sally Beauty,1330,Beauty / Personal Service,Federal Realty Tenant Roster,Service,0-3k,No,No,No,No,Yes,Tenant SF from Federal Realty tenant roster; site plan provided by user.,"590 Showers Drive, Mountain View, CA 94040",San Antonio Center - Site Plan.pdf,https://properties.federalrealty.com/property/San-Antonio-Center/3314023,
FRT_SAN_ANTONIO_CENTER_CA,San Antonio Center,Federal Realty Investment Trust,"Mountain View, CA",AA07,UPS Store,1100,Convenience / Bank / Telecom,Federal Realty Tenant Roster,Service,0-3k,No,No,No,No,Yes,Tenant SF from Federal Realty tenant roster; site plan provided by user.,"590 Showers Drive, Mountain View, CA 94040",San Antonio Center - Site Plan.pdf,https://properties.federalrealty.com/property/San-Antonio-Center/3314023,
FRT_SAN_ANTONIO_CENTER_CA,San Antonio Center,Federal Realty Investment Trust,"Mountain View, CA",AA08,Wingstop,1809,Restaurant / Food & Beverage,Federal Realty Tenant Roster,Food,0-3k,No,No,No,No,Yes,Tenant SF from Federal Realty tenant roster; site plan provided by user.,"590 Showers Drive, Mountain View, CA 94040",San Antonio Center - Site Plan.pdf,https://properties.federalrealty.com/property/San-Antonio-Center/3314023,
FRT_SAN_ANTONIO_CENTER_CA,San Antonio Center,Federal Realty Investment Trust,"Mountain View, CA",B001,Available,3942,Vacancy,Federal Realty Tenant Roster,Vacancy,3k-10k,No,Yes,No,No,Yes,Tenant SF from Federal Realty tenant roster; site plan provided by user.,"590 Showers Drive, Mountain View, CA 94040",San Antonio Center - Site Plan.pdf,https://properties.federalrealty.com/property/San-Antonio-Center/3314023,
FRT_SAN_ANTONIO_CENTER_CA,San Antonio Center,Federal Realty Investment Trust,"Mountain View, CA",BB026,Available,3800,Vacancy,Federal Realty Tenant Roster,Vacancy,3k-10k,No,Yes,No,No,Yes,Tenant SF from Federal Realty tenant roster; site plan provided by user.,"590 Showers Drive, Mountain View, CA 94040",San Antonio Center - Site Plan.pdf,https://properties.federalrealty.com/property/San-Antonio-Center/3314023,
FRT_SAN_ANTONIO_CENTER_CA,San Antonio Center,Federal Realty Investment Trust,"Mountain View, CA",BB028,Available,1120,Vacancy,Federal Realty Tenant Roster,Vacancy,0-3k,No,Yes,No,No,Yes,Tenant SF from Federal Realty tenant roster; site plan provided by user.,"590 Showers Drive, Mountain View, CA 94040",San Antonio Center - Site Plan.pdf,https://properties.federalrealty.com/property/San-Antonio-Center/3314023,
FRT_SAN_ANTONIO_CENTER_CA,San Antonio Center,Federal Realty Investment Trust,"Mountain View, CA",D004,24 Hour Fitness,35924,Fitness / Recreation,Federal Realty Tenant Roster,Service,10k+,No,No,Yes,Yes,No,Tenant SF from Federal Realty tenant roster; site plan provided by user.,"590 Showers Drive, Mountain View, CA 94040",San Antonio Center - Site Plan.pdf,https://properties.federalrealty.com/property/San-Antonio-Center/3314023,
FRT_SAN_ANTONIO_CENTER_CA,San Antonio Center,Federal Realty Investment Trust,"Mountain View, CA",D006,Sola Salons,4495,Beauty / Personal Service,Federal Realty Tenant Roster,Service,3k-10k,No,No,No,No,Yes,Tenant SF from Federal Realty tenant roster; site plan provided by user.,"590 Showers Drive, Mountain View, CA 94040",San Antonio Center - Site Plan.pdf,https://properties.federalrealty.com/property/San-Antonio-Center/3314023,
FRT_SAN_ANTONIO_CENTER_CA,San Antonio Center,Federal Realty Investment Trust,"Mountain View, CA",G001,Walmart,126627,Hard Goods / Home / Specialty Retail,Federal Realty Tenant Roster,Hard Goods,10k+,No,No,Yes,Yes,No,Tenant SF from Federal Realty tenant roster; site plan provided by user.,"590 Showers Drive, Mountain View, CA 94040",San Antonio Center - Site Plan.pdf,https://properties.federalrealty.com/property/San-Antonio-Center/3314023,
FRT_SAN_ANTONIO_CENTER_CA,San Antonio Center,Federal Realty Investment Trust,"Mountain View, CA",GL01,Trader Joe's,14045,Grocery,Federal Realty Tenant Roster,Food,10k+,Yes,No,Yes,Yes,No,Tenant SF from Federal Realty tenant roster; site plan provided by user.,"590 Showers Drive, Mountain View, CA 94040",San Antonio Center - Site Plan.pdf,https://properties.federalrealty.com/property/San-Antonio-Center/3314023,
FRT_SAN_ANTONIO_CENTER_CA,San Antonio Center,Federal Realty Investment Trust,"Mountain View, CA",L,Chili's Grill & Bar,5731,Restaurant / Food & Beverage,Federal Realty Tenant Roster,Food,3k-10k,No,No,No,No,Yes,Tenant SF from Federal Realty tenant roster; site plan provided by user.,"590 Showers Drive, Mountain View, CA 94040",San Antonio Center - Site Plan.pdf,https://properties.federalrealty.com/property/San-Antonio-Center/3314023,
FRT_SAN_ANTONIO_CENTER_CA,San Antonio Center,Federal Realty Investment Trust,"Mountain View, CA",M,GEN Korean BBQ House,7195,Restaurant / Food & Beverage,Federal Realty Tenant Roster,Food,3k-10k,No,No,No,No,Yes,Tenant SF from Federal Realty tenant roster; site plan provided by user.,"590 Showers Drive, Mountain View, CA 94040",San Antonio Center - Site Plan.pdf,https://properties.federalrealty.com/property/San-Antonio-Center/3314023,
FRT_SAN_ANTONIO_CENTER_CA,San Antonio Center,Federal Realty Investment Trust,"Mountain View, CA",N001,Available,2473,Vacancy,Federal Realty Tenant Roster,Vacancy,0-3k,No,Yes,No,No,Yes,Tenant SF from Federal Realty tenant roster; site plan provided by user.,"590 Showers Drive, Mountain View, CA 94040",San Antonio Center - Site Plan.pdf,https://properties.federalrealty.com/property/San-Antonio-Center/3314023,
FRT_SAN_ANTONIO_CENTER_CA,San Antonio Center,Federal Realty Investment Trust,"Mountain View, CA",N002,General Nutrition Center,1274,Medical / Health / Education,Federal Realty Tenant Roster,Service,0-3k,No,No,No,No,Yes,Tenant SF from Federal Realty tenant roster; site plan provided by user.,"590 Showers Drive, Mountain View, CA 94040",San Antonio Center - Site Plan.pdf,https://properties.federalrealty.com/property/San-Antonio-Center/3314023,
FRT_SAN_ANTONIO_CENTER_CA,San Antonio Center,Federal Realty Investment Trust,"Mountain View, CA",N004,Mathnasium,2332,Medical / Health / Education,Federal Realty Tenant Roster,Service,0-3k,No,No,No,No,Yes,Tenant SF from Federal Realty tenant roster; site plan provided by user.,"590 Showers Drive, Mountain View, CA 94040",San Antonio Center - Site Plan.pdf,https://properties.federalrealty.com/property/San-Antonio-Center/3314023,
FRT_TOWN_CENTER_CROSSING_KS,Town Center Crossing,Federal Realty Investment Trust,"Leawood, KS",A101A,North Italia,5871,Restaurant / Food & Beverage,Federal Realty Tenant Roster,Food,3k-10k,No,No,No,No,Yes,Tenant SF from Federal Realty tenant roster; site plan provided by user.,"4201 W 119th St, Leawood, KS 66209",Town Center Crossing - Site Plan.pdf,https://properties.federalrealty.com/property/Town-Center-Crossing/3314806,
FRT_TOWN_CENTER_CROSSING_KS,Town Center Crossing,Federal Realty Investment Trust,"Leawood, KS",A103B,Shade Store,1817,Hard Goods / Home / Specialty Retail,Federal Realty Tenant Roster,Hard Goods,0-3k,No,No,No,No,Yes,Tenant SF from Federal Realty tenant roster; site plan provided by user.,"4201 W 119th St, Leawood, KS 66209",Town Center Crossing - Site Plan.pdf,https://properties.federalrealty.com/property/Town-Center-Crossing/3314806,
FRT_TOWN_CENTER_CROSSING_KS,Town Center Crossing,Federal Realty Investment Trust,"Leawood, KS",A104,SalonOne19 & Spa,2001,Beauty / Personal Service,Federal Realty Tenant Roster,Service,0-3k,No,No,No,No,Yes,Tenant SF from Federal Realty tenant roster; site plan provided by user.,"4201 W 119th St, Leawood, KS 66209",Town Center Crossing - Site Plan.pdf,https://properties.federalrealty.com/property/Town-Center-Crossing/3314806,
FRT_TOWN_CENTER_CROSSING_KS,Town Center Crossing,Federal Realty Investment Trust,"Leawood, KS",A105,Lovesac,1813,Hard Goods / Home / Specialty Retail,Federal Realty Tenant Roster,Hard Goods,0-3k,No,No,No,No,Yes,Tenant SF from Federal Realty tenant roster; site plan provided by user.,"4201 W 119th St, Leawood, KS 66209",Town Center Crossing - Site Plan.pdf,https://properties.federalrealty.com/property/Town-Center-Crossing/3314806,
FRT_TOWN_CENTER_CROSSING_KS,Town Center Crossing,Federal Realty Investment Trust,"Leawood, KS",A107A,Warby Parker,2000,Apparel / Soft Goods,Federal Realty Tenant Roster,Soft Goods,0-3k,No,No,No,No,Yes,Tenant SF from Federal Realty tenant roster; site plan provided by user.,"4201 W 119th St, Leawood, KS 66209",Town Center Crossing - Site Plan.pdf,https://properties.federalrealty.com/property/Town-Center-Crossing/3314806,
FRT_TOWN_CENTER_CROSSING_KS,Town Center Crossing,Federal Realty Investment Trust,"Leawood, KS",A107B,Purple,4200,Hard Goods / Home / Specialty Retail,Federal Realty Tenant Roster,Hard Goods,3k-10k,No,No,No,No,Yes,Tenant SF from Federal Realty tenant roster; site plan provided by user.,"4201 W 119th St, Leawood, KS 66209",Town Center Crossing - Site Plan.pdf,https://properties.federalrealty.com/property/Town-Center-Crossing/3314806,
FRT_TOWN_CENTER_CROSSING_KS,Town Center Crossing,Federal Realty Investment Trust,"Leawood, KS",A107C,Vineyard Vines,3080,Apparel / Soft Goods,Federal Realty Tenant Roster,Soft Goods,3k-10k,No,No,No,No,Yes,Tenant SF from Federal Realty tenant roster; site plan provided by user.,"4201 W 119th St, Leawood, KS 66209",Town Center Crossing - Site Plan.pdf,https://properties.federalrealty.com/property/Town-Center-Crossing/3314806,
FRT_TOWN_CENTER_CROSSING_KS,Town Center Crossing,Federal Realty Investment Trust,"Leawood, KS",A110,lululemon athletica,7634,Apparel / Soft Goods,Federal Realty Tenant Roster,Soft Goods,3k-10k,No,No,No,No,Yes,Tenant SF from Federal Realty tenant roster; site plan provided by user.,"4201 W 119th St, Leawood, KS 66209",Town Center Crossing - Site Plan.pdf,https://properties.federalrealty.com/property/Town-Center-Crossing/3314806,
FRT_TOWN_CENTER_CROSSING_KS,Town Center Crossing,Federal Realty Investment Trust,"Leawood, KS",A113,bluemercury,1672,Beauty / Personal Service,Federal Realty Tenant Roster,Service,0-3k,No,No,No,No,Yes,Tenant SF from Federal Realty tenant roster; site plan provided by user.,"4201 W 119th St, Leawood, KS 66209",Town Center Crossing - Site Plan.pdf,https://properties.federalrealty.com/property/Town-Center-Crossing/3314806,
FRT_TOWN_CENTER_CROSSING_KS,Town Center Crossing,Federal Realty Investment Trust,"Leawood, KS",A115,Paper Source,3309,Hard Goods / Home / Specialty Retail,Federal Realty Tenant Roster,Hard Goods,3k-10k,No,No,No,No,Yes,Tenant SF from Federal Realty tenant roster; site plan provided by user.,"4201 W 119th St, Leawood, KS 66209",Town Center Crossing - Site Plan.pdf,https://properties.federalrealty.com/property/Town-Center-Crossing/3314806,
FRT_TOWN_CENTER_CROSSING_KS,Town Center Crossing,Federal Realty Investment Trust,"Leawood, KS",A117,J.Crew,5226,Apparel / Soft Goods,Federal Realty Tenant Roster,Soft Goods,3k-10k,No,No,No,No,Yes,Tenant SF from Federal Realty tenant roster; site plan provided by user.,"4201 W 119th St, Leawood, KS 66209",Town Center Crossing - Site Plan.pdf,https://properties.federalrealty.com/property/Town-Center-Crossing/3314806,
FRT_TOWN_CENTER_CROSSING_KS,Town Center Crossing,Federal Realty Investment Trust,"Leawood, KS",A118,Cold Stone Creamery,815,Restaurant / Food & Beverage,Federal Realty Tenant Roster,Food,0-3k,No,No,No,No,Yes,Tenant SF from Federal Realty tenant roster; site plan provided by user.,"4201 W 119th St, Leawood, KS 66209",Town Center Crossing - Site Plan.pdf,https://properties.federalrealty.com/property/Town-Center-Crossing/3314806,
FRT_TOWN_CENTER_CROSSING_KS,Town Center Crossing,Federal Realty Investment Trust,"Leawood, KS",A119,Kendra Scott,1703,Apparel / Soft Goods,Federal Realty Tenant Roster,Soft Goods,0-3k,No,No,No,No,Yes,Tenant SF from Federal Realty tenant roster; site plan provided by user.,"4201 W 119th St, Leawood, KS 66209",Town Center Crossing - Site Plan.pdf,https://properties.federalrealty.com/property/Town-Center-Crossing/3314806,
FRT_TOWN_CENTER_CROSSING_KS,Town Center Crossing,Federal Realty Investment Trust,"Leawood, KS","A121, A123A",Apple Computer,7999,Hard Goods / Home / Specialty Retail,Federal Realty Tenant Roster,Hard Goods,3k-10k,No,No,No,No,Yes,Tenant SF from Federal Realty tenant roster; site plan provided by user.,"4201 W 119th St, Leawood, KS 66209",Town Center Crossing - Site Plan.pdf,https://properties.federalrealty.com/property/Town-Center-Crossing/3314806,
FRT_TOWN_CENTER_CROSSING_KS,Town Center Crossing,Federal Realty Investment Trust,"Leawood, KS",A123B,Yeti,3396,Hard Goods / Home / Specialty Retail,Federal Realty Tenant Roster,Hard Goods,3k-10k,No,No,No,No,Yes,Tenant SF from Federal Realty tenant roster; site plan provided by user.,"4201 W 119th St, Leawood, KS 66209",Town Center Crossing - Site Plan.pdf,https://properties.federalrealty.com/property/Town-Center-Crossing/3314806,
FRT_TOWN_CENTER_CROSSING_KS,Town Center Crossing,Federal Realty Investment Trust,"Leawood, KS",A125,Roasterie Cafe,1769,Restaurant / Food & Beverage,Federal Realty Tenant Roster,Food,0-3k,No,No,No,No,Yes,Tenant SF from Federal Realty tenant roster; site plan provided by user.,"4201 W 119th St, Leawood, KS 66209",Town Center Crossing - Site Plan.pdf,https://properties.federalrealty.com/property/Town-Center-Crossing/3314806,
FRT_TOWN_CENTER_CROSSING_KS,Town Center Crossing,Federal Realty Investment Trust,"Leawood, KS",A127,Woodhouse Day Spa,4933,Beauty / Personal Service,Federal Realty Tenant Roster,Service,3k-10k,No,No,No,No,Yes,Tenant SF from Federal Realty tenant roster; site plan provided by user.,"4201 W 119th St, Leawood, KS 66209",Town Center Crossing - Site Plan.pdf,https://properties.federalrealty.com/property/Town-Center-Crossing/3314806,
FRT_TOWN_CENTER_CROSSING_KS,Town Center Crossing,Federal Realty Investment Trust,"Leawood, KS",A129,Tecovas,5352,Apparel / Soft Goods,Federal Realty Tenant Roster,Soft Goods,3k-10k,No,No,No,No,Yes,Tenant SF from Federal Realty tenant roster; site plan provided by user.,"4201 W 119th St, Leawood, KS 66209",Town Center Crossing - Site Plan.pdf,https://properties.federalrealty.com/property/Town-Center-Crossing/3314806,
FRT_TOWN_CENTER_CROSSING_KS,Town Center Crossing,Federal Realty Investment Trust,"Leawood, KS",A133,LEGO,4072,Hard Goods / Home / Specialty Retail,Federal Realty Tenant Roster,Hard Goods,3k-10k,No,No,No,No,Yes,Tenant SF from Federal Realty tenant roster; site plan provided by user.,"4201 W 119th St, Leawood, KS 66209",Town Center Crossing - Site Plan.pdf,https://properties.federalrealty.com/property/Town-Center-Crossing/3314806,
FRT_TOWN_CENTER_CROSSING_KS,Town Center Crossing,Federal Realty Investment Trust,"Leawood, KS","A135A, A201",Compass,9945,Real Estate / Office,Federal Realty Tenant Roster,Service,3k-10k,No,No,No,No,Yes,Tenant SF from Federal Realty tenant roster; site plan provided by user.,"4201 W 119th St, Leawood, KS 66209",Town Center Crossing - Site Plan.pdf,https://properties.federalrealty.com/property/Town-Center-Crossing/3314806,
FRT_TOWN_CENTER_CROSSING_KS,Town Center Crossing,Federal Realty Investment Trust,"Leawood, KS",A137A,Fabletics,2348,Apparel / Soft Goods,Federal Realty Tenant Roster,Soft Goods,0-3k,No,No,No,No,Yes,Tenant SF from Federal Realty tenant roster; site plan provided by user.,"4201 W 119th St, Leawood, KS 66209",Town Center Crossing - Site Plan.pdf,https://properties.federalrealty.com/property/Town-Center-Crossing/3314806,
FRT_TOWN_CENTER_CROSSING_KS,Town Center Crossing,Federal Realty Investment Trust,"Leawood, KS",A138,Evereve,7060,Apparel / Soft Goods,Federal Realty Tenant Roster,Soft Goods,3k-10k,No,No,No,No,Yes,Tenant SF from Federal Realty tenant roster; site plan provided by user.,"4201 W 119th St, Leawood, KS 66209",Town Center Crossing - Site Plan.pdf,https://properties.federalrealty.com/property/Town-Center-Crossing/3314806,
FRT_TOWN_CENTER_CROSSING_KS,Town Center Crossing,Federal Realty Investment Trust,"Leawood, KS",A139,Aritzia,13423,Apparel / Soft Goods,Federal Realty Tenant Roster,Soft Goods,10k+,No,No,Yes,Yes,No,Tenant SF from Federal Realty tenant roster; site plan provided by user.,"4201 W 119th St, Leawood, KS 66209",Town Center Crossing - Site Plan.pdf,https://properties.federalrealty.com/property/Town-Center-Crossing/3314806,
FRT_TOWN_CENTER_CROSSING_KS,Town Center Crossing,Federal Realty Investment Trust,"Leawood, KS",A143,Coach,5096,Apparel / Soft Goods,Federal Realty Tenant Roster,Soft Goods,3k-10k,No,No,No,No,Yes,Tenant SF from Federal Realty tenant roster; site plan provided by user.,"4201 W 119th St, Leawood, KS 66209",Town Center Crossing - Site Plan.pdf,https://properties.federalrealty.com/property/Town-Center-Crossing/3314806,
FRT_TOWN_CENTER_CROSSING_KS,Town Center Crossing,Federal Realty Investment Trust,"Leawood, KS",B,Crate & Barrel,33875,Hard Goods / Home / Specialty Retail,Federal Realty Tenant Roster,Hard Goods,10k+,No,No,Yes,Yes,No,Tenant SF from Federal Realty tenant roster; site plan provided by user.,"4201 W 119th St, Leawood, KS 66209",Town Center Crossing - Site Plan.pdf,https://properties.federalrealty.com/property/Town-Center-Crossing/3314806,
FRT_TOWN_CENTER_CROSSING_KS,Town Center Crossing,Federal Realty Investment Trust,"Leawood, KS",C,Sullivan's,8790,Restaurant / Food & Beverage,Federal Realty Tenant Roster,Food,3k-10k,No,No,No,No,Yes,Tenant SF from Federal Realty tenant roster; site plan provided by user.,"4201 W 119th St, Leawood, KS 66209",Town Center Crossing - Site Plan.pdf,https://properties.federalrealty.com/property/Town-Center-Crossing/3314806,
FRT_TOWN_CENTER_CROSSING_KS,Town Center Crossing,Federal Realty Investment Trust,"Leawood, KS",D101,Trader Joe's,12262,Grocery,Federal Realty Tenant Roster,Food,10k+,Yes,No,Yes,Yes,No,Tenant SF from Federal Realty tenant roster; site plan provided by user.,"4201 W 119th St, Leawood, KS 66209",Town Center Crossing - Site Plan.pdf,https://properties.federalrealty.com/property/Town-Center-Crossing/3314806,
FRT_TOWN_CENTER_CROSSING_KS,Town Center Crossing,Federal Realty Investment Trust,"Leawood, KS",D103,Treats Unleashed,2151,Pet Stores,Federal Realty Tenant Roster,Hard Goods,0-3k,No,No,No,No,Yes,Tenant SF from Federal Realty tenant roster; site plan provided by user.,"4201 W 119th St, Leawood, KS 66209",Town Center Crossing - Site Plan.pdf,https://properties.federalrealty.com/property/Town-Center-Crossing/3314806,
FRT_TOWN_CENTER_CROSSING_KS,Town Center Crossing,Federal Realty Investment Trust,"Leawood, KS",D105,Drybar,1637,Beauty / Personal Service,Federal Realty Tenant Roster,Service,0-3k,No,No,No,No,Yes,Tenant SF from Federal Realty tenant roster; site plan provided by user.,"4201 W 119th St, Leawood, KS 66209",Town Center Crossing - Site Plan.pdf,https://properties.federalrealty.com/property/Town-Center-Crossing/3314806,
FRT_TOWN_CENTER_CROSSING_KS,Town Center Crossing,Federal Realty Investment Trust,"Leawood, KS",DS1,Treats Unleashed,390,Pet Stores,Federal Realty Tenant Roster,Hard Goods,0-3k,No,No,No,No,Yes,Tenant SF from Federal Realty tenant roster; site plan provided by user.,"4201 W 119th St, Leawood, KS 66209",Town Center Crossing - Site Plan.pdf,https://properties.federalrealty.com/property/Town-Center-Crossing/3314806,
KRG_CHASTAIN_MARKET_GA,Chastain Market,Kite Realty Group,"Sandy Springs, GA",A120,Trader Joe's,14800,Grocery,Kite Realty site plan,Food,10k+,Yes,No,Yes,Yes,No,Tenant/SF transcribed from Kite Realty market page/site plan PDF provided by user; smaller/unclear labels were omitted or marked as available where shown.,4600 Roswell Rd NE,FS_GA_Chastain-Market_2026-05-12-124324_btnw.pdf,/mnt/data/FS_GA_Chastain-Market_2026-05-12-124324_btnw.pdf,
KRG_CHASTAIN_MARKET_GA,Chastain Market,Kite Realty Group,"Sandy Springs, GA",A110,Books-A-Million,11040,Bookstore,Kite Realty site plan,Hard Goods,10k+,No,No,Yes,No,No,Tenant/SF transcribed from Kite Realty market page/site plan PDF provided by user; smaller/unclear labels were omitted or marked as available where shown.,4600 Roswell Rd NE,FS_GA_Chastain-Market_2026-05-12-124324_btnw.pdf,/mnt/data/FS_GA_Chastain-Market_2026-05-12-124324_btnw.pdf,
KRG_CHASTAIN_MARKET_GA,Chastain Market,Kite Realty Group,"Sandy Springs, GA",F100,CVS,13170,Pharmacy,Kite Realty site plan,Hard Goods,10k+,No,No,Yes,No,No,Tenant/SF transcribed from Kite Realty market page/site plan PDF provided by user; smaller/unclear labels were omitted or marked as available where shown.,4600 Roswell Rd NE,FS_GA_Chastain-Market_2026-05-12-124324_btnw.pdf,/mnt/data/FS_GA_Chastain-Market_2026-05-12-124324_btnw.pdf,
KRG_CHASTAIN_MARKET_GA,Chastain Market,Kite Realty Group,"Sandy Springs, GA",G100,Three Dog Bakery,4092,Restaurant / Food & Beverage,Kite Realty site plan,Food,3k-10k,No,No,No,No,Yes,Tenant/SF transcribed from Kite Realty market page/site plan PDF provided by user; smaller/unclear labels were omitted or marked as available where shown.,4600 Roswell Rd NE,FS_GA_Chastain-Market_2026-05-12-124324_btnw.pdf,/mnt/data/FS_GA_Chastain-Market_2026-05-12-124324_btnw.pdf,
KRG_CHASTAIN_MARKET_GA,Chastain Market,Kite Realty Group,"Sandy Springs, GA",D110,Fish Joint,3000,Restaurant / Food & Beverage,Kite Realty site plan,Food,3k-10k,No,No,No,No,Yes,Tenant/SF transcribed from Kite Realty market page/site plan PDF provided by user; smaller/unclear labels were omitted or marked as available where shown.,4600 Roswell Rd NE,FS_GA_Chastain-Market_2026-05-12-124324_btnw.pdf,/mnt/data/FS_GA_Chastain-Market_2026-05-12-124324_btnw.pdf,
KRG_CHASTAIN_MARKET_GA,Chastain Market,Kite Realty Group,"Sandy Springs, GA",D120,Corks & Caps,1902,Restaurant / Food & Beverage,Kite Realty site plan,Food,0-3k,No,No,No,No,Yes,Tenant/SF transcribed from Kite Realty market page/site plan PDF provided by user; smaller/unclear labels were omitted or marked as available where shown.,4600 Roswell Rd NE,FS_GA_Chastain-Market_2026-05-12-124324_btnw.pdf,/mnt/data/FS_GA_Chastain-Market_2026-05-12-124324_btnw.pdf,
KRG_CHASTAIN_MARKET_GA,Chastain Market,Kite Realty Group,"Sandy Springs, GA",D130,Restore Hyper Wellness,3920,Medical / Health / Education,Kite Realty site plan,Service,3k-10k,No,No,No,No,Yes,Tenant/SF transcribed from Kite Realty market page/site plan PDF provided by user; smaller/unclear labels were omitted or marked as available where shown.,4600 Roswell Rd NE,FS_GA_Chastain-Market_2026-05-12-124324_btnw.pdf,/mnt/data/FS_GA_Chastain-Market_2026-05-12-124324_btnw.pdf,
KRG_CHASTAIN_MARKET_GA,Chastain Market,Kite Realty Group,"Sandy Springs, GA",D140,Salon Lofts,3548,Beauty / Personal Service,Kite Realty site plan,Service,3k-10k,No,No,No,No,Yes,Tenant/SF transcribed from Kite Realty market page/site plan PDF provided by user; smaller/unclear labels were omitted or marked as available where shown.,4600 Roswell Rd NE,FS_GA_Chastain-Market_2026-05-12-124324_btnw.pdf,/mnt/data/FS_GA_Chastain-Market_2026-05-12-124324_btnw.pdf,
KRG_CHASTAIN_MARKET_GA,Chastain Market,Kite Realty Group,"Sandy Springs, GA",D200,Genesis Career Group,5332,Office / Finance / Service,Kite Realty site plan,Service,3k-10k,No,No,No,No,Yes,Tenant/SF transcribed from Kite Realty market page/site plan PDF provided by user; smaller/unclear labels were omitted or marked as available where shown.,4600 Roswell Rd NE,FS_GA_Chastain-Market_2026-05-12-124324_btnw.pdf,/mnt/data/FS_GA_Chastain-Market_2026-05-12-124324_btnw.pdf,
KRG_CHASTAIN_MARKET_GA,Chastain Market,Kite Realty Group,"Sandy Springs, GA",D205,Available,1986,Available,Kite Realty site plan,Vacancy,0-3k,No,Yes,No,No,Yes,Tenant/SF transcribed from Kite Realty market page/site plan PDF provided by user; smaller/unclear labels were omitted or marked as available where shown.,4600 Roswell Rd NE,FS_GA_Chastain-Market_2026-05-12-124324_btnw.pdf,/mnt/data/FS_GA_Chastain-Market_2026-05-12-124324_btnw.pdf,
KRG_CHASTAIN_MARKET_GA,Chastain Market,Kite Realty Group,"Sandy Springs, GA",D210,Law Office,3578,Office / Finance / Service,Kite Realty site plan,Service,3k-10k,No,No,No,No,Yes,Tenant/SF transcribed from Kite Realty market page/site plan PDF provided by user; smaller/unclear labels were omitted or marked as available where shown.,4600 Roswell Rd NE,FS_GA_Chastain-Market_2026-05-12-124324_btnw.pdf,/mnt/data/FS_GA_Chastain-Market_2026-05-12-124324_btnw.pdf,
KRG_CHASTAIN_MARKET_GA,Chastain Market,Kite Realty Group,"Sandy Springs, GA",D220,Moder Financial,3763,Office / Finance / Service,Kite Realty site plan,Service,3k-10k,No,No,No,No,Yes,Tenant/SF transcribed from Kite Realty market page/site plan PDF provided by user; smaller/unclear labels were omitted or marked as available where shown.,4600 Roswell Rd NE,FS_GA_Chastain-Market_2026-05-12-124324_btnw.pdf,/mnt/data/FS_GA_Chastain-Market_2026-05-12-124324_btnw.pdf,
KRG_CHASTAIN_MARKET_GA,Chastain Market,Kite Realty Group,"Sandy Springs, GA",E200,United Community Bank,3680,Office / Finance / Service,Kite Realty site plan,Service,3k-10k,No,No,No,No,Yes,Tenant/SF transcribed from Kite Realty market page/site plan PDF provided by user; smaller/unclear labels were omitted or marked as available where shown.,4600 Roswell Rd NE,FS_GA_Chastain-Market_2026-05-12-124324_btnw.pdf,/mnt/data/FS_GA_Chastain-Market_2026-05-12-124324_btnw.pdf,
KRG_CHASTAIN_MARKET_GA,Chastain Market,Kite Realty Group,"Sandy Springs, GA",E110,Taka Sushi,2040,Restaurant / Food & Beverage,Kite Realty site plan,Food,0-3k,No,No,No,No,Yes,Tenant/SF transcribed from Kite Realty market page/site plan PDF provided by user; smaller/unclear labels were omitted or marked as available where shown.,4600 Roswell Rd NE,FS_GA_Chastain-Market_2026-05-12-124324_btnw.pdf,/mnt/data/FS_GA_Chastain-Market_2026-05-12-124324_btnw.pdf,
KRG_CHASTAIN_MARKET_GA,Chastain Market,Kite Realty Group,"Sandy Springs, GA",E120,Rush Bowls,1816,Restaurant / Food & Beverage,Kite Realty site plan,Food,0-3k,No,No,No,No,Yes,Tenant/SF transcribed from Kite Realty market page/site plan PDF provided by user; smaller/unclear labels were omitted or marked as available where shown.,4600 Roswell Rd NE,FS_GA_Chastain-Market_2026-05-12-124324_btnw.pdf,/mnt/data/FS_GA_Chastain-Market_2026-05-12-124324_btnw.pdf,
KRG_CHASTAIN_MARKET_GA,Chastain Market,Kite Realty Group,"Sandy Springs, GA",E130,Athletico Physical Therapy,1940,Medical / Health / Education,Kite Realty site plan,Service,0-3k,No,No,No,No,Yes,Tenant/SF transcribed from Kite Realty market page/site plan PDF provided by user; smaller/unclear labels were omitted or marked as available where shown.,4600 Roswell Rd NE,FS_GA_Chastain-Market_2026-05-12-124324_btnw.pdf,/mnt/data/FS_GA_Chastain-Market_2026-05-12-124324_btnw.pdf,
KRG_CHASTAIN_MARKET_GA,Chastain Market,Kite Realty Group,"Sandy Springs, GA",E140,Lash Studio,866,Beauty / Personal Service,Kite Realty site plan,Service,0-3k,No,No,No,No,Yes,Tenant/SF transcribed from Kite Realty market page/site plan PDF provided by user; smaller/unclear labels were omitted or marked as available where shown.,4600 Roswell Rd NE,FS_GA_Chastain-Market_2026-05-12-124324_btnw.pdf,/mnt/data/FS_GA_Chastain-Market_2026-05-12-124324_btnw.pdf,
KRG_CHASTAIN_MARKET_GA,Chastain Market,Kite Realty Group,"Sandy Springs, GA",E150,Alloy Personal Training,4234,Fitness,Kite Realty site plan,Service,3k-10k,No,No,No,No,Yes,Tenant/SF transcribed from Kite Realty market page/site plan PDF provided by user; smaller/unclear labels were omitted or marked as available where shown.,4600 Roswell Rd NE,FS_GA_Chastain-Market_2026-05-12-124324_btnw.pdf,/mnt/data/FS_GA_Chastain-Market_2026-05-12-124324_btnw.pdf,
KRG_CHASTAIN_MARKET_GA,Chastain Market,Kite Realty Group,"Sandy Springs, GA",C110,Pvolve,3580,Fitness,Kite Realty site plan,Service,3k-10k,No,No,No,No,Yes,Tenant/SF transcribed from Kite Realty market page/site plan PDF provided by user; smaller/unclear labels were omitted or marked as available where shown.,4600 Roswell Rd NE,FS_GA_Chastain-Market_2026-05-12-124324_btnw.pdf,/mnt/data/FS_GA_Chastain-Market_2026-05-12-124324_btnw.pdf,
KRG_CHASTAIN_MARKET_GA,Chastain Market,Kite Realty Group,"Sandy Springs, GA",C120,Pacific Dental,2970,Medical / Health / Education,Kite Realty site plan,Service,0-3k,No,No,No,No,Yes,Tenant/SF transcribed from Kite Realty market page/site plan PDF provided by user; smaller/unclear labels were omitted or marked as available where shown.,4600 Roswell Rd NE,FS_GA_Chastain-Market_2026-05-12-124324_btnw.pdf,/mnt/data/FS_GA_Chastain-Market_2026-05-12-124324_btnw.pdf,
KRG_CHASTAIN_MARKET_GA,Chastain Market,Kite Realty Group,"Sandy Springs, GA",B150,Piedmont Healthcare,4500,Medical / Health / Education,Kite Realty site plan,Service,3k-10k,No,No,No,No,Yes,Tenant/SF transcribed from Kite Realty market page/site plan PDF provided by user; smaller/unclear labels were omitted or marked as available where shown.,4600 Roswell Rd NE,FS_GA_Chastain-Market_2026-05-12-124324_btnw.pdf,/mnt/data/FS_GA_Chastain-Market_2026-05-12-124324_btnw.pdf,
KRG_CHASTAIN_MARKET_GA,Chastain Market,Kite Realty Group,"Sandy Springs, GA",B130,Alcove Aesthetics,2789,Beauty / Personal Service,Kite Realty site plan,Service,0-3k,No,No,No,No,Yes,Tenant/SF transcribed from Kite Realty market page/site plan PDF provided by user; smaller/unclear labels were omitted or marked as available where shown.,4600 Roswell Rd NE,FS_GA_Chastain-Market_2026-05-12-124324_btnw.pdf,/mnt/data/FS_GA_Chastain-Market_2026-05-12-124324_btnw.pdf,
KRG_CHASTAIN_MARKET_GA,Chastain Market,Kite Realty Group,"Sandy Springs, GA",B110,Allure Nails,2240,Beauty / Personal Service,Kite Realty site plan,Service,0-3k,No,No,No,No,Yes,Tenant/SF transcribed from Kite Realty market page/site plan PDF provided by user; smaller/unclear labels were omitted or marked as available where shown.,4600 Roswell Rd NE,FS_GA_Chastain-Market_2026-05-12-124324_btnw.pdf,/mnt/data/FS_GA_Chastain-Market_2026-05-12-124324_btnw.pdf,
KRG_CHASTAIN_MARKET_GA,Chastain Market,Kite Realty Group,"Sandy Springs, GA",C104,MBB / restaurant tenant,3276,Restaurant / Food & Beverage,Kite Realty site plan,Food,3k-10k,No,No,No,No,Yes,Tenant/SF transcribed from Kite Realty market page/site plan PDF provided by user; smaller/unclear labels were omitted or marked as available where shown.,4600 Roswell Rd NE,FS_GA_Chastain-Market_2026-05-12-124324_btnw.pdf,/mnt/data/FS_GA_Chastain-Market_2026-05-12-124324_btnw.pdf,
KRG_EDDY_STREET_COMMONS_IN,Eddy Street Commons,Kite Realty Group,"South Bend, IN",001,Trader Joe's,12374,Grocery,Kite Realty site plan,Food,10k+,Yes,No,Yes,Yes,No,Tenant/SF transcribed from Kite Realty market page/site plan PDF provided by user; smaller/unclear labels were omitted or marked as available where shown.,"1234 Eddy Street, Suite 115",FS_IN_Eddy-Street-Commons_2026-06-10-163236_pehy.pdf,/mnt/data/FS_IN_Eddy-Street-Commons_2026-06-10-163236_pehy.pdf,
KRG_EDDY_STREET_COMMONS_IN,Eddy Street Commons,Kite Realty Group,"South Bend, IN",B101,Hammes Notre Dame Bookstore,20154,Bookstore,Kite Realty site plan,Hard Goods,10k+,No,No,Yes,No,No,Tenant/SF transcribed from Kite Realty market page/site plan PDF provided by user; smaller/unclear labels were omitted or marked as available where shown.,"1234 Eddy Street, Suite 115",FS_IN_Eddy-Street-Commons_2026-06-10-163236_pehy.pdf,/mnt/data/FS_IN_Eddy-Street-Commons_2026-06-10-163236_pehy.pdf,
KRG_EDDY_STREET_COMMONS_IN,Eddy Street Commons,Kite Realty Group,"South Bend, IN",B109,Bru Burger Bar,2405,Restaurant / Food & Beverage,Kite Realty site plan,Food,0-3k,No,No,No,No,Yes,Tenant/SF transcribed from Kite Realty market page/site plan PDF provided by user; smaller/unclear labels were omitted or marked as available where shown.,"1234 Eddy Street, Suite 115",FS_IN_Eddy-Street-Commons_2026-06-10-163236_pehy.pdf,/mnt/data/FS_IN_Eddy-Street-Commons_2026-06-10-163236_pehy.pdf,
KRG_EDDY_STREET_COMMONS_IN,Eddy Street Commons,Kite Realty Group,"South Bend, IN",B107,JINYA Ramen Bar,1601,Restaurant / Food & Beverage,Kite Realty site plan,Food,0-3k,No,No,No,No,Yes,Tenant/SF transcribed from Kite Realty market page/site plan PDF provided by user; smaller/unclear labels were omitted or marked as available where shown.,"1234 Eddy Street, Suite 115",FS_IN_Eddy-Street-Commons_2026-06-10-163236_pehy.pdf,/mnt/data/FS_IN_Eddy-Street-Commons_2026-06-10-163236_pehy.pdf,
KRG_EDDY_STREET_COMMONS_IN,Eddy Street Commons,Kite Realty Group,"South Bend, IN",B124,Five Guys,2793,Restaurant / Food & Beverage,Kite Realty site plan,Food,0-3k,No,No,No,No,Yes,Tenant/SF transcribed from Kite Realty market page/site plan PDF provided by user; smaller/unclear labels were omitted or marked as available where shown.,"1234 Eddy Street, Suite 115",FS_IN_Eddy-Street-Commons_2026-06-10-163236_pehy.pdf,/mnt/data/FS_IN_Eddy-Street-Commons_2026-06-10-163236_pehy.pdf,
KRG_EDDY_STREET_COMMONS_IN,Eddy Street Commons,Kite Realty Group,"South Bend, IN",B125,Chipotle,7785,Restaurant / Food & Beverage,Kite Realty site plan,Food,3k-10k,No,No,No,No,Yes,Tenant/SF transcribed from Kite Realty market page/site plan PDF provided by user; smaller/unclear labels were omitted or marked as available where shown.,"1234 Eddy Street, Suite 115",FS_IN_Eddy-Street-Commons_2026-06-10-163236_pehy.pdf,/mnt/data/FS_IN_Eddy-Street-Commons_2026-06-10-163236_pehy.pdf,
KRG_EDDY_STREET_COMMONS_IN,Eddy Street Commons,Kite Realty Group,"South Bend, IN",B111A,CAVA,4957,Restaurant / Food & Beverage,Kite Realty site plan,Food,3k-10k,No,No,No,No,Yes,Tenant/SF transcribed from Kite Realty market page/site plan PDF provided by user; smaller/unclear labels were omitted or marked as available where shown.,"1234 Eddy Street, Suite 115",FS_IN_Eddy-Street-Commons_2026-06-10-163236_pehy.pdf,/mnt/data/FS_IN_Eddy-Street-Commons_2026-06-10-163236_pehy.pdf,
KRG_EDDY_STREET_COMMONS_IN,Eddy Street Commons,Kite Realty Group,"South Bend, IN",C104,Available,3022,Available,Kite Realty site plan,Vacancy,3k-10k,No,Yes,No,No,Yes,Tenant/SF transcribed from Kite Realty market page/site plan PDF provided by user; smaller/unclear labels were omitted or marked as available where shown.,"1234 Eddy Street, Suite 115",FS_IN_Eddy-Street-Commons_2026-06-10-163236_pehy.pdf,/mnt/data/FS_IN_Eddy-Street-Commons_2026-06-10-163236_pehy.pdf,
KRG_EDDY_STREET_COMMONS_IN,Eddy Street Commons,Kite Realty Group,"South Bend, IN",C108,Purely Pressed,1502,Other,Kite Realty site plan,Other,0-3k,No,No,No,No,Yes,Tenant/SF transcribed from Kite Realty market page/site plan PDF provided by user; smaller/unclear labels were omitted or marked as available where shown.,"1234 Eddy Street, Suite 115",FS_IN_Eddy-Street-Commons_2026-06-10-163236_pehy.pdf,/mnt/data/FS_IN_Eddy-Street-Commons_2026-06-10-163236_pehy.pdf,
KRG_EDDY_STREET_COMMONS_IN,Eddy Street Commons,Kite Realty Group,"South Bend, IN",A101,Murphyâ€™s / restaurant tenant,4927,Restaurant / Food & Beverage,Kite Realty site plan,Food,3k-10k,No,No,No,No,Yes,Tenant/SF transcribed from Kite Realty market page/site plan PDF provided by user; smaller/unclear labels were omitted or marked as available where shown.,"1234 Eddy Street, Suite 115",FS_IN_Eddy-Street-Commons_2026-06-10-163236_pehy.pdf,/mnt/data/FS_IN_Eddy-Street-Commons_2026-06-10-163236_pehy.pdf,
KRG_EDDY_STREET_COMMONS_IN,Eddy Street Commons,Kite Realty Group,"South Bend, IN",103B,CAVA / food tenant,4580,Restaurant / Food & Beverage,Kite Realty site plan,Food,3k-10k,No,No,No,No,Yes,Tenant/SF transcribed from Kite Realty market page/site plan PDF provided by user; smaller/unclear labels were omitted or marked as available where shown.,"1234 Eddy Street, Suite 115",FS_IN_Eddy-Street-Commons_2026-06-10-163236_pehy.pdf,/mnt/data/FS_IN_Eddy-Street-Commons_2026-06-10-163236_pehy.pdf,
KRG_EDDY_STREET_COMMONS_IN,Eddy Street Commons,Kite Realty Group,"South Bend, IN",100,Hammes Bookstore / retail tenant,5498,Bookstore,Kite Realty site plan,Hard Goods,3k-10k,No,No,No,No,Yes,Tenant/SF transcribed from Kite Realty market page/site plan PDF provided by user; smaller/unclear labels were omitted or marked as available where shown.,"1234 Eddy Street, Suite 115",FS_IN_Eddy-Street-Commons_2026-06-10-163236_pehy.pdf,/mnt/data/FS_IN_Eddy-Street-Commons_2026-06-10-163236_pehy.pdf,
KRG_EDDY_STREET_COMMONS_IN,Eddy Street Commons,Kite Realty Group,"South Bend, IN",100B,Retail Tenant,2702,Other,Kite Realty site plan,Other,0-3k,No,No,No,No,Yes,Tenant/SF transcribed from Kite Realty market page/site plan PDF provided by user; smaller/unclear labels were omitted or marked as available where shown.,"1234 Eddy Street, Suite 115",FS_IN_Eddy-Street-Commons_2026-06-10-163236_pehy.pdf,/mnt/data/FS_IN_Eddy-Street-Commons_2026-06-10-163236_pehy.pdf,
KRG_EDDY_STREET_COMMONS_IN,Eddy Street Commons,Kite Realty Group,"South Bend, IN",002,Retail Tenant,2182,Other,Kite Realty site plan,Other,0-3k,No,No,No,No,Yes,Tenant/SF transcribed from Kite Realty market page/site plan PDF provided by user; smaller/unclear labels were omitted or marked as available where shown.,"1234 Eddy Street, Suite 115",FS_IN_Eddy-Street-Commons_2026-06-10-163236_pehy.pdf,/mnt/data/FS_IN_Eddy-Street-Commons_2026-06-10-163236_pehy.pdf,
KRG_EDDY_STREET_COMMONS_IN,Eddy Street Commons,Kite Realty Group,"South Bend, IN",003,Retail Tenant,1997,Other,Kite Realty site plan,Other,0-3k,No,No,No,No,Yes,Tenant/SF transcribed from Kite Realty market page/site plan PDF provided by user; smaller/unclear labels were omitted or marked as available where shown.,"1234 Eddy Street, Suite 115",FS_IN_Eddy-Street-Commons_2026-06-10-163236_pehy.pdf,/mnt/data/FS_IN_Eddy-Street-Commons_2026-06-10-163236_pehy.pdf,
KRG_EASTGATE_CROSSING_NC,Eastgate Crossing,Kite Realty Group,"Chapel Hill, NC",029,Trader Joe's,13000,Grocery,Kite Realty site plan,Food,10k+,Yes,No,Yes,Yes,No,Tenant/SF transcribed from Kite Realty market page/site plan PDF provided by user; smaller/unclear labels were omitted or marked as available where shown.,1800 E. Franklin Street,FS_NC_Eastgate-Crossing_2026-06-22-131920_vxxq.pdf,/mnt/data/FS_NC_Eastgate-Crossing_2026-06-22-131920_vxxq.pdf,
KRG_EASTGATE_CROSSING_NC,Eastgate Crossing,Kite Realty Group,"Chapel Hill, NC",029B,Ulta Beauty,9823,Soft Goods / Apparel,Kite Realty site plan,Soft Goods,3k-10k,No,No,No,No,Yes,Tenant/SF transcribed from Kite Realty market page/site plan PDF provided by user; smaller/unclear labels were omitted or marked as available where shown.,1800 E. Franklin Street,FS_NC_Eastgate-Crossing_2026-06-22-131920_vxxq.pdf,/mnt/data/FS_NC_Eastgate-Crossing_2026-06-22-131920_vxxq.pdf,
KRG_EASTGATE_CROSSING_NC,Eastgate Crossing,Kite Realty Group,"Chapel Hill, NC",014,Aldi,24884,Grocery,Kite Realty site plan,Food,10k+,Yes,No,Yes,Yes,No,Tenant/SF transcribed from Kite Realty market page/site plan PDF provided by user; smaller/unclear labels were omitted or marked as available where shown.,1800 E. Franklin Street,FS_NC_Eastgate-Crossing_2026-06-22-131920_vxxq.pdf,/mnt/data/FS_NC_Eastgate-Crossing_2026-06-22-131920_vxxq.pdf,
KRG_EASTGATE_CROSSING_NC,Eastgate Crossing,Kite Realty Group,"Chapel Hill, NC",019,Petco,10772,Pet Stores,Kite Realty site plan,Hard Goods,10k+,No,No,Yes,No,No,Tenant/SF transcribed from Kite Realty market page/site plan PDF provided by user; smaller/unclear labels were omitted or marked as available where shown.,1800 E. Franklin Street,FS_NC_Eastgate-Crossing_2026-06-22-131920_vxxq.pdf,/mnt/data/FS_NC_Eastgate-Crossing_2026-06-22-131920_vxxq.pdf,
KRG_EASTGATE_CROSSING_NC,Eastgate Crossing,Kite Realty Group,"Chapel Hill, NC",018A,J.Crew Factory,4410,Soft Goods / Apparel,Kite Realty site plan,Soft Goods,3k-10k,No,No,No,No,Yes,Tenant/SF transcribed from Kite Realty market page/site plan PDF provided by user; smaller/unclear labels were omitted or marked as available where shown.,1800 E. Franklin Street,FS_NC_Eastgate-Crossing_2026-06-22-131920_vxxq.pdf,/mnt/data/FS_NC_Eastgate-Crossing_2026-06-22-131920_vxxq.pdf,
KRG_EASTGATE_CROSSING_NC,Eastgate Crossing,Kite Realty Group,"Chapel Hill, NC",003,Shake Shack,4200,Restaurant / Food & Beverage,Kite Realty site plan,Food,3k-10k,No,No,No,No,Yes,Tenant/SF transcribed from Kite Realty market page/site plan PDF provided by user; smaller/unclear labels were omitted or marked as available where shown.,1800 E. Franklin Street,FS_NC_Eastgate-Crossing_2026-06-22-131920_vxxq.pdf,/mnt/data/FS_NC_Eastgate-Crossing_2026-06-22-131920_vxxq.pdf,
KRG_EASTGATE_CROSSING_NC,Eastgate Crossing,Kite Realty Group,"Chapel Hill, NC",006,Chipotle,1147,Restaurant / Food & Beverage,Kite Realty site plan,Food,0-3k,No,No,No,No,Yes,Tenant/SF transcribed from Kite Realty market page/site plan PDF provided by user; smaller/unclear labels were omitted or marked as available where shown.,1800 E. Franklin Street,FS_NC_Eastgate-Crossing_2026-06-22-131920_vxxq.pdf,/mnt/data/FS_NC_Eastgate-Crossing_2026-06-22-131920_vxxq.pdf,
KRG_EASTGATE_CROSSING_NC,Eastgate Crossing,Kite Realty Group,"Chapel Hill, NC",005,Club Pilates,3542,Fitness,Kite Realty site plan,Service,3k-10k,No,No,No,No,Yes,Tenant/SF transcribed from Kite Realty market page/site plan PDF provided by user; smaller/unclear labels were omitted or marked as available where shown.,1800 E. Franklin Street,FS_NC_Eastgate-Crossing_2026-06-22-131920_vxxq.pdf,/mnt/data/FS_NC_Eastgate-Crossing_2026-06-22-131920_vxxq.pdf,
KRG_EASTGATE_CROSSING_NC,Eastgate Crossing,Kite Realty Group,"Chapel Hill, NC",020B,Twisted Noodles,1858,Restaurant / Food & Beverage,Kite Realty site plan,Food,0-3k,No,No,No,No,Yes,Tenant/SF transcribed from Kite Realty market page/site plan PDF provided by user; smaller/unclear labels were omitted or marked as available where shown.,1800 E. Franklin Street,FS_NC_Eastgate-Crossing_2026-06-22-131920_vxxq.pdf,/mnt/data/FS_NC_Eastgate-Crossing_2026-06-22-131920_vxxq.pdf,
KRG_EASTGATE_CROSSING_NC,Eastgate Crossing,Kite Realty Group,"Chapel Hill, NC",021,Rose Nails,1567,Beauty / Personal Service,Kite Realty site plan,Service,0-3k,No,No,No,No,Yes,Tenant/SF transcribed from Kite Realty market page/site plan PDF provided by user; smaller/unclear labels were omitted or marked as available where shown.,1800 E. Franklin Street,FS_NC_Eastgate-Crossing_2026-06-22-131920_vxxq.pdf,/mnt/data/FS_NC_Eastgate-Crossing_2026-06-22-131920_vxxq.pdf,
KRG_EASTGATE_CROSSING_NC,Eastgate Crossing,Kite Realty Group,"Chapel Hill, NC",026A,Olmaz Jewelers,1555,Other,Kite Realty site plan,Other,0-3k,No,No,No,No,Yes,Tenant/SF transcribed from Kite Realty market page/site plan PDF provided by user; smaller/unclear labels were omitted or marked as available where shown.,1800 E. Franklin Street,FS_NC_Eastgate-Crossing_2026-06-22-131920_vxxq.pdf,/mnt/data/FS_NC_Eastgate-Crossing_2026-06-22-131920_vxxq.pdf,
KRG_EASTGATE_CROSSING_NC,Eastgate Crossing,Kite Realty Group,"Chapel Hill, NC",023,McPherson Cleaners,525,Other,Kite Realty site plan,Other,0-3k,No,No,No,No,Yes,Tenant/SF transcribed from Kite Realty market page/site plan PDF provided by user; smaller/unclear labels were omitted or marked as available where shown.,1800 E. Franklin Street,FS_NC_Eastgate-Crossing_2026-06-22-131920_vxxq.pdf,/mnt/data/FS_NC_Eastgate-Crossing_2026-06-22-131920_vxxq.pdf,
KRG_EASTGATE_CROSSING_NC,Eastgate Crossing,Kite Realty Group,"Chapel Hill, NC",026,Available,933,Available,Kite Realty site plan,Vacancy,0-3k,No,Yes,No,No,Yes,Tenant/SF transcribed from Kite Realty market page/site plan PDF provided by user; smaller/unclear labels were omitted or marked as available where shown.,1800 E. Franklin Street,FS_NC_Eastgate-Crossing_2026-06-22-131920_vxxq.pdf,/mnt/data/FS_NC_Eastgate-Crossing_2026-06-22-131920_vxxq.pdf,
KRG_EASTGATE_CROSSING_NC,Eastgate Crossing,Kite Realty Group,"Chapel Hill, NC",020A,Available,1350,Available,Kite Realty site plan,Vacancy,0-3k,No,Yes,No,No,Yes,Tenant/SF transcribed from Kite Realty market page/site plan PDF provided by user; smaller/unclear labels were omitted or marked as available where shown.,1800 E. Franklin Street,FS_NC_Eastgate-Crossing_2026-06-22-131920_vxxq.pdf,/mnt/data/FS_NC_Eastgate-Crossing_2026-06-22-131920_vxxq.pdf,
KRG_EASTGATE_CROSSING_NC,Eastgate Crossing,Kite Realty Group,"Chapel Hill, NC",017,Available,11127,Available,Kite Realty site plan,Vacancy,10k+,No,Yes,Yes,No,No,Tenant/SF transcribed from Kite Realty market page/site plan PDF provided by user; smaller/unclear labels were omitted or marked as available where shown.,1800 E. Franklin Street,FS_NC_Eastgate-Crossing_2026-06-22-131920_vxxq.pdf,/mnt/data/FS_NC_Eastgate-Crossing_2026-06-22-131920_vxxq.pdf,
KRG_EASTGATE_CROSSING_NC,Eastgate Crossing,Kite Realty Group,"Chapel Hill, NC",001A,Available,6950,Available,Kite Realty site plan,Vacancy,3k-10k,No,Yes,No,No,Yes,Tenant/SF transcribed from Kite Realty market page/site plan PDF provided by user; smaller/unclear labels were omitted or marked as available where shown.,1800 E. Franklin Street,FS_NC_Eastgate-Crossing_2026-06-22-131920_vxxq.pdf,/mnt/data/FS_NC_Eastgate-Crossing_2026-06-22-131920_vxxq.pdf,
KRG_EASTGATE_CROSSING_NC,Eastgate Crossing,Kite Realty Group,"Chapel Hill, NC",008,Available,3700,Available,Kite Realty site plan,Vacancy,3k-10k,No,Yes,No,No,Yes,Tenant/SF transcribed from Kite Realty market page/site plan PDF provided by user; smaller/unclear labels were omitted or marked as available where shown.,1800 E. Franklin Street,FS_NC_Eastgate-Crossing_2026-06-22-131920_vxxq.pdf,/mnt/data/FS_NC_Eastgate-Crossing_2026-06-22-131920_vxxq.pdf,
KRG_EASTGATE_CROSSING_NC,Eastgate Crossing,Kite Realty Group,"Chapel Hill, NC",010,Available,2233,Available,Kite Realty site plan,Vacancy,0-3k,No,Yes,No,No,Yes,Tenant/SF transcribed from Kite Realty market page/site plan PDF provided by user; smaller/unclear labels were omitted or marked as available where shown.,1800 E. Franklin Street,FS_NC_Eastgate-Crossing_2026-06-22-131920_vxxq.pdf,/mnt/data/FS_NC_Eastgate-Crossing_2026-06-22-131920_vxxq.pdf,
KRG_EASTGATE_CROSSING_NC,Eastgate Crossing,Kite Realty Group,"Chapel Hill, NC",011B,Available,2448,Available,Kite Realty site plan,Vacancy,0-3k,No,Yes,No,No,Yes,Tenant/SF transcribed from Kite Realty market page/site plan PDF provided by user; smaller/unclear labels were omitted or marked as available where shown.,1800 E. Franklin Street,FS_NC_Eastgate-Crossing_2026-06-22-131920_vxxq.pdf,/mnt/data/FS_NC_Eastgate-Crossing_2026-06-22-131920_vxxq.pdf,
KRG_EASTGATE_CROSSING_NC,Eastgate Crossing,Kite Realty Group,"Chapel Hill, NC",A,Available,2262,Available,Kite Realty site plan,Vacancy,0-3k,No,Yes,No,No,Yes,Tenant/SF transcribed from Kite Realty market page/site plan PDF provided by user; smaller/unclear labels were omitted or marked as available where shown.,1800 E. Franklin Street,FS_NC_Eastgate-Crossing_2026-06-22-131920_vxxq.pdf,/mnt/data/FS_NC_Eastgate-Crossing_2026-06-22-131920_vxxq.pdf,
KRG_EASTGATE_CROSSING_NC,Eastgate Crossing,Kite Realty Group,"Chapel Hill, NC",B,Available,1927,Available,Kite Realty site plan,Vacancy,0-3k,No,Yes,No,No,Yes,Tenant/SF transcribed from Kite Realty market page/site plan PDF provided by user; smaller/unclear labels were omitted or marked as available where shown.,1800 E. Franklin Street,FS_NC_Eastgate-Crossing_2026-06-22-131920_vxxq.pdf,/mnt/data/FS_NC_Eastgate-Crossing_2026-06-22-131920_vxxq.pdf,
KRG_ROYAL_OAKS_VILLAGE_II_TX,Royal Oaks Village II,Kite Realty Group,"Houston, TX",III-1,Trader Joe's,12292,Grocery,Kite Realty site plan,Food,10k+,Yes,No,Yes,Yes,No,Tenant/SF transcribed from Kite Realty market page/site plan PDF provided by user; smaller/unclear labels were omitted or marked as available where shown.,11683 Westheimer Road,FS_TX_Royal-Oaks-Village-II_2026-04-22-172333_vwex.pdf,/mnt/data/FS_TX_Royal-Oaks-Village-II_2026-04-22-172333_vwex.pdf,
KRG_ROYAL_OAKS_VILLAGE_II_TX,Royal Oaks Village II,Kite Realty Group,"Houston, TX",II-14,Kohl's,,Soft Goods / Apparel,Kite Realty site plan,Soft Goods,,No,No,No,No,,Tenant/SF transcribed from Kite Realty market page/site plan PDF provided by user; smaller/unclear labels were omitted or marked as available where shown.,11683 Westheimer Road,FS_TX_Royal-Oaks-Village-II_2026-04-22-172333_vwex.pdf,/mnt/data/FS_TX_Royal-Oaks-Village-II_2026-04-22-172333_vwex.pdf,
KRG_ROYAL_OAKS_VILLAGE_II_TX,Royal Oaks Village II,Kite Realty Group,"Houston, TX",II-11,Available,26334,Available,Kite Realty site plan,Vacancy,10k+,No,Yes,Yes,No,No,Tenant/SF transcribed from Kite Realty market page/site plan PDF provided by user; smaller/unclear labels were omitted or marked as available where shown.,11683 Westheimer Road,FS_TX_Royal-Oaks-Village-II_2026-04-22-172333_vwex.pdf,/mnt/data/FS_TX_Royal-Oaks-Village-II_2026-04-22-172333_vwex.pdf,
KRG_ROYAL_OAKS_VILLAGE_II_TX,Royal Oaks Village II,Kite Realty Group,"Houston, TX",II-12,Umi Sushi & Seafood Buffet,7444,Restaurant / Food & Beverage,Kite Realty site plan,Food,3k-10k,No,No,No,No,Yes,Tenant/SF transcribed from Kite Realty market page/site plan PDF provided by user; smaller/unclear labels were omitted or marked as available where shown.,11683 Westheimer Road,FS_TX_Royal-Oaks-Village-II_2026-04-22-172333_vwex.pdf,/mnt/data/FS_TX_Royal-Oaks-Village-II_2026-04-22-172333_vwex.pdf,
KRG_ROYAL_OAKS_VILLAGE_II_TX,Royal Oaks Village II,Kite Realty Group,"Houston, TX",II-5,Touchstone Infusion,11783,Medical / Health / Education,Kite Realty site plan,Service,10k+,No,No,Yes,No,No,Tenant/SF transcribed from Kite Realty market page/site plan PDF provided by user; smaller/unclear labels were omitted or marked as available where shown.,11683 Westheimer Road,FS_TX_Royal-Oaks-Village-II_2026-04-22-172333_vwex.pdf,/mnt/data/FS_TX_Royal-Oaks-Village-II_2026-04-22-172333_vwex.pdf,
KRG_ROYAL_OAKS_VILLAGE_II_TX,Royal Oaks Village II,Kite Realty Group,"Houston, TX",II-1,Fitness Connection,11810,Fitness,Kite Realty site plan,Service,10k+,No,No,Yes,No,No,Tenant/SF transcribed from Kite Realty market page/site plan PDF provided by user; smaller/unclear labels were omitted or marked as available where shown.,11683 Westheimer Road,FS_TX_Royal-Oaks-Village-II_2026-04-22-172333_vwex.pdf,/mnt/data/FS_TX_Royal-Oaks-Village-II_2026-04-22-172333_vwex.pdf,
KRG_ROYAL_OAKS_VILLAGE_II_TX,Royal Oaks Village II,Kite Realty Group,"Houston, TX",II-16,Capital One,,Office / Finance / Service,Kite Realty site plan,Service,,No,No,No,No,,Tenant/SF transcribed from Kite Realty market page/site plan PDF provided by user; smaller/unclear labels were omitted or marked as available where shown.,11683 Westheimer Road,FS_TX_Royal-Oaks-Village-II_2026-04-22-172333_vwex.pdf,/mnt/data/FS_TX_Royal-Oaks-Village-II_2026-04-22-172333_vwex.pdf,
KRG_ROYAL_OAKS_VILLAGE_II_TX,Royal Oaks Village II,Kite Realty Group,"Houston, TX",II-15,Image Salon Studios,,Beauty / Personal Service,Kite Realty site plan,Service,,No,No,No,No,,Tenant/SF transcribed from Kite Realty market page/site plan PDF provided by user; smaller/unclear labels were omitted or marked as available where shown.,11683 Westheimer Road,FS_TX_Royal-Oaks-Village-II_2026-04-22-172333_vwex.pdf,/mnt/data/FS_TX_Royal-Oaks-Village-II_2026-04-22-172333_vwex.pdf,
KRG_ROYAL_OAKS_VILLAGE_II_TX,Royal Oaks Village II,Kite Realty Group,"Houston, TX",II-3,Available,1050,Available,Kite Realty site plan,Vacancy,0-3k,No,Yes,No,No,Yes,Tenant/SF transcribed from Kite Realty market page/site plan PDF provided by user; smaller/unclear labels were omitted or marked as available where shown.,11683 Westheimer Road,FS_TX_Royal-Oaks-Village-II_2026-04-22-172333_vwex.pdf,/mnt/data/FS_TX_Royal-Oaks-Village-II_2026-04-22-172333_vwex.pdf,
KRG_ROYAL_OAKS_VILLAGE_II_TX,Royal Oaks Village II,Kite Realty Group,"Houston, TX",II-4,Available,1700,Available,Kite Realty site plan,Vacancy,0-3k,No,Yes,No,No,Yes,Tenant/SF transcribed from Kite Realty market page/site plan PDF provided by user; smaller/unclear labels were omitted or marked as available where shown.,11683 Westheimer Road,FS_TX_Royal-Oaks-Village-II_2026-04-22-172333_vwex.pdf,/mnt/data/FS_TX_Royal-Oaks-Village-II_2026-04-22-172333_vwex.pdf,
KRG_SHOPPES_UNION_HILL_NJ,The Shoppes at Union Hill,Kite Realty Group,"Denville, NJ",1,Trader Joe's,14535,Grocery,Kite Realty site plan,Food,10k+,Yes,No,Yes,Yes,No,Tenant/SF transcribed from Kite Realty market page/site plan PDF provided by user; some smaller/unclear labels were marked as Unidentified Tenant or Available where shown.,3056 State Route 10 West,FS_NJ_The-Shoppes-at-Union-Hill_2026-04-15-122720_fsep.pdf,/mnt/data/FS_NJ_The-Shoppes-at-Union-Hill_2026-04-15-122720_fsep.pdf,
KRG_SHOPPES_UNION_HILL_NJ,The Shoppes at Union Hill,Kite Realty Group,"Denville, NJ",3,Unidentified Tenant,2496,Other,Kite Realty site plan,Other,0-3k,No,No,No,No,Yes,Tenant/SF transcribed from Kite Realty market page/site plan PDF provided by user; some smaller/unclear labels were marked as Unidentified Tenant or Available where shown.,3056 State Route 10 West,FS_NJ_The-Shoppes-at-Union-Hill_2026-04-15-122720_fsep.pdf,/mnt/data/FS_NJ_The-Shoppes-at-Union-Hill_2026-04-15-122720_fsep.pdf,
KRG_SHOPPES_UNION_HILL_NJ,The Shoppes at Union Hill,Kite Realty Group,"Denville, NJ",4,Unidentified Tenant,1513,Other,Kite Realty site plan,Other,0-3k,No,No,No,No,Yes,Tenant/SF transcribed from Kite Realty market page/site plan PDF provided by user; some smaller/unclear labels were marked as Unidentified Tenant or Available where shown.,3056 State Route 10 West,FS_NJ_The-Shoppes-at-Union-Hill_2026-04-15-122720_fsep.pdf,/mnt/data/FS_NJ_The-Shoppes-at-Union-Hill_2026-04-15-122720_fsep.pdf,
KRG_SHOPPES_UNION_HILL_NJ,The Shoppes at Union Hill,Kite Realty Group,"Denville, NJ",5,Unidentified Tenant,4334,Other,Kite Realty site plan,Other,3k-10k,No,No,No,No,Yes,Tenant/SF transcribed from Kite Realty market page/site plan PDF provided by user; some smaller/unclear labels were marked as Unidentified Tenant or Available where shown.,3056 State Route 10 West,FS_NJ_The-Shoppes-at-Union-Hill_2026-04-15-122720_fsep.pdf,/mnt/data/FS_NJ_The-Shoppes-at-Union-Hill_2026-04-15-122720_fsep.pdf,
KRG_SHOPPES_UNION_HILL_NJ,The Shoppes at Union Hill,Kite Realty Group,"Denville, NJ",6,Unidentified Tenant,2380,Other,Kite Realty site plan,Other,0-3k,No,No,No,No,Yes,Tenant/SF transcribed from Kite Realty market page/site plan PDF provided by user; some smaller/unclear labels were marked as Unidentified Tenant or Available where shown.,3056 State Route 10 West,FS_NJ_The-Shoppes-at-Union-Hill_2026-04-15-122720_fsep.pdf,/mnt/data/FS_NJ_The-Shoppes-at-Union-Hill_2026-04-15-122720_fsep.pdf,
KRG_SHOPPES_UNION_HILL_NJ,The Shoppes at Union Hill,Kite Realty Group,"Denville, NJ",7,Unidentified Tenant,2052,Other,Kite Realty site plan,Other,0-3k,No,No,No,No,Yes,Tenant/SF transcribed from Kite Realty market page/site plan PDF provided by user; some smaller/unclear labels were marked as Unidentified Tenant or Available where shown.,3056 State Route 10 West,FS_NJ_The-Shoppes-at-Union-Hill_2026-04-15-122720_fsep.pdf,/mnt/data/FS_NJ_The-Shoppes-at-Union-Hill_2026-04-15-122720_fsep.pdf,
KRG_SHOPPES_UNION_HILL_NJ,The Shoppes at Union Hill,Kite Realty Group,"Denville, NJ",8,Unidentified Tenant,1509,Other,Kite Realty site plan,Other,0-3k,No,No,No,No,Yes,Tenant/SF transcribed from Kite Realty market page/site plan PDF provided by user; some smaller/unclear labels were marked as Unidentified Tenant or Available where shown.,3056 State Route 10 West,FS_NJ_The-Shoppes-at-Union-Hill_2026-04-15-122720_fsep.pdf,/mnt/data/FS_NJ_The-Shoppes-at-Union-Hill_2026-04-15-122720_fsep.pdf,
KRG_SHOPPES_UNION_HILL_NJ,The Shoppes at Union Hill,Kite Realty Group,"Denville, NJ",9,Unidentified Tenant,1318,Other,Kite Realty site plan,Other,0-3k,No,No,No,No,Yes,Tenant/SF transcribed from Kite Realty market page/site plan PDF provided by user; some smaller/unclear labels were marked as Unidentified Tenant or Available where shown.,3056 State Route 10 West,FS_NJ_The-Shoppes-at-Union-Hill_2026-04-15-122720_fsep.pdf,/mnt/data/FS_NJ_The-Shoppes-at-Union-Hill_2026-04-15-122720_fsep.pdf,
KRG_SHOPPES_UNION_HILL_NJ,The Shoppes at Union Hill,Kite Realty Group,"Denville, NJ",10,Unidentified Tenant,1514,Other,Kite Realty site plan,Other,0-3k,No,No,No,No,Yes,Tenant/SF transcribed from Kite Realty market page/site plan PDF provided by user; some smaller/unclear labels were marked as Unidentified Tenant or Available where shown.,3056 State Route 10 West,FS_NJ_The-Shoppes-at-Union-Hill_2026-04-15-122720_fsep.pdf,/mnt/data/FS_NJ_The-Shoppes-at-Union-Hill_2026-04-15-122720_fsep.pdf,
KRG_SHOPPES_UNION_HILL_NJ,The Shoppes at Union Hill,Kite Realty Group,"Denville, NJ",11,Available,1542,Available,Kite Realty site plan,Vacancy,0-3k,No,Yes,No,No,Yes,Tenant/SF transcribed from Kite Realty market page/site plan PDF provided by user; some smaller/unclear labels were marked as Unidentified Tenant or Available where shown.,3056 State Route 10 West,FS_NJ_The-Shoppes-at-Union-Hill_2026-04-15-122720_fsep.pdf,/mnt/data/FS_NJ_The-Shoppes-at-Union-Hill_2026-04-15-122720_fsep.pdf,
KRG_SHOPPES_UNION_HILL_NJ,The Shoppes at Union Hill,Kite Realty Group,"Denville, NJ",12,Unidentified Tenant,3055,Other,Kite Realty site plan,Other,3k-10k,No,No,No,No,Yes,Tenant/SF transcribed from Kite Realty market page/site plan PDF provided by user; some smaller/unclear labels were marked as Unidentified Tenant or Available where shown.,3056 State Route 10 West,FS_NJ_The-Shoppes-at-Union-Hill_2026-04-15-122720_fsep.pdf,/mnt/data/FS_NJ_The-Shoppes-at-Union-Hill_2026-04-15-122720_fsep.pdf,
KRG_SHOPPES_UNION_HILL_NJ,The Shoppes at Union Hill,Kite Realty Group,"Denville, NJ",13,Top Style Nails,3042,Service,Kite Realty site plan,Service,3k-10k,No,No,No,No,Yes,Tenant/SF transcribed from Kite Realty market page/site plan PDF provided by user; some smaller/unclear labels were marked as Unidentified Tenant or Available where shown.,3056 State Route 10 West,FS_NJ_The-Shoppes-at-Union-Hill_2026-04-15-122720_fsep.pdf,/mnt/data/FS_NJ_The-Shoppes-at-Union-Hill_2026-04-15-122720_fsep.pdf,
KRG_SHOPPES_UNION_HILL_NJ,The Shoppes at Union Hill,Kite Realty Group,"Denville, NJ",14,Unidentified Tenant,2475,Other,Kite Realty site plan,Other,0-3k,No,No,No,No,Yes,Tenant/SF transcribed from Kite Realty market page/site plan PDF provided by user; some smaller/unclear labels were marked as Unidentified Tenant or Available where shown.,3056 State Route 10 West,FS_NJ_The-Shoppes-at-Union-Hill_2026-04-15-122720_fsep.pdf,/mnt/data/FS_NJ_The-Shoppes-at-Union-Hill_2026-04-15-122720_fsep.pdf,
KRG_SHOPPES_UNION_HILL_NJ,The Shoppes at Union Hill,Kite Realty Group,"Denville, NJ",15,GAP,10055,Apparel,Kite Realty site plan,Soft Goods,10k+,No,No,Yes,No,No,Tenant/SF transcribed from Kite Realty market page/site plan PDF provided by user; some smaller/unclear labels were marked as Unidentified Tenant or Available where shown.,3056 State Route 10 West,FS_NJ_The-Shoppes-at-Union-Hill_2026-04-15-122720_fsep.pdf,/mnt/data/FS_NJ_The-Shoppes-at-Union-Hill_2026-04-15-122720_fsep.pdf,
KRG_SHOPPES_UNION_HILL_NJ,The Shoppes at Union Hill,Kite Realty Group,"Denville, NJ",16,Unidentified Tenant,1966,Other,Kite Realty site plan,Other,0-3k,No,No,No,No,Yes,Tenant/SF transcribed from Kite Realty market page/site plan PDF provided by user; some smaller/unclear labels were marked as Unidentified Tenant or Available where shown.,3056 State Route 10 West,FS_NJ_The-Shoppes-at-Union-Hill_2026-04-15-122720_fsep.pdf,/mnt/data/FS_NJ_The-Shoppes-at-Union-Hill_2026-04-15-122720_fsep.pdf,
KRG_SHOPPES_UNION_HILL_NJ,The Shoppes at Union Hill,Kite Realty Group,"Denville, NJ",17,Unidentified Tenant,2503,Other,Kite Realty site plan,Other,0-3k,No,No,No,No,Yes,Tenant/SF transcribed from Kite Realty market page/site plan PDF provided by user; some smaller/unclear labels were marked as Unidentified Tenant or Available where shown.,3056 State Route 10 West,FS_NJ_The-Shoppes-at-Union-Hill_2026-04-15-122720_fsep.pdf,/mnt/data/FS_NJ_The-Shoppes-at-Union-Hill_2026-04-15-122720_fsep.pdf,
KRG_SHOPPES_UNION_HILL_NJ,The Shoppes at Union Hill,Kite Realty Group,"Denville, NJ",18,Unidentified Tenant,4979,Other,Kite Realty site plan,Other,3k-10k,No,No,No,No,Yes,Tenant/SF transcribed from Kite Realty market page/site plan PDF provided by user; some smaller/unclear labels were marked as Unidentified Tenant or Available where shown.,3056 State Route 10 West,FS_NJ_The-Shoppes-at-Union-Hill_2026-04-15-122720_fsep.pdf,/mnt/data/FS_NJ_The-Shoppes-at-Union-Hill_2026-04-15-122720_fsep.pdf,
KRG_SHOPPES_UNION_HILL_NJ,The Shoppes at Union Hill,Kite Realty Group,"Denville, NJ",19,Unidentified Tenant,7000,Other,Kite Realty site plan,Other,3k-10k,No,No,No,No,Yes,Tenant/SF transcribed from Kite Realty market page/site plan PDF provided by user; some smaller/unclear labels were marked as Unidentified Tenant or Available where shown.,3056 State Route 10 West,FS_NJ_The-Shoppes-at-Union-Hill_2026-04-15-122720_fsep.pdf,/mnt/data/FS_NJ_The-Shoppes-at-Union-Hill_2026-04-15-122720_fsep.pdf,
KRG_SHOPPES_UNION_HILL_NJ,The Shoppes at Union Hill,Kite Realty Group,"Denville, NJ",20,Unidentified Tenant,3930,Other,Kite Realty site plan,Other,3k-10k,No,No,No,No,Yes,Tenant/SF transcribed from Kite Realty market page/site plan PDF provided by user; some smaller/unclear labels were marked as Unidentified Tenant or Available where shown.,3056 State Route 10 West,FS_NJ_The-Shoppes-at-Union-Hill_2026-04-15-122720_fsep.pdf,/mnt/data/FS_NJ_The-Shoppes-at-Union-Hill_2026-04-15-122720_fsep.pdf,
KRG_SHOPPES_UNION_HILL_NJ,The Shoppes at Union Hill,Kite Realty Group,"Denville, NJ",21,Unidentified Tenant,4500,Other,Kite Realty site plan,Other,3k-10k,No,No,No,No,Yes,Tenant/SF transcribed from Kite Realty market page/site plan PDF provided by user; some smaller/unclear labels were marked as Unidentified Tenant or Available where shown.,3056 State Route 10 West,FS_NJ_The-Shoppes-at-Union-Hill_2026-04-15-122720_fsep.pdf,/mnt/data/FS_NJ_The-Shoppes-at-Union-Hill_2026-04-15-122720_fsep.pdf,
KRG_SHOPPES_UNION_HILL_NJ,The Shoppes at Union Hill,Kite Realty Group,"Denville, NJ",22,Unidentified Tenant,898,Other,Kite Realty site plan,Other,0-3k,No,No,No,No,Yes,Tenant/SF transcribed from Kite Realty market page/site plan PDF provided by user; some smaller/unclear labels were marked as Unidentified Tenant or Available where shown.,3056 State Route 10 West,FS_NJ_The-Shoppes-at-Union-Hill_2026-04-15-122720_fsep.pdf,/mnt/data/FS_NJ_The-Shoppes-at-Union-Hill_2026-04-15-122720_fsep.pdf,
KRG_SHOPPES_UNION_HILL_NJ,The Shoppes at Union Hill,Kite Realty Group,"Denville, NJ",23,Unidentified Tenant,1216,Other,Kite Realty site plan,Other,0-3k,No,No,No,No,Yes,Tenant/SF transcribed from Kite Realty market page/site plan PDF provided by user; some smaller/unclear labels were marked as Unidentified Tenant or Available where shown.,3056 State Route 10 West,FS_NJ_The-Shoppes-at-Union-Hill_2026-04-15-122720_fsep.pdf,/mnt/data/FS_NJ_The-Shoppes-at-Union-Hill_2026-04-15-122720_fsep.pdf,
KRG_SHOPPES_UNION_HILL_NJ,The Shoppes at Union Hill,Kite Realty Group,"Denville, NJ",24,Unidentified Tenant,9105,Other,Kite Realty site plan,Other,3k-10k,No,No,No,No,Yes,Tenant/SF transcribed from Kite Realty market page/site plan PDF provided by user; some smaller/unclear labels were marked as Unidentified Tenant or Available where shown.,3056 State Route 10 West,FS_NJ_The-Shoppes-at-Union-Hill_2026-04-15-122720_fsep.pdf,/mnt/data/FS_NJ_The-Shoppes-at-Union-Hill_2026-04-15-122720_fsep.pdf,
KRG_SHOPPES_UNION_HILL_NJ,The Shoppes at Union Hill,Kite Realty Group,"Denville, NJ",25,Unidentified Tenant,4005,Other,Kite Realty site plan,Other,3k-10k,No,No,No,No,Yes,Tenant/SF transcribed from Kite Realty market page/site plan PDF provided by user; some smaller/unclear labels were marked as Unidentified Tenant or Available where shown.,3056 State Route 10 West,FS_NJ_The-Shoppes-at-Union-Hill_2026-04-15-122720_fsep.pdf,/mnt/data/FS_NJ_The-Shoppes-at-Union-Hill_2026-04-15-122720_fsep.pdf,
KRG_CENTENNIAL_GATEWAY_NV,Centennial Gateway,Kite Realty Group,"Las Vegas, NV",001,UFC Gym,44619,Service,Kite Realty site plan,Service,10k+,No,No,Yes,Yes,No,Tenant/SF transcribed from Kite Realty market page/site plan PDF provided by user; some smaller/unclear labels were marked as Unidentified Tenant or Available where shown.,5610-5765 Centennial Center Boulevard,FS_NV_Centennial-Gateway_2026-02-24-184304_cktz.pdf,/mnt/data/FS_NV_Centennial-Gateway_2026-02-24-184304_cktz.pdf,
KRG_CENTENNIAL_GATEWAY_NV,Centennial Gateway,Kite Realty Group,"Las Vegas, NV",002,Sportsman's Warehouse,55452,Retail,Kite Realty site plan,Hard Goods,10k+,No,No,Yes,Yes,No,Tenant/SF transcribed from Kite Realty market page/site plan PDF provided by user; some smaller/unclear labels were marked as Unidentified Tenant or Available where shown.,5610-5765 Centennial Center Boulevard,FS_NV_Centennial-Gateway_2026-02-24-184304_cktz.pdf,/mnt/data/FS_NV_Centennial-Gateway_2026-02-24-184304_cktz.pdf,
KRG_CENTENNIAL_GATEWAY_NV,Centennial Gateway,Kite Realty Group,"Las Vegas, NV",003,Boot Barn,11072,Apparel,Kite Realty site plan,Soft Goods,10k+,No,No,Yes,No,No,Tenant/SF transcribed from Kite Realty market page/site plan PDF provided by user; some smaller/unclear labels were marked as Unidentified Tenant or Available where shown.,5610-5765 Centennial Center Boulevard,FS_NV_Centennial-Gateway_2026-02-24-184304_cktz.pdf,/mnt/data/FS_NV_Centennial-Gateway_2026-02-24-184304_cktz.pdf,
KRG_CENTENNIAL_GATEWAY_NV,Centennial Gateway,Kite Realty Group,"Las Vegas, NV",009,Trader Joe's,13950,Grocery,Kite Realty site plan,Food,10k+,Yes,No,Yes,Yes,No,Tenant/SF transcribed from Kite Realty market page/site plan PDF provided by user; some smaller/unclear labels were marked as Unidentified Tenant or Available where shown.,5610-5765 Centennial Center Boulevard,FS_NV_Centennial-Gateway_2026-02-24-184304_cktz.pdf,/mnt/data/FS_NV_Centennial-Gateway_2026-02-24-184304_cktz.pdf,
KRG_CENTENNIAL_GATEWAY_NV,Centennial Gateway,Kite Realty Group,"Las Vegas, NV",004,Unidentified Tenant,2995,Other,Kite Realty site plan,Other,0-3k,No,No,No,No,Yes,Tenant/SF transcribed from Kite Realty market page/site plan PDF provided by user; some smaller/unclear labels were marked as Unidentified Tenant or Available where shown.,5610-5765 Centennial Center Boulevard,FS_NV_Centennial-Gateway_2026-02-24-184304_cktz.pdf,/mnt/data/FS_NV_Centennial-Gateway_2026-02-24-184304_cktz.pdf,
KRG_CENTENNIAL_GATEWAY_NV,Centennial Gateway,Kite Realty Group,"Las Vegas, NV",012,Walgreens,14820,Retail,Kite Realty site plan,Hard Goods,10k+,No,No,Yes,Yes,No,Tenant/SF transcribed from Kite Realty market page/site plan PDF provided by user; some smaller/unclear labels were marked as Unidentified Tenant or Available where shown.,5610-5765 Centennial Center Boulevard,FS_NV_Centennial-Gateway_2026-02-24-184304_cktz.pdf,/mnt/data/FS_NV_Centennial-Gateway_2026-02-24-184304_cktz.pdf,
KRG_CENTENNIAL_GATEWAY_NV,Centennial Gateway,Kite Realty Group,"Las Vegas, NV",022,Sassy Lashes,1617,Other,Kite Realty site plan,Other,0-3k,No,No,No,No,Yes,Tenant/SF transcribed from Kite Realty market page/site plan PDF provided by user; some smaller/unclear labels were marked as Unidentified Tenant or Available where shown.,5610-5765 Centennial Center Boulevard,FS_NV_Centennial-Gateway_2026-02-24-184304_cktz.pdf,/mnt/data/FS_NV_Centennial-Gateway_2026-02-24-184304_cktz.pdf,
KRG_CENTENNIAL_GATEWAY_NV,Centennial Gateway,Kite Realty Group,"Las Vegas, NV",034,Unidentified Tenant,5500,Other,Kite Realty site plan,Other,3k-10k,No,No,No,No,Yes,Tenant/SF transcribed from Kite Realty market page/site plan PDF provided by user; some smaller/unclear labels were marked as Unidentified Tenant or Available where shown.,5610-5765 Centennial Center Boulevard,FS_NV_Centennial-Gateway_2026-02-24-184304_cktz.pdf,/mnt/data/FS_NV_Centennial-Gateway_2026-02-24-184304_cktz.pdf,
KRG_CENTENNIAL_GATEWAY_NV,Centennial Gateway,Kite Realty Group,"Las Vegas, NV",033,Unidentified Tenant,4050,Other,Kite Realty site plan,Other,3k-10k,No,No,No,No,Yes,Tenant/SF transcribed from Kite Realty market page/site plan PDF provided by user; some smaller/unclear labels were marked as Unidentified Tenant or Available where shown.,5610-5765 Centennial Center Boulevard,FS_NV_Centennial-Gateway_2026-02-24-184304_cktz.pdf,/mnt/data/FS_NV_Centennial-Gateway_2026-02-24-184304_cktz.pdf,
KRG_CENTENNIAL_GATEWAY_NV,Centennial Gateway,Kite Realty Group,"Las Vegas, NV",032,Unidentified Tenant,2930,Other,Kite Realty site plan,Other,0-3k,No,No,No,No,Yes,Tenant/SF transcribed from Kite Realty market page/site plan PDF provided by user; some smaller/unclear labels were marked as Unidentified Tenant or Available where shown.,5610-5765 Centennial Center Boulevard,FS_NV_Centennial-Gateway_2026-02-24-184304_cktz.pdf,/mnt/data/FS_NV_Centennial-Gateway_2026-02-24-184304_cktz.pdf,
KRG_CENTENNIAL_GATEWAY_NV,Centennial Gateway,Kite Realty Group,"Las Vegas, NV",035,Unidentified Tenant,3000,Other,Kite Realty site plan,Other,3k-10k,No,No,No,No,Yes,Tenant/SF transcribed from Kite Realty market page/site plan PDF provided by user; some smaller/unclear labels were marked as Unidentified Tenant or Available where shown.,5610-5765 Centennial Center Boulevard,FS_NV_Centennial-Gateway_2026-02-24-184304_cktz.pdf,/mnt/data/FS_NV_Centennial-Gateway_2026-02-24-184304_cktz.pdf,
KRG_CENTENNIAL_GATEWAY_NV,Centennial Gateway,Kite Realty Group,"Las Vegas, NV",014,Unidentified Tenant,1097,Other,Kite Realty site plan,Other,0-3k,No,No,No,No,Yes,Tenant/SF transcribed from Kite Realty market page/site plan PDF provided by user; some smaller/unclear labels were marked as Unidentified Tenant or Available where shown.,5610-5765 Centennial Center Boulevard,FS_NV_Centennial-Gateway_2026-02-24-184304_cktz.pdf,/mnt/data/FS_NV_Centennial-Gateway_2026-02-24-184304_cktz.pdf,
KRG_CENTENNIAL_GATEWAY_NV,Centennial Gateway,Kite Realty Group,"Las Vegas, NV",013,Divine Threading,2231,Service,Kite Realty site plan,Service,0-3k,No,No,No,No,Yes,Tenant/SF transcribed from Kite Realty market page/site plan PDF provided by user; some smaller/unclear labels were marked as Unidentified Tenant or Available where shown.,5610-5765 Centennial Center Boulevard,FS_NV_Centennial-Gateway_2026-02-24-184304_cktz.pdf,/mnt/data/FS_NV_Centennial-Gateway_2026-02-24-184304_cktz.pdf,
KRG_CENTENNIAL_GATEWAY_NV,Centennial Gateway,Kite Realty Group,"Las Vegas, NV",016,Unidentified Tenant,1249,Other,Kite Realty site plan,Other,0-3k,No,No,No,No,Yes,Tenant/SF transcribed from Kite Realty market page/site plan PDF provided by user; some smaller/unclear labels were marked as Unidentified Tenant or Available where shown.,5610-5765 Centennial Center Boulevard,FS_NV_Centennial-Gateway_2026-02-24-184304_cktz.pdf,/mnt/data/FS_NV_Centennial-Gateway_2026-02-24-184304_cktz.pdf,
KRG_CENTENNIAL_GATEWAY_NV,Centennial Gateway,Kite Realty Group,"Las Vegas, NV",015,Unidentified Tenant,1210,Other,Kite Realty site plan,Other,0-3k,No,No,No,No,Yes,Tenant/SF transcribed from Kite Realty market page/site plan PDF provided by user; some smaller/unclear labels were marked as Unidentified Tenant or Available where shown.,5610-5765 Centennial Center Boulevard,FS_NV_Centennial-Gateway_2026-02-24-184304_cktz.pdf,/mnt/data/FS_NV_Centennial-Gateway_2026-02-24-184304_cktz.pdf,
KRG_CENTENNIAL_GATEWAY_NV,Centennial Gateway,Kite Realty Group,"Las Vegas, NV",030,Secret of Siam,1326,Restaurant,Kite Realty site plan,Food,0-3k,No,No,No,No,Yes,Tenant/SF transcribed from Kite Realty market page/site plan PDF provided by user; some smaller/unclear labels were marked as Unidentified Tenant or Available where shown.,5610-5765 Centennial Center Boulevard,FS_NV_Centennial-Gateway_2026-02-24-184304_cktz.pdf,/mnt/data/FS_NV_Centennial-Gateway_2026-02-24-184304_cktz.pdf,
KRG_CENTENNIAL_GATEWAY_NV,Centennial Gateway,Kite Realty Group,"Las Vegas, NV",019,Teriyaki Madness,2966,Restaurant,Kite Realty site plan,Food,0-3k,No,No,No,No,Yes,Tenant/SF transcribed from Kite Realty market page/site plan PDF provided by user; some smaller/unclear labels were marked as Unidentified Tenant or Available where shown.,5610-5765 Centennial Center Boulevard,FS_NV_Centennial-Gateway_2026-02-24-184304_cktz.pdf,/mnt/data/FS_NV_Centennial-Gateway_2026-02-24-184304_cktz.pdf,
KRG_CENTENNIAL_GATEWAY_NV,Centennial Gateway,Kite Realty Group,"Las Vegas, NV",018,Unidentified Tenant,2262,Other,Kite Realty site plan,Other,0-3k,No,No,No,No,Yes,Tenant/SF transcribed from Kite Realty market page/site plan PDF provided by user; some smaller/unclear labels were marked as Unidentified Tenant or Available where shown.,5610-5765 Centennial Center Boulevard,FS_NV_Centennial-Gateway_2026-02-24-184304_cktz.pdf,/mnt/data/FS_NV_Centennial-Gateway_2026-02-24-184304_cktz.pdf,
KRG_CENTENNIAL_GATEWAY_NV,Centennial Gateway,Kite Realty Group,"Las Vegas, NV",017,Optic Gallery,1084,Other,Kite Realty site plan,Other,0-3k,No,No,No,No,Yes,Tenant/SF transcribed from Kite Realty market page/site plan PDF provided by user; some smaller/unclear labels were marked as Unidentified Tenant or Available where shown.,5610-5765 Centennial Center Boulevard,FS_NV_Centennial-Gateway_2026-02-24-184304_cktz.pdf,/mnt/data/FS_NV_Centennial-Gateway_2026-02-24-184304_cktz.pdf,
KRG_CENTENNIAL_GATEWAY_NV,Centennial Gateway,Kite Realty Group,"Las Vegas, NV",020,Dr. B's Children's Dentistry,2623,Service,Kite Realty site plan,Service,0-3k,No,No,No,No,Yes,Tenant/SF transcribed from Kite Realty market page/site plan PDF provided by user; some smaller/unclear labels were marked as Unidentified Tenant or Available where shown.,5610-5765 Centennial Center Boulevard,FS_NV_Centennial-Gateway_2026-02-24-184304_cktz.pdf,/mnt/data/FS_NV_Centennial-Gateway_2026-02-24-184304_cktz.pdf,
KRG_CENTENNIAL_GATEWAY_NV,Centennial Gateway,Kite Realty Group,"Las Vegas, NV",021,Unidentified Tenant,2656,Other,Kite Realty site plan,Other,0-3k,No,No,No,No,Yes,Tenant/SF transcribed from Kite Realty market page/site plan PDF provided by user; some smaller/unclear labels were marked as Unidentified Tenant or Available where shown.,5610-5765 Centennial Center Boulevard,FS_NV_Centennial-Gateway_2026-02-24-184304_cktz.pdf,/mnt/data/FS_NV_Centennial-Gateway_2026-02-24-184304_cktz.pdf,
KRG_CENTENNIAL_GATEWAY_NV,Centennial Gateway,Kite Realty Group,"Las Vegas, NV",023,Cafe Rio,3498,Restaurant,Kite Realty site plan,Food,3k-10k,No,No,No,No,Yes,Tenant/SF transcribed from Kite Realty market page/site plan PDF provided by user; some smaller/unclear labels were marked as Unidentified Tenant or Available where shown.,5610-5765 Centennial Center Boulevard,FS_NV_Centennial-Gateway_2026-02-24-184304_cktz.pdf,/mnt/data/FS_NV_Centennial-Gateway_2026-02-24-184304_cktz.pdf,
KRG_CENTENNIAL_GATEWAY_NV,Centennial Gateway,Kite Realty Group,"Las Vegas, NV",024,Unidentified Tenant,2505,Other,Kite Realty site plan,Other,0-3k,No,No,No,No,Yes,Tenant/SF transcribed from Kite Realty market page/site plan PDF provided by user; some smaller/unclear labels were marked as Unidentified Tenant or Available where shown.,5610-5765 Centennial Center Boulevard,FS_NV_Centennial-Gateway_2026-02-24-184304_cktz.pdf,/mnt/data/FS_NV_Centennial-Gateway_2026-02-24-184304_cktz.pdf,
KRG_CENTENNIAL_GATEWAY_NV,Centennial Gateway,Kite Realty Group,"Las Vegas, NV",025,Unidentified Tenant,1538,Other,Kite Realty site plan,Other,0-3k,No,No,No,No,Yes,Tenant/SF transcribed from Kite Realty market page/site plan PDF provided by user; some smaller/unclear labels were marked as Unidentified Tenant or Available where shown.,5610-5765 Centennial Center Boulevard,FS_NV_Centennial-Gateway_2026-02-24-184304_cktz.pdf,/mnt/data/FS_NV_Centennial-Gateway_2026-02-24-184304_cktz.pdf,
KRG_CENTENNIAL_GATEWAY_NV,Centennial Gateway,Kite Realty Group,"Las Vegas, NV",027,Unidentified Tenant,3381,Other,Kite Realty site plan,Other,3k-10k,No,No,No,No,Yes,Tenant/SF transcribed from Kite Realty market page/site plan PDF provided by user; some smaller/unclear labels were marked as Unidentified Tenant or Available where shown.,5610-5765 Centennial Center Boulevard,FS_NV_Centennial-Gateway_2026-02-24-184304_cktz.pdf,/mnt/data/FS_NV_Centennial-Gateway_2026-02-24-184304_cktz.pdf,
KRG_CENTENNIAL_GATEWAY_NV,Centennial Gateway,Kite Realty Group,"Las Vegas, NV",028,Leaver & Gardner Orthodontics,1248,Service,Kite Realty site plan,Service,0-3k,No,No,No,No,Yes,Tenant/SF transcribed from Kite Realty market page/site plan PDF provided by user; some smaller/unclear labels were marked as Unidentified Tenant or Available where shown.,5610-5765 Centennial Center Boulevard,FS_NV_Centennial-Gateway_2026-02-24-184304_cktz.pdf,/mnt/data/FS_NV_Centennial-Gateway_2026-02-24-184304_cktz.pdf,
KRG_CENTENNIAL_GATEWAY_NV,Centennial Gateway,Kite Realty Group,"Las Vegas, NV",029,Unidentified Tenant,3350,Other,Kite Realty site plan,Other,3k-10k,No,No,No,No,Yes,Tenant/SF transcribed from Kite Realty market page/site plan PDF provided by user; some smaller/unclear labels were marked as Unidentified Tenant or Available where shown.,5610-5765 Centennial Center Boulevard,FS_NV_Centennial-Gateway_2026-02-24-184304_cktz.pdf,/mnt/data/FS_NV_Centennial-Gateway_2026-02-24-184304_cktz.pdf,
KRG_CENTENNIAL_GATEWAY_NV,Centennial Gateway,Kite Realty Group,"Las Vegas, NV",007,Unidentified Tenant,4800,Other,Kite Realty site plan,Other,3k-10k,No,No,No,No,Yes,Tenant/SF transcribed from Kite Realty market page/site plan PDF provided by user; some smaller/unclear labels were marked as Unidentified Tenant or Available where shown.,5610-5765 Centennial Center Boulevard,FS_NV_Centennial-Gateway_2026-02-24-184304_cktz.pdf,/mnt/data/FS_NV_Centennial-Gateway_2026-02-24-184304_cktz.pdf,
KRG_CENTENNIAL_GATEWAY_NV,Centennial Gateway,Kite Realty Group,"Las Vegas, NV",008,Unidentified Tenant,3276,Other,Kite Realty site plan,Other,3k-10k,No,No,No,No,Yes,Tenant/SF transcribed from Kite Realty market page/site plan PDF provided by user; some smaller/unclear labels were marked as Unidentified Tenant or Available where shown.,5610-5765 Centennial Center Boulevard,FS_NV_Centennial-Gateway_2026-02-24-184304_cktz.pdf,/mnt/data/FS_NV_Centennial-Gateway_2026-02-24-184304_cktz.pdf,
KRG_CENTENNIAL_GATEWAY_NV,Centennial Gateway,Kite Realty Group,"Las Vegas, NV",005,GT Nails,1900,Service,Kite Realty site plan,Service,0-3k,No,No,No,No,Yes,Tenant/SF transcribed from Kite Realty market page/site plan PDF provided by user; some smaller/unclear labels were marked as Unidentified Tenant or Available where shown.,5610-5765 Centennial Center Boulevard,FS_NV_Centennial-Gateway_2026-02-24-184304_cktz.pdf,/mnt/data/FS_NV_Centennial-Gateway_2026-02-24-184304_cktz.pdf,
KRG_CENTENNIAL_GATEWAY_NV,Centennial Gateway,Kite Realty Group,"Las Vegas, NV",006,Gateway Pet Hospital,1300,Other,Kite Realty site plan,Other,0-3k,No,No,No,No,Yes,Tenant/SF transcribed from Kite Realty market page/site plan PDF provided by user; some smaller/unclear labels were marked as Unidentified Tenant or Available where shown.,5610-5765 Centennial Center Boulevard,FS_NV_Centennial-Gateway_2026-02-24-184304_cktz.pdf,/mnt/data/FS_NV_Centennial-Gateway_2026-02-24-184304_cktz.pdf,
KRG_CENTENNIAL_GATEWAY_NV,Centennial Gateway,Kite Realty Group,"Las Vegas, NV",010,Yogurtland,1525,Other,Kite Realty site plan,Other,0-3k,No,No,No,No,Yes,Tenant/SF transcribed from Kite Realty market page/site plan PDF provided by user; some smaller/unclear labels were marked as Unidentified Tenant or Available where shown.,5610-5765 Centennial Center Boulevard,FS_NV_Centennial-Gateway_2026-02-24-184304_cktz.pdf,/mnt/data/FS_NV_Centennial-Gateway_2026-02-24-184304_cktz.pdf,
KRG_CENTENNIAL_GATEWAY_NV,Centennial Gateway,Kite Realty Group,"Las Vegas, NV",011,Bowlology,1495,Other,Kite Realty site plan,Other,0-3k,No,No,No,No,Yes,Tenant/SF transcribed from Kite Realty market page/site plan PDF provided by user; some smaller/unclear labels were marked as Unidentified Tenant or Available where shown.,5610-5765 Centennial Center Boulevard,FS_NV_Centennial-Gateway_2026-02-24-184304_cktz.pdf,/mnt/data/FS_NV_Centennial-Gateway_2026-02-24-184304_cktz.pdf,
KRG_HUEBNER_OAKS_TX,Huebner Oaks,Kite Realty Group,"San Antonio, TX",1,Available,2942,Available,Kite Realty site plan,Vacancy,0-3k,No,Yes,No,No,Yes,Tenant/SF transcribed from Kite Realty market page/site plan PDF provided by user; some smaller/unclear labels were marked as Unidentified Tenant or Available where shown.,11745 IH-10 W.,FS_TX_Huebner-Oaks_2026-06-18-155652_iqqp.pdf,/mnt/data/FS_TX_Huebner-Oaks_2026-06-18-155652_iqqp.pdf,
KRG_HUEBNER_OAKS_TX,Huebner Oaks,Kite Realty Group,"San Antonio, TX",2,Unidentified Tenant,4760,Other,Kite Realty site plan,Other,3k-10k,No,No,No,No,Yes,Tenant/SF transcribed from Kite Realty market page/site plan PDF provided by user; some smaller/unclear labels were marked as Unidentified Tenant or Available where shown.,11745 IH-10 W.,FS_TX_Huebner-Oaks_2026-06-18-155652_iqqp.pdf,/mnt/data/FS_TX_Huebner-Oaks_2026-06-18-155652_iqqp.pdf,
KRG_HUEBNER_OAKS_TX,Huebner Oaks,Kite Realty Group,"San Antonio, TX",3,Available,1103,Available,Kite Realty site plan,Vacancy,0-3k,No,Yes,No,No,Yes,Tenant/SF transcribed from Kite Realty market page/site plan PDF provided by user; some smaller/unclear labels were marked as Unidentified Tenant or Available where shown.,11745 IH-10 W.,FS_TX_Huebner-Oaks_2026-06-18-155652_iqqp.pdf,/mnt/data/FS_TX_Huebner-Oaks_2026-06-18-155652_iqqp.pdf,
KRG_HUEBNER_OAKS_TX,Huebner Oaks,Kite Realty Group,"San Antonio, TX",4,Unidentified Tenant,2721,Other,Kite Realty site plan,Other,0-3k,No,No,No,No,Yes,Tenant/SF transcribed from Kite Realty market page/site plan PDF provided by user; some smaller/unclear labels were marked as Unidentified Tenant or Available where shown.,11745 IH-10 W.,FS_TX_Huebner-Oaks_2026-06-18-155652_iqqp.pdf,/mnt/data/FS_TX_Huebner-Oaks_2026-06-18-155652_iqqp.pdf,
KRG_HUEBNER_OAKS_TX,Huebner Oaks,Kite Realty Group,"San Antonio, TX",6,Unidentified Tenant,7000,Other,Kite Realty site plan,Other,3k-10k,No,No,No,No,Yes,Tenant/SF transcribed from Kite Realty market page/site plan PDF provided by user; some smaller/unclear labels were marked as Unidentified Tenant or Available where shown.,11745 IH-10 W.,FS_TX_Huebner-Oaks_2026-06-18-155652_iqqp.pdf,/mnt/data/FS_TX_Huebner-Oaks_2026-06-18-155652_iqqp.pdf,
KRG_HUEBNER_OAKS_TX,Huebner Oaks,Kite Realty Group,"San Antonio, TX",7,Ross,20468,Apparel,Kite Realty site plan,Soft Goods,10k+,No,No,Yes,Yes,No,Tenant/SF transcribed from Kite Realty market page/site plan PDF provided by user; some smaller/unclear labels were marked as Unidentified Tenant or Available where shown.,11745 IH-10 W.,FS_TX_Huebner-Oaks_2026-06-18-155652_iqqp.pdf,/mnt/data/FS_TX_Huebner-Oaks_2026-06-18-155652_iqqp.pdf,
KRG_HUEBNER_OAKS_TX,Huebner Oaks,Kite Realty Group,"San Antonio, TX",7A,Barnes & Noble,14562,Retail,Kite Realty site plan,Hard Goods,10k+,No,No,Yes,No,No,Tenant/SF transcribed from Kite Realty market page/site plan PDF provided by user; some smaller/unclear labels were marked as Unidentified Tenant or Available where shown.,11745 IH-10 W.,FS_TX_Huebner-Oaks_2026-06-18-155652_iqqp.pdf,/mnt/data/FS_TX_Huebner-Oaks_2026-06-18-155652_iqqp.pdf,
KRG_HUEBNER_OAKS_TX,Huebner Oaks,Kite Realty Group,"San Antonio, TX",8,Trader Joe's,14000,Grocery,Kite Realty site plan,Food,10k+,Yes,No,Yes,Yes,No,Tenant/SF transcribed from Kite Realty market page/site plan PDF provided by user; some smaller/unclear labels were marked as Unidentified Tenant or Available where shown.,11745 IH-10 W.,FS_TX_Huebner-Oaks_2026-06-18-155652_iqqp.pdf,/mnt/data/FS_TX_Huebner-Oaks_2026-06-18-155652_iqqp.pdf,
KRG_HUEBNER_OAKS_TX,Huebner Oaks,Kite Realty Group,"San Antonio, TX",9,REI,28200,Apparel,Kite Realty site plan,Soft Goods,10k+,No,No,Yes,Yes,No,Tenant/SF transcribed from Kite Realty market page/site plan PDF provided by user; some smaller/unclear labels were marked as Unidentified Tenant or Available where shown.,11745 IH-10 W.,FS_TX_Huebner-Oaks_2026-06-18-155652_iqqp.pdf,/mnt/data/FS_TX_Huebner-Oaks_2026-06-18-155652_iqqp.pdf,
KRG_HUEBNER_OAKS_TX,Huebner Oaks,Kite Realty Group,"San Antonio, TX",10,Unidentified Tenant,1198,Other,Kite Realty site plan,Other,0-3k,No,No,No,No,Yes,Tenant/SF transcribed from Kite Realty market page/site plan PDF provided by user; some smaller/unclear labels were marked as Unidentified Tenant or Available where shown.,11745 IH-10 W.,FS_TX_Huebner-Oaks_2026-06-18-155652_iqqp.pdf,/mnt/data/FS_TX_Huebner-Oaks_2026-06-18-155652_iqqp.pdf,
KRG_HUEBNER_OAKS_TX,Huebner Oaks,Kite Realty Group,"San Antonio, TX",11,Unidentified Tenant,1498,Other,Kite Realty site plan,Other,0-3k,No,No,No,No,Yes,Tenant/SF transcribed from Kite Realty market page/site plan PDF provided by user; some smaller/unclear labels were marked as Unidentified Tenant or Available where shown.,11745 IH-10 W.,FS_TX_Huebner-Oaks_2026-06-18-155652_iqqp.pdf,/mnt/data/FS_TX_Huebner-Oaks_2026-06-18-155652_iqqp.pdf,
KRG_HUEBNER_OAKS_TX,Huebner Oaks,Kite Realty Group,"San Antonio, TX",12,Unidentified Tenant,2028,Other,Kite Realty site plan,Other,0-3k,No,No,No,No,Yes,Tenant/SF transcribed from Kite Realty market page/site plan PDF provided by user; some smaller/unclear labels were marked as Unidentified Tenant or Available where shown.,11745 IH-10 W.,FS_TX_Huebner-Oaks_2026-06-18-155652_iqqp.pdf,/mnt/data/FS_TX_Huebner-Oaks_2026-06-18-155652_iqqp.pdf,
KRG_HUEBNER_OAKS_TX,Huebner Oaks,Kite Realty Group,"San Antonio, TX",13,Unidentified Tenant,6416,Other,Kite Realty site plan,Other,3k-10k,No,No,No,No,Yes,Tenant/SF transcribed from Kite Realty market page/site plan PDF provided by user; some smaller/unclear labels were marked as Unidentified Tenant or Available where shown.,11745 IH-10 W.,FS_TX_Huebner-Oaks_2026-06-18-155652_iqqp.pdf,/mnt/data/FS_TX_Huebner-Oaks_2026-06-18-155652_iqqp.pdf,
KRG_HUEBNER_OAKS_TX,Huebner Oaks,Kite Realty Group,"San Antonio, TX",14,Unidentified Tenant,4500,Other,Kite Realty site plan,Other,3k-10k,No,No,No,No,Yes,Tenant/SF transcribed from Kite Realty market page/site plan PDF provided by user; some smaller/unclear labels were marked as Unidentified Tenant or Available where shown.,11745 IH-10 W.,FS_TX_Huebner-Oaks_2026-06-18-155652_iqqp.pdf,/mnt/data/FS_TX_Huebner-Oaks_2026-06-18-155652_iqqp.pdf,
KRG_HUEBNER_OAKS_TX,Huebner Oaks,Kite Realty Group,"San Antonio, TX",15,Unidentified Tenant,7895,Other,Kite Realty site plan,Other,3k-10k,No,No,No,No,Yes,Tenant/SF transcribed from Kite Realty market page/site plan PDF provided by user; some smaller/unclear labels were marked as Unidentified Tenant or Available where shown.,11745 IH-10 W.,FS_TX_Huebner-Oaks_2026-06-18-155652_iqqp.pdf,/mnt/data/FS_TX_Huebner-Oaks_2026-06-18-155652_iqqp.pdf,
KRG_HUEBNER_OAKS_TX,Huebner Oaks,Kite Realty Group,"San Antonio, TX",17,Unidentified Tenant,9488,Other,Kite Realty site plan,Other,3k-10k,No,No,No,No,Yes,Tenant/SF transcribed from Kite Realty market page/site plan PDF provided by user; some smaller/unclear labels were marked as Unidentified Tenant or Available where shown.,11745 IH-10 W.,FS_TX_Huebner-Oaks_2026-06-18-155652_iqqp.pdf,/mnt/data/FS_TX_Huebner-Oaks_2026-06-18-155652_iqqp.pdf,
KRG_HUEBNER_OAKS_TX,Huebner Oaks,Kite Realty Group,"San Antonio, TX",19,Unidentified Tenant,6278,Other,Kite Realty site plan,Other,3k-10k,No,No,No,No,Yes,Tenant/SF transcribed from Kite Realty market page/site plan PDF provided by user; some smaller/unclear labels were marked as Unidentified Tenant or Available where shown.,11745 IH-10 W.,FS_TX_Huebner-Oaks_2026-06-18-155652_iqqp.pdf,/mnt/data/FS_TX_Huebner-Oaks_2026-06-18-155652_iqqp.pdf,
KRG_HUEBNER_OAKS_TX,Huebner Oaks,Kite Realty Group,"San Antonio, TX",20,Available,5921,Available,Kite Realty site plan,Vacancy,3k-10k,No,Yes,No,No,Yes,Tenant/SF transcribed from Kite Realty market page/site plan PDF provided by user; some smaller/unclear labels were marked as Unidentified Tenant or Available where shown.,11745 IH-10 W.,FS_TX_Huebner-Oaks_2026-06-18-155652_iqqp.pdf,/mnt/data/FS_TX_Huebner-Oaks_2026-06-18-155652_iqqp.pdf,
KRG_HUEBNER_OAKS_TX,Huebner Oaks,Kite Realty Group,"San Antonio, TX",21,Unidentified Tenant,4500,Other,Kite Realty site plan,Other,3k-10k,No,No,No,No,Yes,Tenant/SF transcribed from Kite Realty market page/site plan PDF provided by user; some smaller/unclear labels were marked as Unidentified Tenant or Available where shown.,11745 IH-10 W.,FS_TX_Huebner-Oaks_2026-06-18-155652_iqqp.pdf,/mnt/data/FS_TX_Huebner-Oaks_2026-06-18-155652_iqqp.pdf,
KRG_HUEBNER_OAKS_TX,Huebner Oaks,Kite Realty Group,"San Antonio, TX",22,Unidentified Tenant,6391,Other,Kite Realty site plan,Other,3k-10k,No,No,No,No,Yes,Tenant/SF transcribed from Kite Realty market page/site plan PDF provided by user; some smaller/unclear labels were marked as Unidentified Tenant or Available where shown.,11745 IH-10 W.,FS_TX_Huebner-Oaks_2026-06-18-155652_iqqp.pdf,/mnt/data/FS_TX_Huebner-Oaks_2026-06-18-155652_iqqp.pdf,
KRG_HUEBNER_OAKS_TX,Huebner Oaks,Kite Realty Group,"San Antonio, TX",23,Unidentified Tenant,6314,Other,Kite Realty site plan,Other,3k-10k,No,No,No,No,Yes,Tenant/SF transcribed from Kite Realty market page/site plan PDF provided by user; some smaller/unclear labels were marked as Unidentified Tenant or Available where shown.,11745 IH-10 W.,FS_TX_Huebner-Oaks_2026-06-18-155652_iqqp.pdf,/mnt/data/FS_TX_Huebner-Oaks_2026-06-18-155652_iqqp.pdf,
KRG_HUEBNER_OAKS_TX,Huebner Oaks,Kite Realty Group,"San Antonio, TX",24,Unidentified Tenant,1690,Other,Kite Realty site plan,Other,0-3k,No,No,No,No,Yes,Tenant/SF transcribed from Kite Realty market page/site plan PDF provided by user; some smaller/unclear labels were marked as Unidentified Tenant or Available where shown.,11745 IH-10 W.,FS_TX_Huebner-Oaks_2026-06-18-155652_iqqp.pdf,/mnt/data/FS_TX_Huebner-Oaks_2026-06-18-155652_iqqp.pdf,
KRG_HUEBNER_OAKS_TX,Huebner Oaks,Kite Realty Group,"San Antonio, TX",25,Unidentified Tenant,3060,Other,Kite Realty site plan,Other,3k-10k,No,No,No,No,Yes,Tenant/SF transcribed from Kite Realty market page/site plan PDF provided by user; some smaller/unclear labels were marked as Unidentified Tenant or Available where shown.,11745 IH-10 W.,FS_TX_Huebner-Oaks_2026-06-18-155652_iqqp.pdf,/mnt/data/FS_TX_Huebner-Oaks_2026-06-18-155652_iqqp.pdf,
KRG_HUEBNER_OAKS_TX,Huebner Oaks,Kite Realty Group,"San Antonio, TX",26,Unidentified Tenant,1925,Other,Kite Realty site plan,Other,0-3k,No,No,No,No,Yes,Tenant/SF transcribed from Kite Realty market page/site plan PDF provided by user; some smaller/unclear labels were marked as Unidentified Tenant or Available where shown.,11745 IH-10 W.,FS_TX_Huebner-Oaks_2026-06-18-155652_iqqp.pdf,/mnt/data/FS_TX_Huebner-Oaks_2026-06-18-155652_iqqp.pdf,
KRG_HUEBNER_OAKS_TX,Huebner Oaks,Kite Realty Group,"San Antonio, TX",27,Unidentified Tenant,4385,Other,Kite Realty site plan,Other,3k-10k,No,No,No,No,Yes,Tenant/SF transcribed from Kite Realty market page/site plan PDF provided by user; some smaller/unclear labels were marked as Unidentified Tenant or Available where shown.,11745 IH-10 W.,FS_TX_Huebner-Oaks_2026-06-18-155652_iqqp.pdf,/mnt/data/FS_TX_Huebner-Oaks_2026-06-18-155652_iqqp.pdf,
KRG_HUEBNER_OAKS_TX,Huebner Oaks,Kite Realty Group,"San Antonio, TX",28,Unidentified Tenant,3200,Other,Kite Realty site plan,Other,3k-10k,No,No,No,No,Yes,Tenant/SF transcribed from Kite Realty market page/site plan PDF provided by user; some smaller/unclear labels were marked as Unidentified Tenant or Available where shown.,11745 IH-10 W.,FS_TX_Huebner-Oaks_2026-06-18-155652_iqqp.pdf,/mnt/data/FS_TX_Huebner-Oaks_2026-06-18-155652_iqqp.pdf,
KRG_HUEBNER_OAKS_TX,Huebner Oaks,Kite Realty Group,"San Antonio, TX",28B,Unidentified Tenant,3411,Other,Kite Realty site plan,Other,3k-10k,No,No,No,No,Yes,Tenant/SF transcribed from Kite Realty market page/site plan PDF provided by user; some smaller/unclear labels were marked as Unidentified Tenant or Available where shown.,11745 IH-10 W.,FS_TX_Huebner-Oaks_2026-06-18-155652_iqqp.pdf,/mnt/data/FS_TX_Huebner-Oaks_2026-06-18-155652_iqqp.pdf,
KRG_HUEBNER_OAKS_TX,Huebner Oaks,Kite Realty Group,"San Antonio, TX",29,Unidentified Tenant,4300,Other,Kite Realty site plan,Other,3k-10k,No,No,No,No,Yes,Tenant/SF transcribed from Kite Realty market page/site plan PDF provided by user; some smaller/unclear labels were marked as Unidentified Tenant or Available where shown.,11745 IH-10 W.,FS_TX_Huebner-Oaks_2026-06-18-155652_iqqp.pdf,/mnt/data/FS_TX_Huebner-Oaks_2026-06-18-155652_iqqp.pdf,
KRG_HUEBNER_OAKS_TX,Huebner Oaks,Kite Realty Group,"San Antonio, TX",30,Available,2223,Available,Kite Realty site plan,Vacancy,0-3k,No,Yes,No,No,Yes,Tenant/SF transcribed from Kite Realty market page/site plan PDF provided by user; some smaller/unclear labels were marked as Unidentified Tenant or Available where shown.,11745 IH-10 W.,FS_TX_Huebner-Oaks_2026-06-18-155652_iqqp.pdf,/mnt/data/FS_TX_Huebner-Oaks_2026-06-18-155652_iqqp.pdf,
KRG_HUEBNER_OAKS_TX,Huebner Oaks,Kite Realty Group,"San Antonio, TX",31,Available,2556,Available,Kite Realty site plan,Vacancy,0-3k,No,Yes,No,No,Yes,Tenant/SF transcribed from Kite Realty market page/site plan PDF provided by user; some smaller/unclear labels were marked as Unidentified Tenant or Available where shown.,11745 IH-10 W.,FS_TX_Huebner-Oaks_2026-06-18-155652_iqqp.pdf,/mnt/data/FS_TX_Huebner-Oaks_2026-06-18-155652_iqqp.pdf,
KRG_HUEBNER_OAKS_TX,Huebner Oaks,Kite Realty Group,"San Antonio, TX",32,Cookie Cutters,2200,Restaurant,Kite Realty site plan,Food,0-3k,No,No,No,No,Yes,Tenant/SF transcribed from Kite Realty market page/site plan PDF provided by user; some smaller/unclear labels were marked as Unidentified Tenant or Available where shown.,11745 IH-10 W.,FS_TX_Huebner-Oaks_2026-06-18-155652_iqqp.pdf,/mnt/data/FS_TX_Huebner-Oaks_2026-06-18-155652_iqqp.pdf,
KRG_HUEBNER_OAKS_TX,Huebner Oaks,Kite Realty Group,"San Antonio, TX",33A,Available,1310,Available,Kite Realty site plan,Vacancy,0-3k,No,Yes,No,No,Yes,Tenant/SF transcribed from Kite Realty market page/site plan PDF provided by user; some smaller/unclear labels were marked as Unidentified Tenant or Available where shown.,11745 IH-10 W.,FS_TX_Huebner-Oaks_2026-06-18-155652_iqqp.pdf,/mnt/data/FS_TX_Huebner-Oaks_2026-06-18-155652_iqqp.pdf,
KRG_HUEBNER_OAKS_TX,Huebner Oaks,Kite Realty Group,"San Antonio, TX",33B,Unidentified Tenant,1822,Other,Kite Realty site plan,Other,0-3k,No,No,No,No,Yes,Tenant/SF transcribed from Kite Realty market page/site plan PDF provided by user; some smaller/unclear labels were marked as Unidentified Tenant or Available where shown.,11745 IH-10 W.,FS_TX_Huebner-Oaks_2026-06-18-155652_iqqp.pdf,/mnt/data/FS_TX_Huebner-Oaks_2026-06-18-155652_iqqp.pdf,
KRG_HUEBNER_OAKS_TX,Huebner Oaks,Kite Realty Group,"San Antonio, TX",34,Unidentified Tenant,4000,Other,Kite Realty site plan,Other,3k-10k,No,No,No,No,Yes,Tenant/SF transcribed from Kite Realty market page/site plan PDF provided by user; some smaller/unclear labels were marked as Unidentified Tenant or Available where shown.,11745 IH-10 W.,FS_TX_Huebner-Oaks_2026-06-18-155652_iqqp.pdf,/mnt/data/FS_TX_Huebner-Oaks_2026-06-18-155652_iqqp.pdf,
KRG_HUEBNER_OAKS_TX,Huebner Oaks,Kite Realty Group,"San Antonio, TX",34A,Unidentified Tenant,4990,Other,Kite Realty site plan,Other,3k-10k,No,No,No,No,Yes,Tenant/SF transcribed from Kite Realty market page/site plan PDF provided by user; some smaller/unclear labels were marked as Unidentified Tenant or Available where shown.,11745 IH-10 W.,FS_TX_Huebner-Oaks_2026-06-18-155652_iqqp.pdf,/mnt/data/FS_TX_Huebner-Oaks_2026-06-18-155652_iqqp.pdf,
KRG_HUEBNER_OAKS_TX,Huebner Oaks,Kite Realty Group,"San Antonio, TX",35,Unidentified Tenant,6115,Other,Kite Realty site plan,Other,3k-10k,No,No,No,No,Yes,Tenant/SF transcribed from Kite Realty market page/site plan PDF provided by user; some smaller/unclear labels were marked as Unidentified Tenant or Available where shown.,11745 IH-10 W.,FS_TX_Huebner-Oaks_2026-06-18-155652_iqqp.pdf,/mnt/data/FS_TX_Huebner-Oaks_2026-06-18-155652_iqqp.pdf,
KRG_HUEBNER_OAKS_TX,Huebner Oaks,Kite Realty Group,"San Antonio, TX",36,Unidentified Tenant,8036,Other,Kite Realty site plan,Other,3k-10k,No,No,No,No,Yes,Tenant/SF transcribed from Kite Realty market page/site plan PDF provided by user; some smaller/unclear labels were marked as Unidentified Tenant or Available where shown.,11745 IH-10 W.,FS_TX_Huebner-Oaks_2026-06-18-155652_iqqp.pdf,/mnt/data/FS_TX_Huebner-Oaks_2026-06-18-155652_iqqp.pdf,
KRG_HUEBNER_OAKS_TX,Huebner Oaks,Kite Realty Group,"San Antonio, TX",37,Umiya Sushi Stadium 14,27500,Restaurant,Kite Realty site plan,Food,10k+,No,No,Yes,No,No,Tenant/SF transcribed from Kite Realty market page/site plan PDF provided by user; some smaller/unclear labels were marked as Unidentified Tenant or Available where shown.,11745 IH-10 W.,FS_TX_Huebner-Oaks_2026-06-18-155652_iqqp.pdf,/mnt/data/FS_TX_Huebner-Oaks_2026-06-18-155652_iqqp.pdf,
KRG_HUEBNER_OAKS_TX,Huebner Oaks,Kite Realty Group,"San Antonio, TX",38,Unidentified Tenant,3234,Other,Kite Realty site plan,Other,3k-10k,No,No,No,No,Yes,Tenant/SF transcribed from Kite Realty market page/site plan PDF provided by user; some smaller/unclear labels were marked as Unidentified Tenant or Available where shown.,11745 IH-10 W.,FS_TX_Huebner-Oaks_2026-06-18-155652_iqqp.pdf,/mnt/data/FS_TX_Huebner-Oaks_2026-06-18-155652_iqqp.pdf,
KRG_HUEBNER_OAKS_TX,Huebner Oaks,Kite Realty Group,"San Antonio, TX",39,Unidentified Tenant,4735,Other,Kite Realty site plan,Other,3k-10k,No,No,No,No,Yes,Tenant/SF transcribed from Kite Realty market page/site plan PDF provided by user; some smaller/unclear labels were marked as Unidentified Tenant or Available where shown.,11745 IH-10 W.,FS_TX_Huebner-Oaks_2026-06-18-155652_iqqp.pdf,/mnt/data/FS_TX_Huebner-Oaks_2026-06-18-155652_iqqp.pdf,
KRG_HUEBNER_OAKS_TX,Huebner Oaks,Kite Realty Group,"San Antonio, TX",40,Unidentified Tenant,2254,Other,Kite Realty site plan,Other,0-3k,No,No,No,No,Yes,Tenant/SF transcribed from Kite Realty market page/site plan PDF provided by user; some smaller/unclear labels were marked as Unidentified Tenant or Available where shown.,11745 IH-10 W.,FS_TX_Huebner-Oaks_2026-06-18-155652_iqqp.pdf,/mnt/data/FS_TX_Huebner-Oaks_2026-06-18-155652_iqqp.pdf,
KRG_HUEBNER_OAKS_TX,Huebner Oaks,Kite Realty Group,"San Antonio, TX",41,Diamond & Jewelry Gallery,1264,Retail,Kite Realty site plan,Hard Goods,0-3k,No,No,No,No,Yes,Tenant/SF transcribed from Kite Realty market page/site plan PDF provided by user; some smaller/unclear labels were marked as Unidentified Tenant or Available where shown.,11745 IH-10 W.,FS_TX_Huebner-Oaks_2026-06-18-155652_iqqp.pdf,/mnt/data/FS_TX_Huebner-Oaks_2026-06-18-155652_iqqp.pdf,
KRG_HUEBNER_OAKS_TX,Huebner Oaks,Kite Realty Group,"San Antonio, TX",42,Unidentified Tenant,1000,Other,Kite Realty site plan,Other,0-3k,No,No,No,No,Yes,Tenant/SF transcribed from Kite Realty market page/site plan PDF provided by user; some smaller/unclear labels were marked as Unidentified Tenant or Available where shown.,11745 IH-10 W.,FS_TX_Huebner-Oaks_2026-06-18-155652_iqqp.pdf,/mnt/data/FS_TX_Huebner-Oaks_2026-06-18-155652_iqqp.pdf,
KRG_HUEBNER_OAKS_TX,Huebner Oaks,Kite Realty Group,"San Antonio, TX",43,Thread Brow Studio & Salon,854,Service,Kite Realty site plan,Service,0-3k,No,No,No,No,Yes,Tenant/SF transcribed from Kite Realty market page/site plan PDF provided by user; some smaller/unclear labels were marked as Unidentified Tenant or Available where shown.,11745 IH-10 W.,FS_TX_Huebner-Oaks_2026-06-18-155652_iqqp.pdf,/mnt/data/FS_TX_Huebner-Oaks_2026-06-18-155652_iqqp.pdf,
KRG_HUEBNER_OAKS_TX,Huebner Oaks,Kite Realty Group,"San Antonio, TX",44,Mama Mia's,1142,Restaurant,Kite Realty site plan,Food,0-3k,No,No,No,No,Yes,Tenant/SF transcribed from Kite Realty market page/site plan PDF provided by user; some smaller/unclear labels were marked as Unidentified Tenant or Available where shown.,11745 IH-10 W.,FS_TX_Huebner-Oaks_2026-06-18-155652_iqqp.pdf,/mnt/data/FS_TX_Huebner-Oaks_2026-06-18-155652_iqqp.pdf,
KRG_HUEBNER_OAKS_TX,Huebner Oaks,Kite Realty Group,"San Antonio, TX",45,Available,930,Available,Kite Realty site plan,Vacancy,0-3k,No,Yes,No,No,Yes,Tenant/SF transcribed from Kite Realty market page/site plan PDF provided by user; some smaller/unclear labels were marked as Unidentified Tenant or Available where shown.,11745 IH-10 W.,FS_TX_Huebner-Oaks_2026-06-18-155652_iqqp.pdf,/mnt/data/FS_TX_Huebner-Oaks_2026-06-18-155652_iqqp.pdf,
KRG_HUEBNER_OAKS_TX,Huebner Oaks,Kite Realty Group,"San Antonio, TX",46,Unidentified Tenant,1542,Other,Kite Realty site plan,Other,0-3k,No,No,No,No,Yes,Tenant/SF transcribed from Kite Realty market page/site plan PDF provided by user; some smaller/unclear labels were marked as Unidentified Tenant or Available where shown.,11745 IH-10 W.,FS_TX_Huebner-Oaks_2026-06-18-155652_iqqp.pdf,/mnt/data/FS_TX_Huebner-Oaks_2026-06-18-155652_iqqp.pdf,
KRG_HUEBNER_OAKS_TX,Huebner Oaks,Kite Realty Group,"San Antonio, TX",47,Fire Wok,2500,Restaurant,Kite Realty site plan,Food,0-3k,No,No,No,No,Yes,Tenant/SF transcribed from Kite Realty market page/site plan PDF provided by user; some smaller/unclear labels were marked as Unidentified Tenant or Available where shown.,11745 IH-10 W.,FS_TX_Huebner-Oaks_2026-06-18-155652_iqqp.pdf,/mnt/data/FS_TX_Huebner-Oaks_2026-06-18-155652_iqqp.pdf,
KRG_HUEBNER_OAKS_TX,Huebner Oaks,Kite Realty Group,"San Antonio, TX",48,Unidentified Tenant,3917,Other,Kite Realty site plan,Other,3k-10k,No,No,No,No,Yes,Tenant/SF transcribed from Kite Realty market page/site plan PDF provided by user; some smaller/unclear labels were marked as Unidentified Tenant or Available where shown.,11745 IH-10 W.,FS_TX_Huebner-Oaks_2026-06-18-155652_iqqp.pdf,/mnt/data/FS_TX_Huebner-Oaks_2026-06-18-155652_iqqp.pdf,
KRG_HUEBNER_OAKS_TX,Huebner Oaks,Kite Realty Group,"San Antonio, TX",49,Unidentified Tenant,1663,Other,Kite Realty site plan,Other,0-3k,No,No,No,No,Yes,Tenant/SF transcribed from Kite Realty market page/site plan PDF provided by user; some smaller/unclear labels were marked as Unidentified Tenant or Available where shown.,11745 IH-10 W.,FS_TX_Huebner-Oaks_2026-06-18-155652_iqqp.pdf,/mnt/data/FS_TX_Huebner-Oaks_2026-06-18-155652_iqqp.pdf,
KRG_HUEBNER_OAKS_TX,Huebner Oaks,Kite Realty Group,"San Antonio, TX",50,Unidentified Tenant,1155,Other,Kite Realty site plan,Other,0-3k,No,No,No,No,Yes,Tenant/SF transcribed from Kite Realty market page/site plan PDF provided by user; some smaller/unclear labels were marked as Unidentified Tenant or Available where shown.,11745 IH-10 W.,FS_TX_Huebner-Oaks_2026-06-18-155652_iqqp.pdf,/mnt/data/FS_TX_Huebner-Oaks_2026-06-18-155652_iqqp.pdf,
KRG_HUEBNER_OAKS_TX,Huebner Oaks,Kite Realty Group,"San Antonio, TX",51,Unidentified Tenant,1057,Other,Kite Realty site plan,Other,0-3k,No,No,No,No,Yes,Tenant/SF transcribed from Kite Realty market page/site plan PDF provided by user; some smaller/unclear labels were marked as Unidentified Tenant or Available where shown.,11745 IH-10 W.,FS_TX_Huebner-Oaks_2026-06-18-155652_iqqp.pdf,/mnt/data/FS_TX_Huebner-Oaks_2026-06-18-155652_iqqp.pdf,
KRG_HUEBNER_OAKS_TX,Huebner Oaks,Kite Realty Group,"San Antonio, TX",52,Available,3682,Available,Kite Realty site plan,Vacancy,3k-10k,No,Yes,No,No,Yes,Tenant/SF transcribed from Kite Realty market page/site plan PDF provided by user; some smaller/unclear labels were marked as Unidentified Tenant or Available where shown.,11745 IH-10 W.,FS_TX_Huebner-Oaks_2026-06-18-155652_iqqp.pdf,/mnt/data/FS_TX_Huebner-Oaks_2026-06-18-155652_iqqp.pdf,
KRG_HUEBNER_OAKS_TX,Huebner Oaks,Kite Realty Group,"San Antonio, TX",53,Unidentified Tenant,2083,Other,Kite Realty site plan,Other,0-3k,No,No,No,No,Yes,Tenant/SF transcribed from Kite Realty market page/site plan PDF provided by user; some smaller/unclear labels were marked as Unidentified Tenant or Available where shown.,11745 IH-10 W.,FS_TX_Huebner-Oaks_2026-06-18-155652_iqqp.pdf,/mnt/data/FS_TX_Huebner-Oaks_2026-06-18-155652_iqqp.pdf,
KRG_HUEBNER_OAKS_TX,Huebner Oaks,Kite Realty Group,"San Antonio, TX",54,Van's Nail Salon,1803,Service,Kite Realty site plan,Service,0-3k,No,No,No,No,Yes,Tenant/SF transcribed from Kite Realty market page/site plan PDF provided by user; some smaller/unclear labels were marked as Unidentified Tenant or Available where shown.,11745 IH-10 W.,FS_TX_Huebner-Oaks_2026-06-18-155652_iqqp.pdf,/mnt/data/FS_TX_Huebner-Oaks_2026-06-18-155652_iqqp.pdf,
KRG_HUEBNER_OAKS_TX,Huebner Oaks,Kite Realty Group,"San Antonio, TX",55,Unidentified Tenant,3914,Other,Kite Realty site plan,Other,3k-10k,No,No,No,No,Yes,Tenant/SF transcribed from Kite Realty market page/site plan PDF provided by user; some smaller/unclear labels were marked as Unidentified Tenant or Available where shown.,11745 IH-10 W.,FS_TX_Huebner-Oaks_2026-06-18-155652_iqqp.pdf,/mnt/data/FS_TX_Huebner-Oaks_2026-06-18-155652_iqqp.pdf,
KRG_HUEBNER_OAKS_TX,Huebner Oaks,Kite Realty Group,"San Antonio, TX",56,Available,1000,Available,Kite Realty site plan,Vacancy,0-3k,No,Yes,No,No,Yes,Tenant/SF transcribed from Kite Realty market page/site plan PDF provided by user; some smaller/unclear labels were marked as Unidentified Tenant or Available where shown.,11745 IH-10 W.,FS_TX_Huebner-Oaks_2026-06-18-155652_iqqp.pdf,/mnt/data/FS_TX_Huebner-Oaks_2026-06-18-155652_iqqp.pdf,
KRG_HUEBNER_OAKS_TX,Huebner Oaks,Kite Realty Group,"San Antonio, TX",57,Unidentified Tenant,4498,Other,Kite Realty site plan,Other,3k-10k,No,No,No,No,Yes,Tenant/SF transcribed from Kite Realty market page/site plan PDF provided by user; some smaller/unclear labels were marked as Unidentified Tenant or Available where shown.,11745 IH-10 W.,FS_TX_Huebner-Oaks_2026-06-18-155652_iqqp.pdf,/mnt/data/FS_TX_Huebner-Oaks_2026-06-18-155652_iqqp.pdf,
KRG_FORT_EVANS_PLAZA_II_VA,Fort Evans Plaza II,Kite Realty Group,"Leesburg, VA",1,Unidentified Tenant,4033,Other,Kite Realty site plan,Other,3k-10k,No,No,No,No,Yes,Tenant/SF transcribed from Kite Realty market page/site plan PDF provided by user; some smaller/unclear labels were marked as Unidentified Tenant or Available where shown.,524 Fort Evans Road NE,FS_VA_Fort-Evans-Plaza-II_2025-11-10-211810_kpte.pdf,/mnt/data/FS_VA_Fort-Evans-Plaza-II_2025-11-10-211810_kpte.pdf,
KRG_FORT_EVANS_PLAZA_II_VA,Fort Evans Plaza II,Kite Realty Group,"Leesburg, VA",2,Marshalls,26688,Apparel,Kite Realty site plan,Soft Goods,10k+,No,No,Yes,Yes,No,Tenant/SF transcribed from Kite Realty market page/site plan PDF provided by user; some smaller/unclear labels were marked as Unidentified Tenant or Available where shown.,524 Fort Evans Road NE,FS_VA_Fort-Evans-Plaza-II_2025-11-10-211810_kpte.pdf,/mnt/data/FS_VA_Fort-Evans-Plaza-II_2025-11-10-211810_kpte.pdf,
KRG_FORT_EVANS_PLAZA_II_VA,Fort Evans Plaza II,Kite Realty Group,"Leesburg, VA",002A,HomeGoods,14944,Retail,Kite Realty site plan,Hard Goods,10k+,No,No,Yes,Yes,No,Tenant/SF transcribed from Kite Realty market page/site plan PDF provided by user; some smaller/unclear labels were marked as Unidentified Tenant or Available where shown.,524 Fort Evans Road NE,FS_VA_Fort-Evans-Plaza-II_2025-11-10-211810_kpte.pdf,/mnt/data/FS_VA_Fort-Evans-Plaza-II_2025-11-10-211810_kpte.pdf,
KRG_FORT_EVANS_PLAZA_II_VA,Fort Evans Plaza II,Kite Realty Group,"Leesburg, VA",4,Unidentified Tenant,4576,Other,Kite Realty site plan,Other,3k-10k,No,No,No,No,Yes,Tenant/SF transcribed from Kite Realty market page/site plan PDF provided by user; some smaller/unclear labels were marked as Unidentified Tenant or Available where shown.,524 Fort Evans Road NE,FS_VA_Fort-Evans-Plaza-II_2025-11-10-211810_kpte.pdf,/mnt/data/FS_VA_Fort-Evans-Plaza-II_2025-11-10-211810_kpte.pdf,
KRG_FORT_EVANS_PLAZA_II_VA,Fort Evans Plaza II,Kite Realty Group,"Leesburg, VA",5,Available,4538,Available,Kite Realty site plan,Vacancy,3k-10k,No,Yes,No,No,Yes,Tenant/SF transcribed from Kite Realty market page/site plan PDF provided by user; some smaller/unclear labels were marked as Unidentified Tenant or Available where shown.,524 Fort Evans Road NE,FS_VA_Fort-Evans-Plaza-II_2025-11-10-211810_kpte.pdf,/mnt/data/FS_VA_Fort-Evans-Plaza-II_2025-11-10-211810_kpte.pdf,
KRG_FORT_EVANS_PLAZA_II_VA,Fort Evans Plaza II,Kite Realty Group,"Leesburg, VA",6,Unidentified Tenant,9000,Other,Kite Realty site plan,Other,3k-10k,No,No,No,No,Yes,Tenant/SF transcribed from Kite Realty market page/site plan PDF provided by user; some smaller/unclear labels were marked as Unidentified Tenant or Available where shown.,524 Fort Evans Road NE,FS_VA_Fort-Evans-Plaza-II_2025-11-10-211810_kpte.pdf,/mnt/data/FS_VA_Fort-Evans-Plaza-II_2025-11-10-211810_kpte.pdf,
KRG_FORT_EVANS_PLAZA_II_VA,Fort Evans Plaza II,Kite Realty Group,"Leesburg, VA",7,Unidentified Tenant,7397,Other,Kite Realty site plan,Other,3k-10k,No,No,No,No,Yes,Tenant/SF transcribed from Kite Realty market page/site plan PDF provided by user; some smaller/unclear labels were marked as Unidentified Tenant or Available where shown.,524 Fort Evans Road NE,FS_VA_Fort-Evans-Plaza-II_2025-11-10-211810_kpte.pdf,/mnt/data/FS_VA_Fort-Evans-Plaza-II_2025-11-10-211810_kpte.pdf,
KRG_FORT_EVANS_PLAZA_II_VA,Fort Evans Plaza II,Kite Realty Group,"Leesburg, VA",8,Instyle Nail Salon,5065,Service,Kite Realty site plan,Service,3k-10k,No,No,No,No,Yes,Tenant/SF transcribed from Kite Realty market page/site plan PDF provided by user; some smaller/unclear labels were marked as Unidentified Tenant or Available where shown.,524 Fort Evans Road NE,FS_VA_Fort-Evans-Plaza-II_2025-11-10-211810_kpte.pdf,/mnt/data/FS_VA_Fort-Evans-Plaza-II_2025-11-10-211810_kpte.pdf,
KRG_FORT_EVANS_PLAZA_II_VA,Fort Evans Plaza II,Kite Realty Group,"Leesburg, VA",9,Bubbles Salon,1621,Service,Kite Realty site plan,Service,0-3k,No,No,No,No,Yes,Tenant/SF transcribed from Kite Realty market page/site plan PDF provided by user; some smaller/unclear labels were marked as Unidentified Tenant or Available where shown.,524 Fort Evans Road NE,FS_VA_Fort-Evans-Plaza-II_2025-11-10-211810_kpte.pdf,/mnt/data/FS_VA_Fort-Evans-Plaza-II_2025-11-10-211810_kpte.pdf,
KRG_FORT_EVANS_PLAZA_II_VA,Fort Evans Plaza II,Kite Realty Group,"Leesburg, VA",10,Unidentified Tenant,1314,Other,Kite Realty site plan,Other,0-3k,No,No,No,No,Yes,Tenant/SF transcribed from Kite Realty market page/site plan PDF provided by user; some smaller/unclear labels were marked as Unidentified Tenant or Available where shown.,524 Fort Evans Road NE,FS_VA_Fort-Evans-Plaza-II_2025-11-10-211810_kpte.pdf,/mnt/data/FS_VA_Fort-Evans-Plaza-II_2025-11-10-211810_kpte.pdf,
KRG_FORT_EVANS_PLAZA_II_VA,Fort Evans Plaza II,Kite Realty Group,"Leesburg, VA",11,Unidentified Tenant,1373,Other,Kite Realty site plan,Other,0-3k,No,No,No,No,Yes,Tenant/SF transcribed from Kite Realty market page/site plan PDF provided by user; some smaller/unclear labels were marked as Unidentified Tenant or Available where shown.,524 Fort Evans Road NE,FS_VA_Fort-Evans-Plaza-II_2025-11-10-211810_kpte.pdf,/mnt/data/FS_VA_Fort-Evans-Plaza-II_2025-11-10-211810_kpte.pdf,
KRG_FORT_EVANS_PLAZA_II_VA,Fort Evans Plaza II,Kite Realty Group,"Leesburg, VA",12,Available,6113,Available,Kite Realty site plan,Vacancy,3k-10k,No,Yes,No,No,Yes,Tenant/SF transcribed from Kite Realty market page/site plan PDF provided by user; some smaller/unclear labels were marked as Unidentified Tenant or Available where shown.,524 Fort Evans Road NE,FS_VA_Fort-Evans-Plaza-II_2025-11-10-211810_kpte.pdf,/mnt/data/FS_VA_Fort-Evans-Plaza-II_2025-11-10-211810_kpte.pdf,
KRG_FORT_EVANS_PLAZA_II_VA,Fort Evans Plaza II,Kite Realty Group,"Leesburg, VA",13,Trader Joe's,14809,Grocery,Kite Realty site plan,Food,10k+,Yes,No,Yes,Yes,No,Tenant/SF transcribed from Kite Realty market page/site plan PDF provided by user; some smaller/unclear labels were marked as Unidentified Tenant or Available where shown.,524 Fort Evans Road NE,FS_VA_Fort-Evans-Plaza-II_2025-11-10-211810_kpte.pdf,/mnt/data/FS_VA_Fort-Evans-Plaza-II_2025-11-10-211810_kpte.pdf,
KRG_FORT_EVANS_PLAZA_II_VA,Fort Evans Plaza II,Kite Realty Group,"Leesburg, VA",14,AT&T,3603,Other,Kite Realty site plan,Other,3k-10k,No,No,No,No,Yes,Tenant/SF transcribed from Kite Realty market page/site plan PDF provided by user; some smaller/unclear labels were marked as Unidentified Tenant or Available where shown.,524 Fort Evans Road NE,FS_VA_Fort-Evans-Plaza-II_2025-11-10-211810_kpte.pdf,/mnt/data/FS_VA_Fort-Evans-Plaza-II_2025-11-10-211810_kpte.pdf,
KRG_FORT_EVANS_PLAZA_II_VA,Fort Evans Plaza II,Kite Realty Group,"Leesburg, VA",15,Mattress Warehouse,6494,Retail,Kite Realty site plan,Hard Goods,3k-10k,No,No,No,No,Yes,Tenant/SF transcribed from Kite Realty market page/site plan PDF provided by user; some smaller/unclear labels were marked as Unidentified Tenant or Available where shown.,524 Fort Evans Road NE,FS_VA_Fort-Evans-Plaza-II_2025-11-10-211810_kpte.pdf,/mnt/data/FS_VA_Fort-Evans-Plaza-II_2025-11-10-211810_kpte.pdf,
KRG_FORT_EVANS_PLAZA_II_VA,Fort Evans Plaza II,Kite Realty Group,"Leesburg, VA",16,Unidentified Tenant,7490,Other,Kite Realty site plan,Other,3k-10k,No,No,No,No,Yes,Tenant/SF transcribed from Kite Realty market page/site plan PDF provided by user; some smaller/unclear labels were marked as Unidentified Tenant or Available where shown.,524 Fort Evans Road NE,FS_VA_Fort-Evans-Plaza-II_2025-11-10-211810_kpte.pdf,/mnt/data/FS_VA_Fort-Evans-Plaza-II_2025-11-10-211810_kpte.pdf,
KRG_FORT_EVANS_PLAZA_II_VA,Fort Evans Plaza II,Kite Realty Group,"Leesburg, VA",17,RH Outlet,27896,Other,Kite Realty site plan,Other,10k+,No,No,Yes,No,No,Tenant/SF transcribed from Kite Realty market page/site plan PDF provided by user; some smaller/unclear labels were marked as Unidentified Tenant or Available where shown.,524 Fort Evans Road NE,FS_VA_Fort-Evans-Plaza-II_2025-11-10-211810_kpte.pdf,/mnt/data/FS_VA_Fort-Evans-Plaza-II_2025-11-10-211810_kpte.pdf,
KRG_FORT_EVANS_PLAZA_II_VA,Fort Evans Plaza II,Kite Realty Group,"Leesburg, VA",18,Crunch Fitness,30126,Service,Kite Realty site plan,Service,10k+,No,No,Yes,No,No,Tenant/SF transcribed from Kite Realty market page/site plan PDF provided by user; some smaller/unclear labels were marked as Unidentified Tenant or Available where shown.,524 Fort Evans Road NE,FS_VA_Fort-Evans-Plaza-II_2025-11-10-211810_kpte.pdf,/mnt/data/FS_VA_Fort-Evans-Plaza-II_2025-11-10-211810_kpte.pdf,
KRG_FORT_EVANS_PLAZA_II_VA,Fort Evans Plaza II,Kite Realty Group,"Leesburg, VA",19,Unidentified Tenant,34124,Other,Kite Realty site plan,Other,10k+,No,No,Yes,No,No,Tenant/SF transcribed from Kite Realty market page/site plan PDF provided by user; some smaller/unclear labels were marked as Unidentified Tenant or Available where shown.,524 Fort Evans Road NE,FS_VA_Fort-Evans-Plaza-II_2025-11-10-211810_kpte.pdf,/mnt/data/FS_VA_Fort-Evans-Plaza-II_2025-11-10-211810_kpte.pdf,
KRG_FORT_EVANS_PLAZA_II_VA,Fort Evans Plaza II,Kite Realty Group,"Leesburg, VA",21,Unidentified Tenant,4029,Other,Kite Realty site plan,Other,3k-10k,No,No,No,No,Yes,Tenant/SF transcribed from Kite Realty market page/site plan PDF provided by user; some smaller/unclear labels were marked as Unidentified Tenant or Available where shown.,524 Fort Evans Road NE,FS_VA_Fort-Evans-Plaza-II_2025-11-10-211810_kpte.pdf,/mnt/data/FS_VA_Fort-Evans-Plaza-II_2025-11-10-211810_kpte.pdf,
KRG_FORT_EVANS_PLAZA_II_VA,Fort Evans Plaza II,Kite Realty Group,"Leesburg, VA",22,Pho Royal II,2150,Other,Kite Realty site plan,Other,0-3k,No,No,No,No,Yes,Tenant/SF transcribed from Kite Realty market page/site plan PDF provided by user; some smaller/unclear labels were marked as Unidentified Tenant or Available where shown.,524 Fort Evans Road NE,FS_VA_Fort-Evans-Plaza-II_2025-11-10-211810_kpte.pdf,/mnt/data/FS_VA_Fort-Evans-Plaza-II_2025-11-10-211810_kpte.pdf,
KRG_FORT_EVANS_PLAZA_II_VA,Fort Evans Plaza II,Kite Realty Group,"Leesburg, VA",23,Pollo Inti II,3570,Other,Kite Realty site plan,Other,3k-10k,No,No,No,No,Yes,Tenant/SF transcribed from Kite Realty market page/site plan PDF provided by user; some smaller/unclear labels were marked as Unidentified Tenant or Available where shown.,524 Fort Evans Road NE,FS_VA_Fort-Evans-Plaza-II_2025-11-10-211810_kpte.pdf,/mnt/data/FS_VA_Fort-Evans-Plaza-II_2025-11-10-211810_kpte.pdf,
KRG_FORT_EVANS_PLAZA_II_VA,Fort Evans Plaza II,Kite Realty Group,"Leesburg, VA",24,Unidentified Tenant,2271,Other,Kite Realty site plan,Other,0-3k,No,No,No,No,Yes,Tenant/SF transcribed from Kite Realty market page/site plan PDF provided by user; some smaller/unclear labels were marked as Unidentified Tenant or Available where shown.,524 Fort Evans Road NE,FS_VA_Fort-Evans-Plaza-II_2025-11-10-211810_kpte.pdf,/mnt/data/FS_VA_Fort-Evans-Plaza-II_2025-11-10-211810_kpte.pdf,
KRG_FORT_EVANS_PLAZA_II_VA,Fort Evans Plaza II,Kite Realty Group,"Leesburg, VA",25,Unidentified Tenant,4686,Other,Kite Realty site plan,Other,3k-10k,No,No,No,No,Yes,Tenant/SF transcribed from Kite Realty market page/site plan PDF provided by user; some smaller/unclear labels were marked as Unidentified Tenant or Available where shown.,524 Fort Evans Road NE,FS_VA_Fort-Evans-Plaza-II_2025-11-10-211810_kpte.pdf,/mnt/data/FS_VA_Fort-Evans-Plaza-II_2025-11-10-211810_kpte.pdf,
KRG_JEFFERSON_COMMONS_VA,Jefferson Commons,Kite Realty Group,"Newport News, VA",1,Newport News Nutrition Corner,2400,Other,Kite Realty site plan,Other,0-3k,No,No,No,No,Yes,Tenant/SF transcribed from Kite Realty market page/site plan PDF provided by user; some smaller/unclear labels were marked as Unidentified Tenant or Available where shown.,12551 Jefferson Avenue,FS_VA_Jefferson-Commons_2026-03-18-140645_khqm.pdf,/mnt/data/FS_VA_Jefferson-Commons_2026-03-18-140645_khqm.pdf,
KRG_JEFFERSON_COMMONS_VA,Jefferson Commons,Kite Realty Group,"Newport News, VA",2,Unidentified Tenant,1600,Other,Kite Realty site plan,Other,0-3k,No,No,No,No,Yes,Tenant/SF transcribed from Kite Realty market page/site plan PDF provided by user; some smaller/unclear labels were marked as Unidentified Tenant or Available where shown.,12551 Jefferson Avenue,FS_VA_Jefferson-Commons_2026-03-18-140645_khqm.pdf,/mnt/data/FS_VA_Jefferson-Commons_2026-03-18-140645_khqm.pdf,
KRG_JEFFERSON_COMMONS_VA,Jefferson Commons,Kite Realty Group,"Newport News, VA",3,Unidentified Tenant,1440,Other,Kite Realty site plan,Other,0-3k,No,No,No,No,Yes,Tenant/SF transcribed from Kite Realty market page/site plan PDF provided by user; some smaller/unclear labels were marked as Unidentified Tenant or Available where shown.,12551 Jefferson Avenue,FS_VA_Jefferson-Commons_2026-03-18-140645_khqm.pdf,/mnt/data/FS_VA_Jefferson-Commons_2026-03-18-140645_khqm.pdf,
KRG_JEFFERSON_COMMONS_VA,Jefferson Commons,Kite Realty Group,"Newport News, VA",4,Unidentified Tenant,6500,Other,Kite Realty site plan,Other,3k-10k,No,No,No,No,Yes,Tenant/SF transcribed from Kite Realty market page/site plan PDF provided by user; some smaller/unclear labels were marked as Unidentified Tenant or Available where shown.,12551 Jefferson Avenue,FS_VA_Jefferson-Commons_2026-03-18-140645_khqm.pdf,/mnt/data/FS_VA_Jefferson-Commons_2026-03-18-140645_khqm.pdf,
KRG_JEFFERSON_COMMONS_VA,Jefferson Commons,Kite Realty Group,"Newport News, VA",5,Unidentified Tenant,3462,Other,Kite Realty site plan,Other,3k-10k,No,No,No,No,Yes,Tenant/SF transcribed from Kite Realty market page/site plan PDF provided by user; some smaller/unclear labels were marked as Unidentified Tenant or Available where shown.,12551 Jefferson Avenue,FS_VA_Jefferson-Commons_2026-03-18-140645_khqm.pdf,/mnt/data/FS_VA_Jefferson-Commons_2026-03-18-140645_khqm.pdf,
KRG_JEFFERSON_COMMONS_VA,Jefferson Commons,Kite Realty Group,"Newport News, VA",6,Unidentified Tenant,3000,Other,Kite Realty site plan,Other,3k-10k,No,No,No,No,Yes,Tenant/SF transcribed from Kite Realty market page/site plan PDF provided by user; some smaller/unclear labels were marked as Unidentified Tenant or Available where shown.,12551 Jefferson Avenue,FS_VA_Jefferson-Commons_2026-03-18-140645_khqm.pdf,/mnt/data/FS_VA_Jefferson-Commons_2026-03-18-140645_khqm.pdf,
KRG_JEFFERSON_COMMONS_VA,Jefferson Commons,Kite Realty Group,"Newport News, VA",7,Petco,12195,Retail,Kite Realty site plan,Hard Goods,10k+,No,No,Yes,Yes,No,Tenant/SF transcribed from Kite Realty market page/site plan PDF provided by user; some smaller/unclear labels were marked as Unidentified Tenant or Available where shown.,12551 Jefferson Avenue,FS_VA_Jefferson-Commons_2026-03-18-140645_khqm.pdf,/mnt/data/FS_VA_Jefferson-Commons_2026-03-18-140645_khqm.pdf,
KRG_JEFFERSON_COMMONS_VA,Jefferson Commons,Kite Realty Group,"Newport News, VA",8,Five Below,7540,Other,Kite Realty site plan,Other,3k-10k,No,No,No,No,Yes,Tenant/SF transcribed from Kite Realty market page/site plan PDF provided by user; some smaller/unclear labels were marked as Unidentified Tenant or Available where shown.,12551 Jefferson Avenue,FS_VA_Jefferson-Commons_2026-03-18-140645_khqm.pdf,/mnt/data/FS_VA_Jefferson-Commons_2026-03-18-140645_khqm.pdf,
KRG_JEFFERSON_COMMONS_VA,Jefferson Commons,Kite Realty Group,"Newport News, VA",8A,Unidentified Tenant,5250,Other,Kite Realty site plan,Other,3k-10k,No,No,No,No,Yes,Tenant/SF transcribed from Kite Realty market page/site plan PDF provided by user; some smaller/unclear labels were marked as Unidentified Tenant or Available where shown.,12551 Jefferson Avenue,FS_VA_Jefferson-Commons_2026-03-18-140645_khqm.pdf,/mnt/data/FS_VA_Jefferson-Commons_2026-03-18-140645_khqm.pdf,
KRG_JEFFERSON_COMMONS_VA,Jefferson Commons,Kite Realty Group,"Newport News, VA",9,Trader Joe's,15000,Grocery,Kite Realty site plan,Food,10k+,Yes,No,Yes,Yes,No,Tenant/SF transcribed from Kite Realty market page/site plan PDF provided by user; some smaller/unclear labels were marked as Unidentified Tenant or Available where shown.,12551 Jefferson Avenue,FS_VA_Jefferson-Commons_2026-03-18-140645_khqm.pdf,/mnt/data/FS_VA_Jefferson-Commons_2026-03-18-140645_khqm.pdf,
KRG_JEFFERSON_COMMONS_VA,Jefferson Commons,Kite Realty Group,"Newport News, VA",10,Total Wine & More,12800,Retail,Kite Realty site plan,Hard Goods,10k+,No,No,Yes,Yes,No,Tenant/SF transcribed from Kite Realty market page/site plan PDF provided by user; some smaller/unclear labels were marked as Unidentified Tenant or Available where shown.,12551 Jefferson Avenue,FS_VA_Jefferson-Commons_2026-03-18-140645_khqm.pdf,/mnt/data/FS_VA_Jefferson-Commons_2026-03-18-140645_khqm.pdf,
KRG_JEFFERSON_COMMONS_VA,Jefferson Commons,Kite Realty Group,"Newport News, VA",11,Unidentified Tenant,4400,Other,Kite Realty site plan,Other,3k-10k,No,No,No,No,Yes,Tenant/SF transcribed from Kite Realty market page/site plan PDF provided by user; some smaller/unclear labels were marked as Unidentified Tenant or Available where shown.,12551 Jefferson Avenue,FS_VA_Jefferson-Commons_2026-03-18-140645_khqm.pdf,/mnt/data/FS_VA_Jefferson-Commons_2026-03-18-140645_khqm.pdf,
KRG_JEFFERSON_COMMONS_VA,Jefferson Commons,Kite Realty Group,"Newport News, VA",12,T.J.Maxx,10838,Apparel,Kite Realty site plan,Soft Goods,10k+,No,No,Yes,Yes,No,Tenant/SF transcribed from Kite Realty market page/site plan PDF provided by user; some smaller/unclear labels were marked as Unidentified Tenant or Available where shown.,12551 Jefferson Avenue,FS_VA_Jefferson-Commons_2026-03-18-140645_khqm.pdf,/mnt/data/FS_VA_Jefferson-Commons_2026-03-18-140645_khqm.pdf,
KRG_JEFFERSON_COMMONS_VA,Jefferson Commons,Kite Realty Group,"Newport News, VA",13,Unidentified Tenant,3965,Other,Kite Realty site plan,Other,3k-10k,No,No,No,No,Yes,Tenant/SF transcribed from Kite Realty market page/site plan PDF provided by user; some smaller/unclear labels were marked as Unidentified Tenant or Available where shown.,12551 Jefferson Avenue,FS_VA_Jefferson-Commons_2026-03-18-140645_khqm.pdf,/mnt/data/FS_VA_Jefferson-Commons_2026-03-18-140645_khqm.pdf,
KRG_JEFFERSON_COMMONS_VA,Jefferson Commons,Kite Realty Group,"Newport News, VA",14,Unidentified Tenant,5133,Other,Kite Realty site plan,Other,3k-10k,No,No,No,No,Yes,Tenant/SF transcribed from Kite Realty market page/site plan PDF provided by user; some smaller/unclear labels were marked as Unidentified Tenant or Available where shown.,12551 Jefferson Avenue,FS_VA_Jefferson-Commons_2026-03-18-140645_khqm.pdf,/mnt/data/FS_VA_Jefferson-Commons_2026-03-18-140645_khqm.pdf,
KRG_JEFFERSON_COMMONS_VA,Jefferson Commons,Kite Realty Group,"Newport News, VA",15,Aldi,10000,Grocery,Kite Realty site plan,Food,10k+,Yes,No,Yes,Yes,No,Tenant/SF transcribed from Kite Realty market page/site plan PDF provided by user; some smaller/unclear labels were marked as Unidentified Tenant or Available where shown.,12551 Jefferson Avenue,FS_VA_Jefferson-Commons_2026-03-18-140645_khqm.pdf,/mnt/data/FS_VA_Jefferson-Commons_2026-03-18-140645_khqm.pdf,
KRG_JEFFERSON_COMMONS_VA,Jefferson Commons,Kite Realty Group,"Newport News, VA",16,Ross,30000,Apparel,Kite Realty site plan,Soft Goods,10k+,No,No,Yes,Yes,No,Tenant/SF transcribed from Kite Realty market page/site plan PDF provided by user; some smaller/unclear labels were marked as Unidentified Tenant or Available where shown.,12551 Jefferson Avenue,FS_VA_Jefferson-Commons_2026-03-18-140645_khqm.pdf,/mnt/data/FS_VA_Jefferson-Commons_2026-03-18-140645_khqm.pdf,
KRG_JEFFERSON_COMMONS_VA,Jefferson Commons,Kite Realty Group,"Newport News, VA",17,HomeGoods,30187,Retail,Kite Realty site plan,Hard Goods,10k+,No,No,Yes,Yes,No,Tenant/SF transcribed from Kite Realty market page/site plan PDF provided by user; some smaller/unclear labels were marked as Unidentified Tenant or Available where shown.,12551 Jefferson Avenue,FS_VA_Jefferson-Commons_2026-03-18-140645_khqm.pdf,/mnt/data/FS_VA_Jefferson-Commons_2026-03-18-140645_khqm.pdf,
KRG_JEFFERSON_COMMONS_VA,Jefferson Commons,Kite Realty Group,"Newport News, VA",18,Kohl's,21305,Retail,Kite Realty site plan,Hard Goods,10k+,No,No,Yes,Yes,No,Tenant/SF transcribed from Kite Realty market page/site plan PDF provided by user; some smaller/unclear labels were marked as Unidentified Tenant or Available where shown.,12551 Jefferson Avenue,FS_VA_Jefferson-Commons_2026-03-18-140645_khqm.pdf,/mnt/data/FS_VA_Jefferson-Commons_2026-03-18-140645_khqm.pdf,
KRG_JEFFERSON_COMMONS_VA,Jefferson Commons,Kite Realty Group,"Newport News, VA",19,Unidentified Tenant,10448,Other,Kite Realty site plan,Other,10k+,No,No,Yes,No,No,Tenant/SF transcribed from Kite Realty market page/site plan PDF provided by user; some smaller/unclear labels were marked as Unidentified Tenant or Available where shown.,12551 Jefferson Avenue,FS_VA_Jefferson-Commons_2026-03-18-140645_khqm.pdf,/mnt/data/FS_VA_Jefferson-Commons_2026-03-18-140645_khqm.pdf,
KRG_JEFFERSON_COMMONS_VA,Jefferson Commons,Kite Realty Group,"Newport News, VA",20,Unidentified Tenant,15306,Other,Kite Realty site plan,Other,10k+,No,No,Yes,No,No,Tenant/SF transcribed from Kite Realty market page/site plan PDF provided by user; some smaller/unclear labels were marked as Unidentified Tenant or Available where shown.,12551 Jefferson Avenue,FS_VA_Jefferson-Commons_2026-03-18-140645_khqm.pdf,/mnt/data/FS_VA_Jefferson-Commons_2026-03-18-140645_khqm.pdf,
KRG_JEFFERSON_COMMONS_VA,Jefferson Commons,Kite Realty Group,"Newport News, VA",21,Unidentified Tenant,4983,Other,Kite Realty site plan,Other,3k-10k,No,No,No,No,Yes,Tenant/SF transcribed from Kite Realty market page/site plan PDF provided by user; some smaller/unclear labels were marked as Unidentified Tenant or Available where shown.,12551 Jefferson Avenue,FS_VA_Jefferson-Commons_2026-03-18-140645_khqm.pdf,/mnt/data/FS_VA_Jefferson-Commons_2026-03-18-140645_khqm.pdf,
KRG_JEFFERSON_COMMONS_VA,Jefferson Commons,Kite Realty Group,"Newport News, VA",22,Available,2000,Available,Kite Realty site plan,Vacancy,0-3k,No,Yes,No,No,Yes,Tenant/SF transcribed from Kite Realty market page/site plan PDF provided by user; some smaller/unclear labels were marked as Unidentified Tenant or Available where shown.,12551 Jefferson Avenue,FS_VA_Jefferson-Commons_2026-03-18-140645_khqm.pdf,/mnt/data/FS_VA_Jefferson-Commons_2026-03-18-140645_khqm.pdf,
KRG_JEFFERSON_COMMONS_VA,Jefferson Commons,Kite Realty Group,"Newport News, VA",24,Unidentified Tenant,6000,Other,Kite Realty site plan,Other,3k-10k,No,No,No,No,Yes,Tenant/SF transcribed from Kite Realty market page/site plan PDF provided by user; some smaller/unclear labels were marked as Unidentified Tenant or Available where shown.,12551 Jefferson Avenue,FS_VA_Jefferson-Commons_2026-03-18-140645_khqm.pdf,/mnt/data/FS_VA_Jefferson-Commons_2026-03-18-140645_khqm.pdf,
KRG_JEFFERSON_COMMONS_VA,Jefferson Commons,Kite Realty Group,"Newport News, VA",25,Newport News Smoke Shop,1600,Other,Kite Realty site plan,Other,0-3k,No,No,No,No,Yes,Tenant/SF transcribed from Kite Realty market page/site plan PDF provided by user; some smaller/unclear labels were marked as Unidentified Tenant or Available where shown.,12551 Jefferson Avenue,FS_VA_Jefferson-Commons_2026-03-18-140645_khqm.pdf,/mnt/data/FS_VA_Jefferson-Commons_2026-03-18-140645_khqm.pdf,
KRG_JEFFERSON_COMMONS_VA,Jefferson Commons,Kite Realty Group,"Newport News, VA",26,Unidentified Tenant,1228,Other,Kite Realty site plan,Other,0-3k,No,No,No,No,Yes,Tenant/SF transcribed from Kite Realty market page/site plan PDF provided by user; some smaller/unclear labels were marked as Unidentified Tenant or Available where shown.,12551 Jefferson Avenue,FS_VA_Jefferson-Commons_2026-03-18-140645_khqm.pdf,/mnt/data/FS_VA_Jefferson-Commons_2026-03-18-140645_khqm.pdf,
KRG_JEFFERSON_COMMONS_VA,Jefferson Commons,Kite Realty Group,"Newport News, VA",27,Unidentified Tenant,4412,Other,Kite Realty site plan,Other,3k-10k,No,No,No,No,Yes,Tenant/SF transcribed from Kite Realty market page/site plan PDF provided by user; some smaller/unclear labels were marked as Unidentified Tenant or Available where shown.,12551 Jefferson Avenue,FS_VA_Jefferson-Commons_2026-03-18-140645_khqm.pdf,/mnt/data/FS_VA_Jefferson-Commons_2026-03-18-140645_khqm.pdf,
KRG_JEFFERSON_COMMONS_VA,Jefferson Commons,Kite Realty Group,"Newport News, VA",28,Unidentified Tenant,1460,Other,Kite Realty site plan,Other,0-3k,No,No,No,No,Yes,Tenant/SF transcribed from Kite Realty market page/site plan PDF provided by user; some smaller/unclear labels were marked as Unidentified Tenant or Available where shown.,12551 Jefferson Avenue,FS_VA_Jefferson-Commons_2026-03-18-140645_khqm.pdf,/mnt/data/FS_VA_Jefferson-Commons_2026-03-18-140645_khqm.pdf,
KRG_JEFFERSON_COMMONS_VA,Jefferson Commons,Kite Realty Group,"Newport News, VA",29,Available,2000,Available,Kite Realty site plan,Vacancy,0-3k,No,Yes,No,No,Yes,Tenant/SF transcribed from Kite Realty market page/site plan PDF provided by user; some smaller/unclear labels were marked as Unidentified Tenant or Available where shown.,12551 Jefferson Avenue,FS_VA_Jefferson-Commons_2026-03-18-140645_khqm.pdf,/mnt/data/FS_VA_Jefferson-Commons_2026-03-18-140645_khqm.pdf,
KRG_JEFFERSON_COMMONS_VA,Jefferson Commons,Kite Realty Group,"Newport News, VA",30,Unidentified Tenant,1888,Other,Kite Realty site plan,Other,0-3k,No,No,No,No,Yes,Tenant/SF transcribed from Kite Realty market page/site plan PDF provided by user; some smaller/unclear labels were marked as Unidentified Tenant or Available where shown.,12551 Jefferson Avenue,FS_VA_Jefferson-Commons_2026-03-18-140645_khqm.pdf,/mnt/data/FS_VA_Jefferson-Commons_2026-03-18-140645_khqm.pdf,
KRG_JEFFERSON_COMMONS_VA,Jefferson Commons,Kite Realty Group,"Newport News, VA",31,Unidentified Tenant,2764,Other,Kite Realty site plan,Other,0-3k,No,No,No,No,Yes,Tenant/SF transcribed from Kite Realty market page/site plan PDF provided by user; some smaller/unclear labels were marked as Unidentified Tenant or Available where shown.,12551 Jefferson Avenue,FS_VA_Jefferson-Commons_2026-03-18-140645_khqm.pdf,/mnt/data/FS_VA_Jefferson-Commons_2026-03-18-140645_khqm.pdf,
KRG_JEFFERSON_COMMONS_VA,Jefferson Commons,Kite Realty Group,"Newport News, VA",32,Pho 79,1700,Other,Kite Realty site plan,Other,0-3k,No,No,No,No,Yes,Tenant/SF transcribed from Kite Realty market page/site plan PDF provided by user; some smaller/unclear labels were marked as Unidentified Tenant or Available where shown.,12551 Jefferson Avenue,FS_VA_Jefferson-Commons_2026-03-18-140645_khqm.pdf,/mnt/data/FS_VA_Jefferson-Commons_2026-03-18-140645_khqm.pdf,
KRG_JEFFERSON_COMMONS_VA,Jefferson Commons,Kite Realty Group,"Newport News, VA",33,Unidentified Tenant,1888,Other,Kite Realty site plan,Other,0-3k,No,No,No,No,Yes,Tenant/SF transcribed from Kite Realty market page/site plan PDF provided by user; some smaller/unclear labels were marked as Unidentified Tenant or Available where shown.,12551 Jefferson Avenue,FS_VA_Jefferson-Commons_2026-03-18-140645_khqm.pdf,/mnt/data/FS_VA_Jefferson-Commons_2026-03-18-140645_khqm.pdf,
KRG_JEFFERSON_COMMONS_VA,Jefferson Commons,Kite Realty Group,"Newport News, VA",34,Unidentified Tenant,990,Other,Kite Realty site plan,Other,0-3k,No,No,No,No,Yes,Tenant/SF transcribed from Kite Realty market page/site plan PDF provided by user; some smaller/unclear labels were marked as Unidentified Tenant or Available where shown.,12551 Jefferson Avenue,FS_VA_Jefferson-Commons_2026-03-18-140645_khqm.pdf,/mnt/data/FS_VA_Jefferson-Commons_2026-03-18-140645_khqm.pdf,
KRG_JEFFERSON_COMMONS_VA,Jefferson Commons,Kite Realty Group,"Newport News, VA",35,Unidentified Tenant,2578,Other,Kite Realty site plan,Other,0-3k,No,No,No,No,Yes,Tenant/SF transcribed from Kite Realty market page/site plan PDF provided by user; some smaller/unclear labels were marked as Unidentified Tenant or Available where shown.,12551 Jefferson Avenue,FS_VA_Jefferson-Commons_2026-03-18-140645_khqm.pdf,/mnt/data/FS_VA_Jefferson-Commons_2026-03-18-140645_khqm.pdf,
KRG_JEFFERSON_COMMONS_VA,Jefferson Commons,Kite Realty Group,"Newport News, VA",36,Unidentified Tenant,3198,Other,Kite Realty site plan,Other,3k-10k,No,No,No,No,Yes,Tenant/SF transcribed from Kite Realty market page/site plan PDF provided by user; some smaller/unclear labels were marked as Unidentified Tenant or Available where shown.,12551 Jefferson Avenue,FS_VA_Jefferson-Commons_2026-03-18-140645_khqm.pdf,/mnt/data/FS_VA_Jefferson-Commons_2026-03-18-140645_khqm.pdf,
KRG_JEFFERSON_COMMONS_VA,Jefferson Commons,Kite Realty Group,"Newport News, VA",37,Unidentified Tenant,4338,Other,Kite Realty site plan,Other,3k-10k,No,No,No,No,Yes,Tenant/SF transcribed from Kite Realty market page/site plan PDF provided by user; some smaller/unclear labels were marked as Unidentified Tenant or Available where shown.,12551 Jefferson Avenue,FS_VA_Jefferson-Commons_2026-03-18-140645_khqm.pdf,/mnt/data/FS_VA_Jefferson-Commons_2026-03-18-140645_khqm.pdf,
KRG_JEFFERSON_COMMONS_VA,Jefferson Commons,Kite Realty Group,"Newport News, VA",38,Unidentified Tenant,3630,Other,Kite Realty site plan,Other,3k-10k,No,No,No,No,Yes,Tenant/SF transcribed from Kite Realty market page/site plan PDF provided by user; some smaller/unclear labels were marked as Unidentified Tenant or Available where shown.,12551 Jefferson Avenue,FS_VA_Jefferson-Commons_2026-03-18-140645_khqm.pdf,/mnt/data/FS_VA_Jefferson-Commons_2026-03-18-140645_khqm.pdf,
KRG_JEFFERSON_COMMONS_VA,Jefferson Commons,Kite Realty Group,"Newport News, VA",39,Unidentified Tenant,1312,Other,Kite Realty site plan,Other,0-3k,No,No,No,No,Yes,Tenant/SF transcribed from Kite Realty market page/site plan PDF provided by user; some smaller/unclear labels were marked as Unidentified Tenant or Available where shown.,12551 Jefferson Avenue,FS_VA_Jefferson-Commons_2026-03-18-140645_khqm.pdf,/mnt/data/FS_VA_Jefferson-Commons_2026-03-18-140645_khqm.pdf,
KRG_JEFFERSON_COMMONS_VA,Jefferson Commons,Kite Realty Group,"Newport News, VA",40,Kim Mama's Bento Box,1763,Other,Kite Realty site plan,Other,0-3k,No,No,No,No,Yes,Tenant/SF transcribed from Kite Realty market page/site plan PDF provided by user; some smaller/unclear labels were marked as Unidentified Tenant or Available where shown.,12551 Jefferson Avenue,FS_VA_Jefferson-Commons_2026-03-18-140645_khqm.pdf,/mnt/data/FS_VA_Jefferson-Commons_2026-03-18-140645_khqm.pdf,
KRG_JEFFERSON_COMMONS_VA,Jefferson Commons,Kite Realty Group,"Newport News, VA",41,Poke Sushi Bowl,1230,Restaurant,Kite Realty site plan,Food,0-3k,No,No,No,No,Yes,Tenant/SF transcribed from Kite Realty market page/site plan PDF provided by user; some smaller/unclear labels were marked as Unidentified Tenant or Available where shown.,12551 Jefferson Avenue,FS_VA_Jefferson-Commons_2026-03-18-140645_khqm.pdf,/mnt/data/FS_VA_Jefferson-Commons_2026-03-18-140645_khqm.pdf,
KRG_JEFFERSON_COMMONS_VA,Jefferson Commons,Kite Realty Group,"Newport News, VA",42,Jefferson Nails,1230,Service,Kite Realty site plan,Service,0-3k,No,No,No,No,Yes,Tenant/SF transcribed from Kite Realty market page/site plan PDF provided by user; some smaller/unclear labels were marked as Unidentified Tenant or Available where shown.,12551 Jefferson Avenue,FS_VA_Jefferson-Commons_2026-03-18-140645_khqm.pdf,/mnt/data/FS_VA_Jefferson-Commons_2026-03-18-140645_khqm.pdf,
KRG_JEFFERSON_COMMONS_VA,Jefferson Commons,Kite Realty Group,"Newport News, VA",43,America's Best Wings,1230,Restaurant,Kite Realty site plan,Food,0-3k,No,No,No,No,Yes,Tenant/SF transcribed from Kite Realty market page/site plan PDF provided by user; some smaller/unclear labels were marked as Unidentified Tenant or Available where shown.,12551 Jefferson Avenue,FS_VA_Jefferson-Commons_2026-03-18-140645_khqm.pdf,/mnt/data/FS_VA_Jefferson-Commons_2026-03-18-140645_khqm.pdf,
KRG_JEFFERSON_COMMONS_VA,Jefferson Commons,Kite Realty Group,"Newport News, VA",44,Juan's Mexican Cafe & Cantina,6092,Restaurant,Kite Realty site plan,Food,3k-10k,No,No,No,No,Yes,Tenant/SF transcribed from Kite Realty market page/site plan PDF provided by user; some smaller/unclear labels were marked as Unidentified Tenant or Available where shown.,12551 Jefferson Avenue,FS_VA_Jefferson-Commons_2026-03-18-140645_khqm.pdf,/mnt/data/FS_VA_Jefferson-Commons_2026-03-18-140645_khqm.pdf,
KRG_JEFFERSON_COMMONS_VA,Jefferson Commons,Kite Realty Group,"Newport News, VA",45,Unidentified Tenant,1600,Other,Kite Realty site plan,Other,0-3k,No,No,No,No,Yes,Tenant/SF transcribed from Kite Realty market page/site plan PDF provided by user; some smaller/unclear labels were marked as Unidentified Tenant or Available where shown.,12551 Jefferson Avenue,FS_VA_Jefferson-Commons_2026-03-18-140645_khqm.pdf,/mnt/data/FS_VA_Jefferson-Commons_2026-03-18-140645_khqm.pdf,
KRG_JEFFERSON_COMMONS_VA,Jefferson Commons,Kite Realty Group,"Newport News, VA",46,Available,5999,Available,Kite Realty site plan,Vacancy,3k-10k,No,Yes,No,No,Yes,Tenant/SF transcribed from Kite Realty market page/site plan PDF provided by user; some smaller/unclear labels were marked as Unidentified Tenant or Available where shown.,12551 Jefferson Avenue,FS_VA_Jefferson-Commons_2026-03-18-140645_khqm.pdf,/mnt/data/FS_VA_Jefferson-Commons_2026-03-18-140645_khqm.pdf,
KRG_JEFFERSON_COMMONS_VA,Jefferson Commons,Kite Realty Group,"Newport News, VA",47,Unidentified Tenant,2406,Other,Kite Realty site plan,Other,0-3k,No,No,No,No,Yes,Tenant/SF transcribed from Kite Realty market page/site plan PDF provided by user; some smaller/unclear labels were marked as Unidentified Tenant or Available where shown.,12551 Jefferson Avenue,FS_VA_Jefferson-Commons_2026-03-18-140645_khqm.pdf,/mnt/data/FS_VA_Jefferson-Commons_2026-03-18-140645_khqm.pdf,
KRG_JEFFERSON_COMMONS_VA,Jefferson Commons,Kite Realty Group,"Newport News, VA",48,Unidentified Tenant,1600,Other,Kite Realty site plan,Other,0-3k,No,No,No,No,Yes,Tenant/SF transcribed from Kite Realty market page/site plan PDF provided by user; some smaller/unclear labels were marked as Unidentified Tenant or Available where shown.,12551 Jefferson Avenue,FS_VA_Jefferson-Commons_2026-03-18-140645_khqm.pdf,/mnt/data/FS_VA_Jefferson-Commons_2026-03-18-140645_khqm.pdf,
KRG_JEFFERSON_COMMONS_VA,Jefferson Commons,Kite Realty Group,"Newport News, VA",49,Unidentified Tenant,4800,Other,Kite Realty site plan,Other,3k-10k,No,No,No,No,Yes,Tenant/SF transcribed from Kite Realty market page/site plan PDF provided by user; some smaller/unclear labels were marked as Unidentified Tenant or Available where shown.,12551 Jefferson Avenue,FS_VA_Jefferson-Commons_2026-03-18-140645_khqm.pdf,/mnt/data/FS_VA_Jefferson-Commons_2026-03-18-140645_khqm.pdf,
KRG_JEFFERSON_COMMONS_VA,Jefferson Commons,Kite Realty Group,"Newport News, VA",50,Unidentified Tenant,7241,Other,Kite Realty site plan,Other,3k-10k,No,No,No,No,Yes,Tenant/SF transcribed from Kite Realty market page/site plan PDF provided by user; some smaller/unclear labels were marked as Unidentified Tenant or Available where shown.,12551 Jefferson Avenue,FS_VA_Jefferson-Commons_2026-03-18-140645_khqm.pdf,/mnt/data/FS_VA_Jefferson-Commons_2026-03-18-140645_khqm.pdf,
KRG_JEFFERSON_COMMONS_VA,Jefferson Commons,Kite Realty Group,"Newport News, VA",51,Unidentified Tenant,5697,Other,Kite Realty site plan,Other,3k-10k,No,No,No,No,Yes,Tenant/SF transcribed from Kite Realty market page/site plan PDF provided by user; some smaller/unclear labels were marked as Unidentified Tenant or Available where shown.,12551 Jefferson Avenue,FS_VA_Jefferson-Commons_2026-03-18-140645_khqm.pdf,/mnt/data/FS_VA_Jefferson-Commons_2026-03-18-140645_khqm.pdf,
KRG_JEFFERSON_COMMONS_VA,Jefferson Commons,Kite Realty Group,"Newport News, VA",52,Unidentified Tenant,6257,Other,Kite Realty site plan,Other,3k-10k,No,No,No,No,Yes,Tenant/SF transcribed from Kite Realty market page/site plan PDF provided by user; some smaller/unclear labels were marked as Unidentified Tenant or Available where shown.,12551 Jefferson Avenue,FS_VA_Jefferson-Commons_2026-03-18-140645_khqm.pdf,/mnt/data/FS_VA_Jefferson-Commons_2026-03-18-140645_khqm.pdf,
KRG_WOODINVILLE_PLAZA_WA,Woodinville Plaza,Kite Realty Group,"Woodinville, WA",001A,Unidentified Tenant,1500,Other,Kite Realty site plan,Other,0-3k,No,No,No,No,Yes,Tenant/SF transcribed from Kite Realty market page/site plan PDF provided by user; some smaller/unclear labels were marked as Unidentified Tenant or Available where shown.,14001 NE Woodinville Duvall Road,FS_WA_Woodinville-Plaza_2026-05-06-163000_rwcn.pdf,/mnt/data/FS_WA_Woodinville-Plaza_2026-05-06-163000_rwcn.pdf,
KRG_WOODINVILLE_PLAZA_WA,Woodinville Plaza,Kite Realty Group,"Woodinville, WA",002,Bobae Tea,2100,Restaurant,Kite Realty site plan,Food,0-3k,No,No,No,No,Yes,Tenant/SF transcribed from Kite Realty market page/site plan PDF provided by user; some smaller/unclear labels were marked as Unidentified Tenant or Available where shown.,14001 NE Woodinville Duvall Road,FS_WA_Woodinville-Plaza_2026-05-06-163000_rwcn.pdf,/mnt/data/FS_WA_Woodinville-Plaza_2026-05-06-163000_rwcn.pdf,
KRG_WOODINVILLE_PLAZA_WA,Woodinville Plaza,Kite Realty Group,"Woodinville, WA",003,Rainbow Cleaners,2400,Service,Kite Realty site plan,Service,0-3k,No,No,No,No,Yes,Tenant/SF transcribed from Kite Realty market page/site plan PDF provided by user; some smaller/unclear labels were marked as Unidentified Tenant or Available where shown.,14001 NE Woodinville Duvall Road,FS_WA_Woodinville-Plaza_2026-05-06-163000_rwcn.pdf,/mnt/data/FS_WA_Woodinville-Plaza_2026-05-06-163000_rwcn.pdf,
KRG_WOODINVILLE_PLAZA_WA,Woodinville Plaza,Kite Realty Group,"Woodinville, WA",004,Caliente Cocina & Tequila,1200,Restaurant,Kite Realty site plan,Food,0-3k,No,No,No,No,Yes,Tenant/SF transcribed from Kite Realty market page/site plan PDF provided by user; some smaller/unclear labels were marked as Unidentified Tenant or Available where shown.,14001 NE Woodinville Duvall Road,FS_WA_Woodinville-Plaza_2026-05-06-163000_rwcn.pdf,/mnt/data/FS_WA_Woodinville-Plaza_2026-05-06-163000_rwcn.pdf,
KRG_WOODINVILLE_PLAZA_WA,Woodinville Plaza,Kite Realty Group,"Woodinville, WA",005,Top Crepe,1200,Other,Kite Realty site plan,Other,0-3k,No,No,No,No,Yes,Tenant/SF transcribed from Kite Realty market page/site plan PDF provided by user; some smaller/unclear labels were marked as Unidentified Tenant or Available where shown.,14001 NE Woodinville Duvall Road,FS_WA_Woodinville-Plaza_2026-05-06-163000_rwcn.pdf,/mnt/data/FS_WA_Woodinville-Plaza_2026-05-06-163000_rwcn.pdf,
KRG_WOODINVILLE_PLAZA_WA,Woodinville Plaza,Kite Realty Group,"Woodinville, WA",006,Pasta Nova,900,Other,Kite Realty site plan,Other,0-3k,No,No,No,No,Yes,Tenant/SF transcribed from Kite Realty market page/site plan PDF provided by user; some smaller/unclear labels were marked as Unidentified Tenant or Available where shown.,14001 NE Woodinville Duvall Road,FS_WA_Woodinville-Plaza_2026-05-06-163000_rwcn.pdf,/mnt/data/FS_WA_Woodinville-Plaza_2026-05-06-163000_rwcn.pdf,
KRG_WOODINVILLE_PLAZA_WA,Woodinville Plaza,Kite Realty Group,"Woodinville, WA",007,Seattle Sun Tan,1485,Service,Kite Realty site plan,Service,0-3k,No,No,No,No,Yes,Tenant/SF transcribed from Kite Realty market page/site plan PDF provided by user; some smaller/unclear labels were marked as Unidentified Tenant or Available where shown.,14001 NE Woodinville Duvall Road,FS_WA_Woodinville-Plaza_2026-05-06-163000_rwcn.pdf,/mnt/data/FS_WA_Woodinville-Plaza_2026-05-06-163000_rwcn.pdf,
KRG_WOODINVILLE_PLAZA_WA,Woodinville Plaza,Kite Realty Group,"Woodinville, WA",008,Trader Joe's,14216,Grocery,Kite Realty site plan,Food,10k+,Yes,No,Yes,Yes,No,Tenant/SF transcribed from Kite Realty market page/site plan PDF provided by user; some smaller/unclear labels were marked as Unidentified Tenant or Available where shown.,14001 NE Woodinville Duvall Road,FS_WA_Woodinville-Plaza_2026-05-06-163000_rwcn.pdf,/mnt/data/FS_WA_Woodinville-Plaza_2026-05-06-163000_rwcn.pdf,
KRG_WOODINVILLE_PLAZA_WA,Woodinville Plaza,Kite Realty Group,"Woodinville, WA",008A,Ulta Beauty,11013,Retail,Kite Realty site plan,Hard Goods,10k+,No,No,Yes,Yes,No,Tenant/SF transcribed from Kite Realty market page/site plan PDF provided by user; some smaller/unclear labels were marked as Unidentified Tenant or Available where shown.,14001 NE Woodinville Duvall Road,FS_WA_Woodinville-Plaza_2026-05-06-163000_rwcn.pdf,/mnt/data/FS_WA_Woodinville-Plaza_2026-05-06-163000_rwcn.pdf,
KRG_WOODINVILLE_PLAZA_WA,Woodinville Plaza,Kite Realty Group,"Woodinville, WA",008B,Old Navy,12632,Apparel,Kite Realty site plan,Soft Goods,10k+,No,No,Yes,Yes,No,Tenant/SF transcribed from Kite Realty market page/site plan PDF provided by user; some smaller/unclear labels were marked as Unidentified Tenant or Available where shown.,14001 NE Woodinville Duvall Road,FS_WA_Woodinville-Plaza_2026-05-06-163000_rwcn.pdf,/mnt/data/FS_WA_Woodinville-Plaza_2026-05-06-163000_rwcn.pdf,
KRG_WOODINVILLE_PLAZA_WA,Woodinville Plaza,Kite Realty Group,"Woodinville, WA",009,Unidentified Tenant,1275,Other,Kite Realty site plan,Other,0-3k,No,No,No,No,Yes,Tenant/SF transcribed from Kite Realty market page/site plan PDF provided by user; some smaller/unclear labels were marked as Unidentified Tenant or Available where shown.,14001 NE Woodinville Duvall Road,FS_WA_Woodinville-Plaza_2026-05-06-163000_rwcn.pdf,/mnt/data/FS_WA_Woodinville-Plaza_2026-05-06-163000_rwcn.pdf,
KRG_WOODINVILLE_PLAZA_WA,Woodinville Plaza,Kite Realty Group,"Woodinville, WA",010,Unidentified Tenant,1500,Other,Kite Realty site plan,Other,0-3k,No,No,No,No,Yes,Tenant/SF transcribed from Kite Realty market page/site plan PDF provided by user; some smaller/unclear labels were marked as Unidentified Tenant or Available where shown.,14001 NE Woodinville Duvall Road,FS_WA_Woodinville-Plaza_2026-05-06-163000_rwcn.pdf,/mnt/data/FS_WA_Woodinville-Plaza_2026-05-06-163000_rwcn.pdf,
KRG_WOODINVILLE_PLAZA_WA,Woodinville Plaza,Kite Realty Group,"Woodinville, WA",011,Available,1875,Available,Kite Realty site plan,Vacancy,0-3k,No,Yes,No,No,Yes,Tenant/SF transcribed from Kite Realty market page/site plan PDF provided by user; some smaller/unclear labels were marked as Unidentified Tenant or Available where shown.,14001 NE Woodinville Duvall Road,FS_WA_Woodinville-Plaza_2026-05-06-163000_rwcn.pdf,/mnt/data/FS_WA_Woodinville-Plaza_2026-05-06-163000_rwcn.pdf,
KRG_WOODINVILLE_PLAZA_WA,Woodinville Plaza,Kite Realty Group,"Woodinville, WA",012A,Unidentified Tenant,2500,Other,Kite Realty site plan,Other,0-3k,No,No,No,No,Yes,Tenant/SF transcribed from Kite Realty market page/site plan PDF provided by user; some smaller/unclear labels were marked as Unidentified Tenant or Available where shown.,14001 NE Woodinville Duvall Road,FS_WA_Woodinville-Plaza_2026-05-06-163000_rwcn.pdf,/mnt/data/FS_WA_Woodinville-Plaza_2026-05-06-163000_rwcn.pdf,
KRG_WOODINVILLE_PLAZA_WA,Woodinville Plaza,Kite Realty Group,"Woodinville, WA",012,Unidentified Tenant,4167,Other,Kite Realty site plan,Other,3k-10k,No,No,No,No,Yes,Tenant/SF transcribed from Kite Realty market page/site plan PDF provided by user; some smaller/unclear labels were marked as Unidentified Tenant or Available where shown.,14001 NE Woodinville Duvall Road,FS_WA_Woodinville-Plaza_2026-05-06-163000_rwcn.pdf,/mnt/data/FS_WA_Woodinville-Plaza_2026-05-06-163000_rwcn.pdf,
KRG_WOODINVILLE_PLAZA_WA,Woodinville Plaza,Kite Realty Group,"Woodinville, WA",013,Unidentified Tenant,1519,Other,Kite Realty site plan,Other,0-3k,No,No,No,No,Yes,Tenant/SF transcribed from Kite Realty market page/site plan PDF provided by user; some smaller/unclear labels were marked as Unidentified Tenant or Available where shown.,14001 NE Woodinville Duvall Road,FS_WA_Woodinville-Plaza_2026-05-06-163000_rwcn.pdf,/mnt/data/FS_WA_Woodinville-Plaza_2026-05-06-163000_rwcn.pdf,
KRG_WOODINVILLE_PLAZA_WA,Woodinville Plaza,Kite Realty Group,"Woodinville, WA",014,Unidentified Tenant,3395,Other,Kite Realty site plan,Other,3k-10k,No,No,No,No,Yes,Tenant/SF transcribed from Kite Realty market page/site plan PDF provided by user; some smaller/unclear labels were marked as Unidentified Tenant or Available where shown.,14001 NE Woodinville Duvall Road,FS_WA_Woodinville-Plaza_2026-05-06-163000_rwcn.pdf,/mnt/data/FS_WA_Woodinville-Plaza_2026-05-06-163000_rwcn.pdf,
KRG_WOODINVILLE_PLAZA_WA,Woodinville Plaza,Kite Realty Group,"Woodinville, WA",015,HomeGoods,23500,Retail,Kite Realty site plan,Hard Goods,10k+,No,No,Yes,Yes,No,Tenant/SF transcribed from Kite Realty market page/site plan PDF provided by user; some smaller/unclear labels were marked as Unidentified Tenant or Available where shown.,14001 NE Woodinville Duvall Road,FS_WA_Woodinville-Plaza_2026-05-06-163000_rwcn.pdf,/mnt/data/FS_WA_Woodinville-Plaza_2026-05-06-163000_rwcn.pdf,
KRG_WOODINVILLE_PLAZA_WA,Woodinville Plaza,Kite Realty Group,"Woodinville, WA",016,T.J.Maxx,30000,Apparel,Kite Realty site plan,Soft Goods,10k+,No,No,Yes,Yes,No,Tenant/SF transcribed from Kite Realty market page/site plan PDF provided by user; some smaller/unclear labels were marked as Unidentified Tenant or Available where shown.,14001 NE Woodinville Duvall Road,FS_WA_Woodinville-Plaza_2026-05-06-163000_rwcn.pdf,/mnt/data/FS_WA_Woodinville-Plaza_2026-05-06-163000_rwcn.pdf,
KRG_WOODINVILLE_PLAZA_WA,Woodinville Plaza,Kite Realty Group,"Woodinville, WA",017,Sugar & Sweets Bakery,1211,Restaurant,Kite Realty site plan,Food,0-3k,No,No,No,No,Yes,Tenant/SF transcribed from Kite Realty market page/site plan PDF provided by user; some smaller/unclear labels were marked as Unidentified Tenant or Available where shown.,14001 NE Woodinville Duvall Road,FS_WA_Woodinville-Plaza_2026-05-06-163000_rwcn.pdf,/mnt/data/FS_WA_Woodinville-Plaza_2026-05-06-163000_rwcn.pdf,
KRG_WOODINVILLE_PLAZA_WA,Woodinville Plaza,Kite Realty Group,"Woodinville, WA",018,Unidentified Tenant,900,Other,Kite Realty site plan,Other,0-3k,No,No,No,No,Yes,Tenant/SF transcribed from Kite Realty market page/site plan PDF provided by user; some smaller/unclear labels were marked as Unidentified Tenant or Available where shown.,14001 NE Woodinville Duvall Road,FS_WA_Woodinville-Plaza_2026-05-06-163000_rwcn.pdf,/mnt/data/FS_WA_Woodinville-Plaza_2026-05-06-163000_rwcn.pdf,
KRG_WOODINVILLE_PLAZA_WA,Woodinville Plaza,Kite Realty Group,"Woodinville, WA",019,Unidentified Tenant,1500,Other,Kite Realty site plan,Other,0-3k,No,No,No,No,Yes,Tenant/SF transcribed from Kite Realty market page/site plan PDF provided by user; some smaller/unclear labels were marked as Unidentified Tenant or Available where shown.,14001 NE Woodinville Duvall Road,FS_WA_Woodinville-Plaza_2026-05-06-163000_rwcn.pdf,/mnt/data/FS_WA_Woodinville-Plaza_2026-05-06-163000_rwcn.pdf,
KRG_WOODINVILLE_PLAZA_WA,Woodinville Plaza,Kite Realty Group,"Woodinville, WA",021,The Gift Horse Saddlery,3600,Retail,Kite Realty site plan,Hard Goods,3k-10k,No,No,No,No,Yes,Tenant/SF transcribed from Kite Realty market page/site plan PDF provided by user; some smaller/unclear labels were marked as Unidentified Tenant or Available where shown.,14001 NE Woodinville Duvall Road,FS_WA_Woodinville-Plaza_2026-05-06-163000_rwcn.pdf,/mnt/data/FS_WA_Woodinville-Plaza_2026-05-06-163000_rwcn.pdf,
KRG_WOODINVILLE_PLAZA_WA,Woodinville Plaza,Kite Realty Group,"Woodinville, WA",023,Unidentified Tenant,2400,Other,Kite Realty site plan,Other,0-3k,No,No,No,No,Yes,Tenant/SF transcribed from Kite Realty market page/site plan PDF provided by user; some smaller/unclear labels were marked as Unidentified Tenant or Available where shown.,14001 NE Woodinville Duvall Road,FS_WA_Woodinville-Plaza_2026-05-06-163000_rwcn.pdf,/mnt/data/FS_WA_Woodinville-Plaza_2026-05-06-163000_rwcn.pdf,
KRG_WOODINVILLE_PLAZA_WA,Woodinville Plaza,Kite Realty Group,"Woodinville, WA",024,Matsu Teriyaki,1200,Restaurant,Kite Realty site plan,Food,0-3k,No,No,No,No,Yes,Tenant/SF transcribed from Kite Realty market page/site plan PDF provided by user; some smaller/unclear labels were marked as Unidentified Tenant or Available where shown.,14001 NE Woodinville Duvall Road,FS_WA_Woodinville-Plaza_2026-05-06-163000_rwcn.pdf,/mnt/data/FS_WA_Woodinville-Plaza_2026-05-06-163000_rwcn.pdf,
KRG_WOODINVILLE_PLAZA_WA,Woodinville Plaza,Kite Realty Group,"Woodinville, WA",025,Unidentified Tenant,2400,Other,Kite Realty site plan,Other,0-3k,No,No,No,No,Yes,Tenant/SF transcribed from Kite Realty market page/site plan PDF provided by user; some smaller/unclear labels were marked as Unidentified Tenant or Available where shown.,14001 NE Woodinville Duvall Road,FS_WA_Woodinville-Plaza_2026-05-06-163000_rwcn.pdf,/mnt/data/FS_WA_Woodinville-Plaza_2026-05-06-163000_rwcn.pdf,
KRG_WOODINVILLE_PLAZA_WA,Woodinville Plaza,Kite Realty Group,"Woodinville, WA",027,Unidentified Tenant,1198,Other,Kite Realty site plan,Other,0-3k,No,No,No,No,Yes,Tenant/SF transcribed from Kite Realty market page/site plan PDF provided by user; some smaller/unclear labels were marked as Unidentified Tenant or Available where shown.,14001 NE Woodinville Duvall Road,FS_WA_Woodinville-Plaza_2026-05-06-163000_rwcn.pdf,/mnt/data/FS_WA_Woodinville-Plaza_2026-05-06-163000_rwcn.pdf,
KRG_WOODINVILLE_PLAZA_WA,Woodinville Plaza,Kite Realty Group,"Woodinville, WA",028,Barber Shop,3375,Service,Kite Realty site plan,Service,3k-10k,No,No,No,No,Yes,Tenant/SF transcribed from Kite Realty market page/site plan PDF provided by user; some smaller/unclear labels were marked as Unidentified Tenant or Available where shown.,14001 NE Woodinville Duvall Road,FS_WA_Woodinville-Plaza_2026-05-06-163000_rwcn.pdf,/mnt/data/FS_WA_Woodinville-Plaza_2026-05-06-163000_rwcn.pdf,
KRG_WOODINVILLE_PLAZA_WA,Woodinville Plaza,Kite Realty Group,"Woodinville, WA",029,Unidentified Tenant,1125,Other,Kite Realty site plan,Other,0-3k,No,No,No,No,Yes,Tenant/SF transcribed from Kite Realty market page/site plan PDF provided by user; some smaller/unclear labels were marked as Unidentified Tenant or Available where shown.,14001 NE Woodinville Duvall Road,FS_WA_Woodinville-Plaza_2026-05-06-163000_rwcn.pdf,/mnt/data/FS_WA_Woodinville-Plaza_2026-05-06-163000_rwcn.pdf,
KRG_WOODINVILLE_PLAZA_WA,Woodinville Plaza,Kite Realty Group,"Woodinville, WA",030,Master Lee's Tae Kwon Do,3000,Service,Kite Realty site plan,Service,3k-10k,No,No,No,No,Yes,Tenant/SF transcribed from Kite Realty market page/site plan PDF provided by user; some smaller/unclear labels were marked as Unidentified Tenant or Available where shown.,14001 NE Woodinville Duvall Road,FS_WA_Woodinville-Plaza_2026-05-06-163000_rwcn.pdf,/mnt/data/FS_WA_Woodinville-Plaza_2026-05-06-163000_rwcn.pdf,
KRG_WOODINVILLE_PLAZA_WA,Woodinville Plaza,Kite Realty Group,"Woodinville, WA",031,Unidentified Tenant,1875,Other,Kite Realty site plan,Other,0-3k,No,No,No,No,Yes,Tenant/SF transcribed from Kite Realty market page/site plan PDF provided by user; some smaller/unclear labels were marked as Unidentified Tenant or Available where shown.,14001 NE Woodinville Duvall Road,FS_WA_Woodinville-Plaza_2026-05-06-163000_rwcn.pdf,/mnt/data/FS_WA_Woodinville-Plaza_2026-05-06-163000_rwcn.pdf,
KRG_WOODINVILLE_PLAZA_WA,Woodinville Plaza,Kite Realty Group,"Woodinville, WA",032,Chan's Place,5625,Other,Kite Realty site plan,Other,3k-10k,No,No,No,No,Yes,Tenant/SF transcribed from Kite Realty market page/site plan PDF provided by user; some smaller/unclear labels were marked as Unidentified Tenant or Available where shown.,14001 NE Woodinville Duvall Road,FS_WA_Woodinville-Plaza_2026-05-06-163000_rwcn.pdf,/mnt/data/FS_WA_Woodinville-Plaza_2026-05-06-163000_rwcn.pdf,
KRG_WOODINVILLE_PLAZA_WA,Woodinville Plaza,Kite Realty Group,"Woodinville, WA",033A,Unidentified Tenant,1902,Other,Kite Realty site plan,Other,0-3k,No,No,No,No,Yes,Tenant/SF transcribed from Kite Realty market page/site plan PDF provided by user; some smaller/unclear labels were marked as Unidentified Tenant or Available where shown.,14001 NE Woodinville Duvall Road,FS_WA_Woodinville-Plaza_2026-05-06-163000_rwcn.pdf,/mnt/data/FS_WA_Woodinville-Plaza_2026-05-06-163000_rwcn.pdf,
KRG_WOODINVILLE_PLAZA_WA,Woodinville Plaza,Kite Realty Group,"Woodinville, WA",033,Unidentified Tenant,2576,Other,Kite Realty site plan,Other,0-3k,No,No,No,No,Yes,Tenant/SF transcribed from Kite Realty market page/site plan PDF provided by user; some smaller/unclear labels were marked as Unidentified Tenant or Available where shown.,14001 NE Woodinville Duvall Road,FS_WA_Woodinville-Plaza_2026-05-06-163000_rwcn.pdf,/mnt/data/FS_WA_Woodinville-Plaza_2026-05-06-163000_rwcn.pdf,
KRG_WOODINVILLE_PLAZA_WA,Woodinville Plaza,Kite Realty Group,"Woodinville, WA",034,Unidentified Tenant,3526,Other,Kite Realty site plan,Other,3k-10k,No,No,No,No,Yes,Tenant/SF transcribed from Kite Realty market page/site plan PDF provided by user; some smaller/unclear labels were marked as Unidentified Tenant or Available where shown.,14001 NE Woodinville Duvall Road,FS_WA_Woodinville-Plaza_2026-05-06-163000_rwcn.pdf,/mnt/data/FS_WA_Woodinville-Plaza_2026-05-06-163000_rwcn.pdf,
EDENS_ROCKLIN_COMMONS_CA,Rocklin Commons,EDENS,"Rocklin, CA",Major A,Target,137000,Discount Retail,Gallelli leasing brochure / EDENS property page,Hard Goods,10k+,No,No,Yes,Yes,No,"Tenant/SF transcribed from Rocklin Commons leasing brochure/site plan; EDENS current page was used for address, GLA, and current 3/5-mile demographics.","5116 Commons Dr, Suite 103",property-2423-asset-20371.pdf,https://gallellire.com/wp-content/uploads/2023/11/property-2423-asset-20371.pdf,
EDENS_ROCKLIN_COMMONS_CA,Rocklin Commons,EDENS,"Rocklin, CA",Major C,Ross,25000,Apparel,Gallelli leasing brochure / EDENS property page,Soft Goods,10k+,No,No,Yes,Yes,No,"Tenant/SF transcribed from Rocklin Commons leasing brochure/site plan; EDENS current page was used for address, GLA, and current 3/5-mile demographics.","5116 Commons Dr, Suite 103",property-2423-asset-20371.pdf,https://gallellire.com/wp-content/uploads/2023/11/property-2423-asset-20371.pdf,
EDENS_ROCKLIN_COMMONS_CA,Rocklin Commons,EDENS,"Rocklin, CA",Major D-Suite 101,Available,16523,Available,Gallelli leasing brochure / EDENS property page,Vacancy,10k+,No,Yes,Yes,No,No,"Tenant/SF transcribed from Rocklin Commons leasing brochure/site plan; EDENS current page was used for address, GLA, and current 3/5-mile demographics.","5116 Commons Dr, Suite 103",property-2423-asset-20371.pdf,https://gallellire.com/wp-content/uploads/2023/11/property-2423-asset-20371.pdf,
EDENS_ROCKLIN_COMMONS_CA,Rocklin Commons,EDENS,"Rocklin, CA",Major D-Suite 103,Trader Joe's,15232,Grocery,Gallelli leasing brochure / EDENS property page,Grocery,10k+,Yes,No,Yes,Yes,No,"Tenant/SF transcribed from Rocklin Commons leasing brochure/site plan; EDENS current page was used for address, GLA, and current 3/5-mile demographics.","5116 Commons Dr, Suite 103",property-2423-asset-20371.pdf,https://gallellire.com/wp-content/uploads/2023/11/property-2423-asset-20371.pdf,
EDENS_ROCKLIN_COMMONS_CA,Rocklin Commons,EDENS,"Rocklin, CA",Major F,Studio Movie Grill,35000,Entertainment,Gallelli leasing brochure / EDENS property page,Other,10k+,No,No,Yes,Yes,No,"Tenant/SF transcribed from Rocklin Commons leasing brochure/site plan; EDENS current page was used for address, GLA, and current 3/5-mile demographics.","5116 Commons Dr, Suite 103",property-2423-asset-20371.pdf,https://gallellire.com/wp-content/uploads/2023/11/property-2423-asset-20371.pdf,
EDENS_ROCKLIN_COMMONS_CA,Rocklin Commons,EDENS,"Rocklin, CA",B-101,Bath & Body Works,4015,Beauty,Gallelli leasing brochure / EDENS property page,Service,3k-10k,No,No,No,No,Yes,"Tenant/SF transcribed from Rocklin Commons leasing brochure/site plan; EDENS current page was used for address, GLA, and current 3/5-mile demographics.","5116 Commons Dr, Suite 103",property-2423-asset-20371.pdf,https://gallellire.com/wp-content/uploads/2023/11/property-2423-asset-20371.pdf,
EDENS_ROCKLIN_COMMONS_CA,Rocklin Commons,EDENS,"Rocklin, CA",B-103,Five Below,10585,Discount Retail,Gallelli leasing brochure / EDENS property page,Hard Goods,10k+,No,No,Yes,No,No,"Tenant/SF transcribed from Rocklin Commons leasing brochure/site plan; EDENS current page was used for address, GLA, and current 3/5-mile demographics.","5116 Commons Dr, Suite 103",property-2423-asset-20371.pdf,https://gallellire.com/wp-content/uploads/2023/11/property-2423-asset-20371.pdf,
EDENS_ROCKLIN_COMMONS_CA,Rocklin Commons,EDENS,"Rocklin, CA",Shops E,ULTA,10800,Beauty,Gallelli leasing brochure / EDENS property page,Service,10k+,No,No,Yes,Yes,No,"Tenant/SF transcribed from Rocklin Commons leasing brochure/site plan; EDENS current page was used for address, GLA, and current 3/5-mile demographics.","5116 Commons Dr, Suite 103",property-2423-asset-20371.pdf,https://gallellire.com/wp-content/uploads/2023/11/property-2423-asset-20371.pdf,
EDENS_ROCKLIN_COMMONS_CA,Rocklin Commons,EDENS,"Rocklin, CA",G-101,W. Salon Suites,12880,Beauty,Gallelli leasing brochure / EDENS property page,Service,10k+,No,No,Yes,No,No,"Tenant/SF transcribed from Rocklin Commons leasing brochure/site plan; EDENS current page was used for address, GLA, and current 3/5-mile demographics.","5116 Commons Dr, Suite 103",property-2423-asset-20371.pdf,https://gallellire.com/wp-content/uploads/2023/11/property-2423-asset-20371.pdf,
EDENS_ROCKLIN_COMMONS_CA,Rocklin Commons,EDENS,"Rocklin, CA",G-111,Jersey Mike's,1600,Restaurant,Gallelli leasing brochure / EDENS property page,Food,0-3k,No,No,No,No,Yes,"Tenant/SF transcribed from Rocklin Commons leasing brochure/site plan; EDENS current page was used for address, GLA, and current 3/5-mile demographics.","5116 Commons Dr, Suite 103",property-2423-asset-20371.pdf,https://gallellire.com/wp-content/uploads/2023/11/property-2423-asset-20371.pdf,
EDENS_ROCKLIN_COMMONS_CA,Rocklin Commons,EDENS,"Rocklin, CA",G-112,Available,1600,Available,Gallelli leasing brochure / EDENS property page,Vacancy,0-3k,No,Yes,No,No,Yes,"Tenant/SF transcribed from Rocklin Commons leasing brochure/site plan; EDENS current page was used for address, GLA, and current 3/5-mile demographics.","5116 Commons Dr, Suite 103",property-2423-asset-20371.pdf,https://gallellire.com/wp-content/uploads/2023/11/property-2423-asset-20371.pdf,
EDENS_ROCKLIN_COMMONS_CA,Rocklin Commons,EDENS,"Rocklin, CA",G-113,Available,2020,Available,Gallelli leasing brochure / EDENS property page,Vacancy,0-3k,No,Yes,No,No,Yes,"Tenant/SF transcribed from Rocklin Commons leasing brochure/site plan; EDENS current page was used for address, GLA, and current 3/5-mile demographics.","5116 Commons Dr, Suite 103",property-2423-asset-20371.pdf,https://gallellire.com/wp-content/uploads/2023/11/property-2423-asset-20371.pdf,
EDENS_ROCKLIN_COMMONS_CA,Rocklin Commons,EDENS,"Rocklin, CA",G-114,Available,2700,Available,Gallelli leasing brochure / EDENS property page,Vacancy,0-3k,No,Yes,No,No,Yes,"Tenant/SF transcribed from Rocklin Commons leasing brochure/site plan; EDENS current page was used for address, GLA, and current 3/5-mile demographics.","5116 Commons Dr, Suite 103",property-2423-asset-20371.pdf,https://gallellire.com/wp-content/uploads/2023/11/property-2423-asset-20371.pdf,
EDENS_ROCKLIN_COMMONS_CA,Rocklin Commons,EDENS,"Rocklin, CA",H-101,The Brass Tap,2600,Restaurant,Gallelli leasing brochure / EDENS property page,Food,0-3k,No,No,No,No,Yes,"Tenant/SF transcribed from Rocklin Commons leasing brochure/site plan; EDENS current page was used for address, GLA, and current 3/5-mile demographics.","5116 Commons Dr, Suite 103",property-2423-asset-20371.pdf,https://gallellire.com/wp-content/uploads/2023/11/property-2423-asset-20371.pdf,
EDENS_ROCKLIN_COMMONS_CA,Rocklin Commons,EDENS,"Rocklin, CA",H-103,Available,3000,Available,Gallelli leasing brochure / EDENS property page,Vacancy,0-3k,No,Yes,No,No,Yes,"Tenant/SF transcribed from Rocklin Commons leasing brochure/site plan; EDENS current page was used for address, GLA, and current 3/5-mile demographics.","5116 Commons Dr, Suite 103",property-2423-asset-20371.pdf,https://gallellire.com/wp-content/uploads/2023/11/property-2423-asset-20371.pdf,
EDENS_ROCKLIN_COMMONS_CA,Rocklin Commons,EDENS,"Rocklin, CA",7-101,Chipotle,2015,Restaurant,Gallelli leasing brochure / EDENS property page,Food,0-3k,No,No,No,No,Yes,"Tenant/SF transcribed from Rocklin Commons leasing brochure/site plan; EDENS current page was used for address, GLA, and current 3/5-mile demographics.","5116 Commons Dr, Suite 103",property-2423-asset-20371.pdf,https://gallellire.com/wp-content/uploads/2023/11/property-2423-asset-20371.pdf,
EDENS_ROCKLIN_COMMONS_CA,Rocklin Commons,EDENS,"Rocklin, CA",7-103,Menchie's,1200,Coffee/Dessert,Gallelli leasing brochure / EDENS property page,Food,0-3k,No,No,No,No,Yes,"Tenant/SF transcribed from Rocklin Commons leasing brochure/site plan; EDENS current page was used for address, GLA, and current 3/5-mile demographics.","5116 Commons Dr, Suite 103",property-2423-asset-20371.pdf,https://gallellire.com/wp-content/uploads/2023/11/property-2423-asset-20371.pdf,
EDENS_ROCKLIN_COMMONS_CA,Rocklin Commons,EDENS,"Rocklin, CA",7-104,Go Wireless by Verizon,1560,Office/Tech,Gallelli leasing brochure / EDENS property page,Hard Goods,0-3k,No,No,No,No,Yes,"Tenant/SF transcribed from Rocklin Commons leasing brochure/site plan; EDENS current page was used for address, GLA, and current 3/5-mile demographics.","5116 Commons Dr, Suite 103",property-2423-asset-20371.pdf,https://gallellire.com/wp-content/uploads/2023/11/property-2423-asset-20371.pdf,
EDENS_ROCKLIN_COMMONS_CA,Rocklin Commons,EDENS,"Rocklin, CA",7-105,Sassy Nails,1300,Beauty,Gallelli leasing brochure / EDENS property page,Service,0-3k,No,No,No,No,Yes,"Tenant/SF transcribed from Rocklin Commons leasing brochure/site plan; EDENS current page was used for address, GLA, and current 3/5-mile demographics.","5116 Commons Dr, Suite 103",property-2423-asset-20371.pdf,https://gallellire.com/wp-content/uploads/2023/11/property-2423-asset-20371.pdf,
EDENS_ROCKLIN_COMMONS_CA,Rocklin Commons,EDENS,"Rocklin, CA",7-106,Supercuts,975,Beauty,Gallelli leasing brochure / EDENS property page,Service,0-3k,No,No,No,No,Yes,"Tenant/SF transcribed from Rocklin Commons leasing brochure/site plan; EDENS current page was used for address, GLA, and current 3/5-mile demographics.","5116 Commons Dr, Suite 103",property-2423-asset-20371.pdf,https://gallellire.com/wp-content/uploads/2023/11/property-2423-asset-20371.pdf,
EDENS_ROCKLIN_COMMONS_CA,Rocklin Commons,EDENS,"Rocklin, CA",7-107,Crumbl Cookies,1333,Coffee/Dessert,Gallelli leasing brochure / EDENS property page,Food,0-3k,No,No,No,No,Yes,"Tenant/SF transcribed from Rocklin Commons leasing brochure/site plan; EDENS current page was used for address, GLA, and current 3/5-mile demographics.","5116 Commons Dr, Suite 103",property-2423-asset-20371.pdf,https://gallellire.com/wp-content/uploads/2023/11/property-2423-asset-20371.pdf,
EDENS_ROCKLIN_COMMONS_CA,Rocklin Commons,EDENS,"Rocklin, CA",7-108,Available,1105,Available,Gallelli leasing brochure / EDENS property page,Vacancy,0-3k,No,Yes,No,No,Yes,"Tenant/SF transcribed from Rocklin Commons leasing brochure/site plan; EDENS current page was used for address, GLA, and current 3/5-mile demographics.","5116 Commons Dr, Suite 103",property-2423-asset-20371.pdf,https://gallellire.com/wp-content/uploads/2023/11/property-2423-asset-20371.pdf,
EDENS_ROCKLIN_COMMONS_CA,Rocklin Commons,EDENS,"Rocklin, CA",7-109,Subway,1105,Restaurant,Gallelli leasing brochure / EDENS property page,Food,0-3k,No,No,No,No,Yes,"Tenant/SF transcribed from Rocklin Commons leasing brochure/site plan; EDENS current page was used for address, GLA, and current 3/5-mile demographics.","5116 Commons Dr, Suite 103",property-2423-asset-20371.pdf,https://gallellire.com/wp-content/uploads/2023/11/property-2423-asset-20371.pdf,
EDENS_ROCKLIN_COMMONS_CA,Rocklin Commons,EDENS,"Rocklin, CA",7-110,Mooyah Burger,2405,Restaurant,Gallelli leasing brochure / EDENS property page,Food,0-3k,No,No,No,No,Yes,"Tenant/SF transcribed from Rocklin Commons leasing brochure/site plan; EDENS current page was used for address, GLA, and current 3/5-mile demographics.","5116 Commons Dr, Suite 103",property-2423-asset-20371.pdf,https://gallellire.com/wp-content/uploads/2023/11/property-2423-asset-20371.pdf,
EDENS_ROCKLIN_COMMONS_CA,Rocklin Commons,EDENS,"Rocklin, CA",8-101,Noodles & Company,2650,Restaurant,Gallelli leasing brochure / EDENS property page,Food,0-3k,No,No,No,No,Yes,"Tenant/SF transcribed from Rocklin Commons leasing brochure/site plan; EDENS current page was used for address, GLA, and current 3/5-mile demographics.","5116 Commons Dr, Suite 103",property-2423-asset-20371.pdf,https://gallellire.com/wp-content/uploads/2023/11/property-2423-asset-20371.pdf,
EDENS_ROCKLIN_COMMONS_CA,Rocklin Commons,EDENS,"Rocklin, CA",8-102,T-Mobile,1350,Office/Tech,Gallelli leasing brochure / EDENS property page,Hard Goods,0-3k,No,No,No,No,Yes,"Tenant/SF transcribed from Rocklin Commons leasing brochure/site plan; EDENS current page was used for address, GLA, and current 3/5-mile demographics.","5116 Commons Dr, Suite 103",property-2423-asset-20371.pdf,https://gallellire.com/wp-content/uploads/2023/11/property-2423-asset-20371.pdf,
EDENS_ROCKLIN_COMMONS_CA,Rocklin Commons,EDENS,"Rocklin, CA",8-103,The Great Greek,2000,Restaurant,Gallelli leasing brochure / EDENS property page,Food,0-3k,No,No,No,No,Yes,"Tenant/SF transcribed from Rocklin Commons leasing brochure/site plan; EDENS current page was used for address, GLA, and current 3/5-mile demographics.","5116 Commons Dr, Suite 103",property-2423-asset-20371.pdf,https://gallellire.com/wp-content/uploads/2023/11/property-2423-asset-20371.pdf,
EDENS_ROCKLIN_COMMONS_CA,Rocklin Commons,EDENS,"Rocklin, CA",11-101,Pacific Dental,3000,Medical,Gallelli leasing brochure / EDENS property page,Service,0-3k,No,No,No,No,Yes,"Tenant/SF transcribed from Rocklin Commons leasing brochure/site plan; EDENS current page was used for address, GLA, and current 3/5-mile demographics.","5116 Commons Dr, Suite 103",property-2423-asset-20371.pdf,https://gallellire.com/wp-content/uploads/2023/11/property-2423-asset-20371.pdf,
EDENS_ROCKLIN_COMMONS_CA,Rocklin Commons,EDENS,"Rocklin, CA",11-103,European Wax Center,2000,Beauty,Gallelli leasing brochure / EDENS property page,Service,0-3k,No,No,No,No,Yes,"Tenant/SF transcribed from Rocklin Commons leasing brochure/site plan; EDENS current page was used for address, GLA, and current 3/5-mile demographics.","5116 Commons Dr, Suite 103",property-2423-asset-20371.pdf,https://gallellire.com/wp-content/uploads/2023/11/property-2423-asset-20371.pdf,
EDENS_ROCKLIN_COMMONS_CA,Rocklin Commons,EDENS,"Rocklin, CA",Pad 1,Panera Bread,4200,Restaurant,Gallelli leasing brochure / EDENS property page,Food,3k-10k,No,No,No,No,Yes,"Tenant/SF transcribed from Rocklin Commons leasing brochure/site plan; EDENS current page was used for address, GLA, and current 3/5-mile demographics.","5116 Commons Dr, Suite 103",property-2423-asset-20371.pdf,https://gallellire.com/wp-content/uploads/2023/11/property-2423-asset-20371.pdf,
EDENS_ROCKLIN_COMMONS_CA,Rocklin Commons,EDENS,"Rocklin, CA",Pad 2,Available - Future Phase,5000,Available,Gallelli leasing brochure / EDENS property page,Vacancy,3k-10k,No,Yes,No,No,Yes,"Tenant/SF transcribed from Rocklin Commons leasing brochure/site plan; EDENS current page was used for address, GLA, and current 3/5-mile demographics.","5116 Commons Dr, Suite 103",property-2423-asset-20371.pdf,https://gallellire.com/wp-content/uploads/2023/11/property-2423-asset-20371.pdf,
EDENS_ROCKLIN_COMMONS_CA,Rocklin Commons,EDENS,"Rocklin, CA",Pad 3,Available - Future Phase,6500,Available,Gallelli leasing brochure / EDENS property page,Vacancy,3k-10k,No,Yes,No,No,Yes,"Tenant/SF transcribed from Rocklin Commons leasing brochure/site plan; EDENS current page was used for address, GLA, and current 3/5-mile demographics.","5116 Commons Dr, Suite 103",property-2423-asset-20371.pdf,https://gallellire.com/wp-content/uploads/2023/11/property-2423-asset-20371.pdf,
EDENS_ROCKLIN_COMMONS_CA,Rocklin Commons,EDENS,"Rocklin, CA",Pad 4,Available - Future Phase,6500,Available,Gallelli leasing brochure / EDENS property page,Vacancy,3k-10k,No,Yes,No,No,Yes,"Tenant/SF transcribed from Rocklin Commons leasing brochure/site plan; EDENS current page was used for address, GLA, and current 3/5-mile demographics.","5116 Commons Dr, Suite 103",property-2423-asset-20371.pdf,https://gallellire.com/wp-content/uploads/2023/11/property-2423-asset-20371.pdf,
EDENS_ROCKLIN_COMMONS_CA,Rocklin Commons,EDENS,"Rocklin, CA",Pad 5,Available - Future Phase,7725,Available,Gallelli leasing brochure / EDENS property page,Vacancy,3k-10k,No,Yes,No,No,Yes,"Tenant/SF transcribed from Rocklin Commons leasing brochure/site plan; EDENS current page was used for address, GLA, and current 3/5-mile demographics.","5116 Commons Dr, Suite 103",property-2423-asset-20371.pdf,https://gallellire.com/wp-content/uploads/2023/11/property-2423-asset-20371.pdf,
EDENS_ROCKLIN_COMMONS_CA,Rocklin Commons,EDENS,"Rocklin, CA",Pad 6,Available - Future Phase,5630,Available,Gallelli leasing brochure / EDENS property page,Vacancy,3k-10k,No,Yes,No,No,Yes,"Tenant/SF transcribed from Rocklin Commons leasing brochure/site plan; EDENS current page was used for address, GLA, and current 3/5-mile demographics.","5116 Commons Dr, Suite 103",property-2423-asset-20371.pdf,https://gallellire.com/wp-content/uploads/2023/11/property-2423-asset-20371.pdf,
EDENS_ROCKLIN_COMMONS_CA,Rocklin Commons,EDENS,"Rocklin, CA",Pad 9,Available - Future Phase,5000,Available,Gallelli leasing brochure / EDENS property page,Vacancy,3k-10k,No,Yes,No,No,Yes,"Tenant/SF transcribed from Rocklin Commons leasing brochure/site plan; EDENS current page was used for address, GLA, and current 3/5-mile demographics.","5116 Commons Dr, Suite 103",property-2423-asset-20371.pdf,https://gallellire.com/wp-content/uploads/2023/11/property-2423-asset-20371.pdf,
EDENS_ROCKLIN_COMMONS_CA,Rocklin Commons,EDENS,"Rocklin, CA",Pad 10,Available - Future Phase,5000,Available,Gallelli leasing brochure / EDENS property page,Vacancy,3k-10k,No,Yes,No,No,Yes,"Tenant/SF transcribed from Rocklin Commons leasing brochure/site plan; EDENS current page was used for address, GLA, and current 3/5-mile demographics.","5116 Commons Dr, Suite 103",property-2423-asset-20371.pdf,https://gallellire.com/wp-content/uploads/2023/11/property-2423-asset-20371.pdf,
EDENS_ROCKLIN_COMMONS_CA,Rocklin Commons,EDENS,"Rocklin, CA",Pad 12,Available - Future Phase,6000,Available,Gallelli leasing brochure / EDENS property page,Vacancy,3k-10k,No,Yes,No,No,Yes,"Tenant/SF transcribed from Rocklin Commons leasing brochure/site plan; EDENS current page was used for address, GLA, and current 3/5-mile demographics.","5116 Commons Dr, Suite 103",property-2423-asset-20371.pdf,https://gallellire.com/wp-content/uploads/2023/11/property-2423-asset-20371.pdf,
